{"title":"历史学专业","desc":"来源: 历史文化学院官网","time":"2021年7月4","shareable":true,"content":[{"tag":"title","text":"专业简介"},{"tag":"p","text":["为非公费师范类专业，旨在培养能适应现代社会发展需要、拥有健康体魄和完美人格、具备良好人文底蕴和专业素养的历史学专门人才。按照“宽口径、厚基础、精专业”的培养模式，帮助学生树立完善的世界观，确立现代公民意识和社会责任感。注重文、史、哲等诸学科知识的交叉与综合，着力营建学生坚实的史学知识基础和理论体系，使学生成为具有自主学习能力，创新意识，儒雅的风范，高尚的志趣和优雅得体的谈吐的学习者、研究者，毕业后有能力攻读历史专业硕士研究生并胜任历史学科的基础教学和研究工作，成为现代社会高层次复合型历史专业人才。"],"style":"text-indent: 1.5em; "},{"tag":"title","text":"学费价格"},{"tag":"p","text":["历史学学费为 ￥3850/年"],"style":"text-indent: 1.5em; "},{"tag":"title","text":"主干课程"},{"tag":"ul","text":["中国思想史","西方思想史","史学通论","古代汉语","文学概论","哲学通论","现代西方哲学思潮","中国古代史","中国近代史","中国现代史","中华人民共和国史","世界古代史","世界近代史","世界现代史","世界当代史","中国历史地理","中国史学史","西方史学史","中国历史文选","外国史文选","考古学概论"]},{"tag":"title","text":"就业方向"},{"tag":"p","text":["从事历史学科研究或历史学科基础教育工作。"],"style":"text-indent: 1.5em; "}],"images":[],"id":"intro/school/history/history","scopeData":{"@type":"general","uniq_id":"intro/school/history/history","title":"历史学专业","digest":"为非公费师范类专业，旨在培养能适应现代社会发展需要、拥有健康体魄和完美人格、具备良好人文底蕴和专业素养的历史学专门人才。按照“宽口径、厚基础、精专业”的培养模式，帮助学生树立完善的世界观，确立现代公民意识和社会责任感。注重文、史、哲等诸学科","thumbs":["https://mp.innenu.com/img/inNENU.jpg"],"tags":["专业简介","学费价格","主干课程","就业方向"]}}