{"title":"各学院教务秘书电话","author":"Mr.Hope","time":"2021年7月9日","shareable":true,"content":[{"tag":"img","src":"https://mp.innenu.com/img/apartment/education-contact.png"}],"images":["https://mp.innenu.com/img/apartment/education-contact.png"],"id":"intro/apartment/course/contact","scopeData":{"@type":"general","uniq_id":"intro/apartment/course/contact","cover":"https://mp.innenu.com/img/apartment/education-contact.png","title":"各学院教务秘书电话","digest":"","thumbs":["https://mp.innenu.com/img/apartment/education-contact.png"],"tags":[]}}