{"title":"传媒科学学院","grey":true,"author":"Mr.Hope","time":"2021年7月9日","shareable":true,"content":[{"tag":"list","content":[{"text":"学院简介","icon":"about","path":"intro/school/media/intro"},{"text":"专业介绍","icon":"info","path":"intro/school/media/enroll"}]},{"tag":"copy","header":"官网地址","text":"http://chuanmei.nenu.edu.cn/"}],"images":[],"id":"intro/school/media/index","scopeData":{"@type":"general","uniq_id":"intro/school/media/index","title":"传媒科学学院","digest":"","thumbs":["https://mp.innenu.com/img/inNENU.jpg"],"tags":[]}}