{"title":"政治学类介绍","author":"Mr.Hope","time":"2021年7月9日","shareable":true,"content":[{"tag":"title","text":"专业简介"},{"tag":"p","text":["2015 年开始政治学大类招生。学生进校两年后，根据个人意愿和学院专业设置情况可向国际政治、政治学与行政学、法学、行政管理四个专业分流。","政治学类所有学费均为 3850 元/年。"],"style":"text-indent: 1.5em; "},{"tag":"list","header":"专业介绍","content":[{"text":"国际政治","path":"intro/school/politics/international"},{"text":"政治学与行政学","path":"intro/school/politics/politics"},{"text":"法学","path":"intro/school/politics/law"},{"text":"行政管理","path":"intro/school/politics/manage"}]}],"images":[],"id":"intro/school/politics/class","scopeData":{"@type":"general","uniq_id":"intro/school/politics/class","title":"政治学类介绍","digest":"2015 年开始政治学大类招生。学生进校两年后，根据个人意愿和学院专业设置情况可向国际政治、政治学与行政学、法学、行政管理四个专业分流。 政治学类所有学费均为 3850 元/年。","thumbs":["https://mp.innenu.com/img/inNENU.jpg"],"tags":["专业简介"]}}