{"title":"法学专业","desc":"来源: 2021年本科招生指南","time":"2021年7月11日","shareable":true,"content":[{"tag":"title","text":"专业介绍"},{"tag":"p","text":["为普通类专业，国家一流本科专业，旨在培养适应社会主义法治建设需要，能够从事立法、司法、行政执法、法律服务等法律相关工作的高素质应用型法律专门人才。"],"style":"text-indent: 1.5em; "},{"tag":"title","text":"主干课程"},{"tag":"ul","text":["法理学","宪法学","行政法","民法，商法","经济法","刑法","习近平法治思想概论","劳动与社会保障法","国际法","诉讼法"]},{"tag":"title","text":"就业方向"},{"tag":"p","text":["政府机关、法院、检察院、律师事务所、企事业法务部门等。"],"style":"text-indent: 1.5em; "}],"images":[],"id":"intro/school/politics/law","scopeData":{"@type":"general","uniq_id":"intro/school/politics/law","title":"法学专业","digest":"为普通类专业，国家一流本科专业，旨在培养适应社会主义法治建设需要，能够从事立法、司法、行政执法、法律服务等法律相关工作的高素质应用型法律专门人才。法理学 宪法学 行政法 民法，商法 经济法 刑法 习近平法治思想概论 劳动与社会保障法 国际法","thumbs":["https://mp.innenu.com/img/inNENU.jpg"],"tags":["专业介绍","主干课程","就业方向"]}}