{"title":"历史文化学院招生","author":"Mr.Hope","time":"2020年8月6日","shareable":true,"content":[{"tag":"title","text":"本科招生概况"},{"tag":"text","type":"p","text":["历史文化学院自 1948 年开始招生，现设有历史学、旅游管理 2 个本科专业，其中历史学专业分为公费师范类和非公费师范类(普通类)两类招生。"],"style":"text-indent: 1.5em; "},{"tag":"img","src":"https://mp.innenu.com/img/school/history-major.png"},{"tag":"list","header":"本科各专业介绍","content":[{"text":"历史学(公费师范)","path":"intro/school/history/history-free"},{"text":"历史学基地班","path":"intro/school/history/history"},{"text":"旅游管理","path":"intro/school/history/travel","desc":"2020年未招生"}]},{"tag":"title","text":"历史文化学院硕士专业设置"},{"tag":"img","src":"https://mp.innenu.com/img/school/history-master.png"},{"tag":"img","src":"https://mp.innenu.com/img/school/history-master-enroll.png","desc":"招生信息"},{"tag":"text","heading":"硕士研究生招生咨询电话"},{"tag":"phone","fName":"张","lName":"泰居","num":"0431-85099418","org":"东北师范大历史学院","title":"硕士研究生招生负责人","street":"吉林省长春市人民大街5268号","postCode":"130024","email":"zhangtj557@nenu.edu.cn"},{"tag":"title","text":"历史文化学院博士专业设置"},{"tag":"img","src":"https://mp.innenu.com/img/school/history-doctor.png"}],"images":["https://mp.innenu.com/img/school/history-major.png","https://mp.innenu.com/img/school/history-master.png","https://mp.innenu.com/img/school/history-master-enroll.png","https://mp.innenu.com/img/school/history-doctor.png"],"id":"intro/school/history/enroll","scopeData":{"@type":"general","uniq_id":"intro/school/history/enroll","cover":"https://mp.innenu.com/img/school/history-major.png","title":"历史文化学院招生","digest":"历史文化学院自 1948 年开始招生，现设有历史学、旅游管理 2 个本科专业，其中历史学专业分为公费师范类和非公费师范类(普通类)两类招生。硕士研究生招生咨询电话 ","thumbs":["https://mp.innenu.com/img/school/history-major.png","https://mp.innenu.com/img/school/history-master.png","https://mp.innenu.com/img/school/history-master-enroll.png","https://mp.innenu.com/img/school/history-doctor.png"],"tags":["本科招生概况","历史文化学院硕士专业设置","历史文化学院博士专业设置"]}}