{"title":"静湖","author":"fy, Mr.Hope","time":"2020年9月1日","photo":["https://mp.innenu.com/img/scenery/benbu.scenery/silence-lake1.jpg","https://mp.innenu.com/img/scenery/benbu.scenery/silence-lake2.jpg"],"content":[{"tag":"title","text":"简介"},{"tag":"text","type":"p","text":["静湖位于北苑餐厅旁，湖上修建了小桥和亭子，内种植荷花，夏天来临之际，荷花和荷叶铺满湖面。冬天之时，湖水结成冰，供同学们滑冰玩乐，但"],"style":"text-indent: 1.5em; "},{"tag":"title","text":"特别提示"},{"tag":"text","type":"p","text":["在结冰和化冰期间同学们一定不要到湖上玩耍。务必务必一定一定要等冰冻结实了!"],"style":"text-indent: 1.5em; "}],"images":[],"id":"map/benbu/scenery/lake","scopeData":{"@type":"general","uniq_id":"map/benbu/scenery/lake","title":"静湖","digest":"静湖位于北苑餐厅旁，湖上修建了小桥和亭子，内种植荷花，夏天来临之际，荷花和荷叶铺满湖面。冬天之时，湖水结成冰，供同学们滑冰玩乐，但在结冰和化冰期间同学们一定不要到湖上玩耍。务必务必一定一定要等冰冻结实了!","thumbs":["https://mp.innenu.com/img/inNENU.jpg"],"tags":["简介","特别提示"]}}