{"title":"各类物品","author":"Mr.Hope","time":"2020年8月17日","shareable":true,"content":[{"tag":"text","type":"p","heading":"可选品","text":["以下物品可以自己带到学校，也可以在适应期内慢慢补足。此物品清单仅作参考! 并不是每个人都需要买。"],"style":"text-indent: 1.5em; "},{"tag":"text","type":"p","text":["标记 “*” 的意味着校内超市有售"],"style":"text-indent: 1.5em; color: red;"},{"tag":"list","header":false,"content":[{"text":"校内外超市","icon":"/module/icon/shop.svg","path":"guide/life/shop/index"}]},{"tag":"list","header":"物品分类","content":[{"text":"证件材料类","icon":"/module/icon/photo.svg","path":"guide/necessity/material"},{"text":"学习用品","icon":"/icon/guide/study.svg","path":"guide/necessity/study"},{"text":"生活用品","icon":"/icon/guide/life.svg","path":"guide/necessity/life"},{"text":"洗护用品类","icon":"/module/icon/washing.svg","path":"guide/necessity/washing"},{"text":"其他工具类","icon":"/icon/intro/wrench.svg","path":"guide/necessity/tool"},{"text":"饮食相关类","icon":"/icon/guide/dining.svg","path":"guide/necessity/food"},{"text":"寝室神器类","icon":"/module/icon/gpa.svg","path":"guide/necessity/artifact"}]},{"tag":"title","text":"是否需要带电脑"},{"tag":"text","type":"ol","heading":"电脑在大学生活中有如下需求","text":["进入大学参加社团以后会有各方面工作需要由电脑完成；","学习过程中写论文的需求；","选课、考试报名、网上提交作业等等。学校图书馆专门开设有电子阅览室可供同学使用，有时较拥挤，总体来说不如自己带电脑方便；","对于部分专业来说电脑是刚需。"]},{"tag":"text","heading":"电脑是必需品么","text":["不是，但是没有电脑会很不方便。如果你的家庭拮据，你可以选择不购买电脑。日常使用电脑时，前往图书馆的电子阅览室，或和室友商量临时借用即可。"]},{"tag":"title","text":"违禁物品"},{"tag":"list","header":false,"content":[{"text":"寝室违禁物品","icon":"/module/icon/ban.svg","path":"guide/dorm/ban"}]},{"tag":"title","text":"Mr.Hope 的建议"},{"tag":"list","header":false,"content":[{"text":"Mr.Hope 的建议","icon":"https://mp.innenu.com/img/icon/guide/advice.svg","path":"guide/necessity/advice"}]}],"images":[],"id":"guide/necessity/index","scopeData":{"@type":"general","uniq_id":"guide/necessity/index","title":"各类物品","digest":"可选品 以下物品可以自己带到学校，也可以在适应期内慢慢补足。此物品清单仅作参考! 并不是每个人都需要买。标记 “*” 的意味着校内超市有售电脑在大学生活中有如下需求 进入大学参加社团以后会有各方面工作需要由电脑完成； 学习过程中写论文的需求","thumbs":["https://mp.innenu.com/img/inNENU.jpg"],"tags":["是否需要带电脑","违禁物品","Mr.Hope 的建议"]}}