{"title":"英语免修评定","author":"Mr.Hope","time":"2020年7月17日","shareable":true,"content":[{"tag":"title","text":"申请条件"},{"tag":"text","type":"ol","text":["满足下列条件之一的全日制本科生可免修 8 学分的大学英语语言基础课程，课程成绩按折算成百分数后 × 1.2 计算:\n (1) 托福成绩 90 分以上，且单项分数不低于 21 分。\n (2) 雅思成绩 6.5 分以上，且单项分数不低于 6 分。","满足下列条件之一的全日制本科生可免修4学分的大学英语语言基础课程，课程成绩按折算成百分数后 × 1.2 计算:\n (1) 托福成绩 80 分以上，且单项成绩不低于 19.5 分。\n (2) 雅思成绩 6.0 分以上，且单项分数不低于 5.5 分。","满足下列条件之一的全日制本科生可免修 4 学分的大学英语语言基础课程，课程成绩按折算成百分数后 × 1.1 计算。\n (1) 大学英语四级成绩 533 分以上，且单项分数不低于 70%。\n (2) 大学英语六级成绩 425 分以上，且单项分数不低于 60%。","“东北师范大学英语水平测试” 80 分以上的 2015 级以及之后的全日制本科生可免修剩余大学英语语言基础课程，课程成绩按折算成百分数后 × 1.1 计算。"]},{"tag":"text","type":"p","text":["也就是说，如果你英语足够好，在分班考试就达到了 80 分的话，你就可以直接免修了，如果你大一上期末考了 80 分以上，或者是四六级满足要求也可以免修下学期的课程。"],"style":"text-indent: 1.5em; "},{"tag":"title","text":"申请方式"},{"tag":"list","header":false,"content":[{"text":"英语免修申请","icon":"english","base64Icon":"english","path":"guide/system/exemption/english"}]},{"tag":"text","type":"p","text":["2019 年秋学期的申请时间为 8 月 27 日 15:00 至 8 月 29 日下午 16:00"],"style":"text-indent: 1.5em; "}],"images":[],"id":"guide/course/english/exemption","scopeData":{"@type":"general","uniq_id":"guide/course/english/exemption","title":"英语免修评定","digest":"满足下列条件之一的全日制本科生可免修 8 学分的大学英语语言基础课程，课程成绩按折算成百分数后 × 1.2 计算:\n (1) 托福成绩 90 分以上，且单项分数不低于 21 分。\n (2) 雅思成绩 6.5 分以上，且单项分数不低于 6 分","thumbs":["https://mp.innenu.com/img/inNENU.jpg"],"tags":["申请条件","申请方式"]}}