{"title":"食堂","author":"Mr.Hope","time":"2021年7月26日","grey":true,"shareable":true,"content":[{"tag":"p","heading":"本部校区","text":["本部校区有北苑餐厅和南苑餐厅两个食堂。北苑餐厅共两层，南苑餐厅共三层。"],"style":"text-indent: 1.5em; "},{"tag":"img","src":"https://mp.innenu.com/img/dining/dining1.jpg"},{"tag":"list","header":false,"content":[{"text":"北苑餐厅","path":"guide/dining/beiyuan/index"},{"text":"南苑餐厅","path":"guide/dining/nanyuan/index"}]},{"tag":"list","header":"净月校区","content":[{"text":"净月校区有两个食堂，分别为一食堂和二食堂，一食堂有三层、二食堂有两层。"},{"text":"一食堂","path":"guide/dining/dining1/index"},{"text":"二食堂","path":"guide/dining/dining2/index"}]},{"tag":"list","header":"美食节","content":[{"text":"学校食堂每年都会举行美食节，届时大家可以免费品尝大量的美食。"},{"text":"本部美食节","path":"guide/dining/festival/benbu"},{"text":"净月美食节","path":"guide/dining/festival/jingyue"}]}],"images":["https://mp.innenu.com/img/dining/dining1.jpg"],"id":"guide/dining/index","scopeData":{"@type":"general","uniq_id":"guide/dining/index","cover":"https://mp.innenu.com/img/dining/dining1.jpg","title":"食堂","digest":"本部校区 本部校区有北苑餐厅和南苑餐厅两个食堂。北苑餐厅共两层，南苑餐厅共三层。","thumbs":["https://mp.innenu.com/img/dining/dining1.jpg"],"tags":[]}}