{"title":"课程免修","author":"Mr.Hope","time":"2021年7月4","shareable":true,"content":[{"tag":"title","text":"专业课免修申请"},{"tag":"p","text":["先修课平均学分绩点 ≥ 2.5 的同学，可在每学期末提出申请免修某一门课程，经学院院长批准后，下学期初由学院统一安排免修考试。成绩≥75准予免修该门课程，给予学分。"],"style":"text-indent: 1.5em; "},{"tag":"ol","heading":"Mr.Hope の解释","text":["先修课是指在学习一门学科前，应该掌握的前提学科。","原则上，申请一门课程的免修需要这门课先修课 ≥ 2.5，而且原则上一学期只能免修一门。","实际操作时，很多课程没有明确的先修课，而且可以同时申请多门。"]},{"tag":"title","text":"英语免修"},{"tag":"list","header":false,"content":[{"text":"英语免修申请条件","icon":"plan","path":"guide/course/english/exemption"}]},{"tag":"title","text":"计算机免修"},{"tag":"p","text":["通过学校计算机水平考试或国家计算机等级考试(一级)的学生，可免修必修课程(大一上修的那门)","通过国家计算机等级考试(二级及以上)的学生，可免修选修课程(大一下修的那门)。"],"style":"text-indent: 1.5em; "}],"images":[],"id":"guide/study/exemption","scopeData":{"@type":"general","uniq_id":"guide/study/exemption","title":"课程免修","digest":"先修课平均学分绩点 ≥ 2.5 的同学，可在每学期末提出申请免修某一门课程，经学院院长批准后，下学期初由学院统一安排免修考试。成绩≥75准予免修该门课程，给予学分。Mr.Hope の解释 先修课是指在学习一门学科前，应该掌握的前提学科。 原","thumbs":["https://mp.innenu.com/img/inNENU.jpg"],"tags":["专业课免修申请","英语免修","计算机免修"]}}