{"title":"东师e起战疫登陆","author":"Mr.Hope","time":"2021年8月1日","shareable":true,"content":[{"tag":"title","text":"新生登录"},{"tag":"text","text":["新生需请使用录取通知书收件人号码一致的微信进行下列操作，否则在学号认证一步无法成功。"]},{"tag":"text","heading":"找到小程序","text":["请扫描下方的二维码","或在微信首页下拉，搜索 “东师 e 起战疫”"]},{"tag":"img","src":"https://mp.innenu.com/img/prepare/miniprogram.jpg"},{"tag":"ul","heading":"登陆账号","text":["右下角单击 “我的”"]},{"tag":"img","src":"https://mp.innenu.com/img/prepare/miniprogram-login1.jpg"},{"tag":"ul","text":["单击 “点击登录”"]},{"tag":"img","src":"https://mp.innenu.com/img/prepare/miniprogram-login2.jpg"},{"tag":"ul","text":["选择 “我是学生”","输入自己的学号"]},{"tag":"text","type":"warning","text":["录取通知书右下角编号，即“2021”开头的十位数字就是学号。","如果您尚未收到录取通知书，您可以联系您的导员获取您的学号。"]},{"tag":"img","src":"https://mp.innenu.com/img/prepare/miniprogram-login3.jpg"},{"tag":"ul","type":"warning","heading":"注意事项","text":["第一次使用时须同意授权微信头像，允许授权地理位置，授权手机号。","接受发送消息认证时建议选择 “总是保持以上选择，不再询问”，否则每次都要点允许。","如果您拒绝了这些内容的授权，您需要进入小程序设置页手动开启相关权限。"]},{"tag":"text","heading":"信息核验","text":["首次登录成功后，您无需填写个人基本信息，但需要对系统导入的个人信息进行仔细核查，如有问题，与辅导员联系进行修正。"]}],"images":["https://mp.innenu.com/img/prepare/miniprogram.jpg","https://mp.innenu.com/img/prepare/miniprogram-login1.jpg","https://mp.innenu.com/img/prepare/miniprogram-login2.jpg","https://mp.innenu.com/img/prepare/miniprogram-login3.jpg"],"id":"guide/epidemic/miniprogram/login","scopeData":{"@type":"general","uniq_id":"guide/epidemic/miniprogram/login","cover":"https://mp.innenu.com/img/prepare/miniprogram.jpg","title":"东师e起战疫登陆","digest":"新生需请使用录取通知书收件人号码一致的微信进行下列操作，否则在学号认证一步无法成功。找到小程序 请扫描下方的二维码 或在微信首页下拉，搜索 “东师 e 起战疫”登陆账号 右下角单击 “我的”单击 “点击登录”选择 “我是学生” 输入自己的学","thumbs":["https://mp.innenu.com/img/prepare/miniprogram.jpg","https://mp.innenu.com/img/prepare/miniprogram-login1.jpg","https://mp.innenu.com/img/prepare/miniprogram-login2.jpg","https://mp.innenu.com/img/prepare/miniprogram-login3.jpg"],"tags":["新生登录"]}}