{"title":"Mr.Hope 对学生工作的看法","grey":true,"author":"Mr.Hope","time":"2020年7月18日","shareable":true,"content":[{"tag":"list","header":"学生工作","content":[{"text":"总体介绍","icon":"info","path":"guide/advice/work/intro"},{"text":"学生工作是否必要","path":"guide/advice/work/necessity"},{"text":"成为学生干部的优劣","path":"guide/advice/work/benefit"},{"text":"学生干部的要求","path":"guide/advice/work/requirement"},{"text":"班级年级学生工作介绍","path":"guide/advice/work/stage/class"},{"text":"团学组织工作介绍","path":"guide/advice/work/stage/group"}]}],"images":[],"id":"guide/advice/work/index","scopeData":{"@type":"general","uniq_id":"guide/advice/work/index","title":"Mr.Hope 对学生工作的看法","digest":"","thumbs":["https://mp.innenu.com/img/inNENU.jpg"],"tags":[]}}