{"title":"开学活动","author":"Mr.Hope","time":"2021年7月11日","grey":true,"shareable":true,"content":[{"tag":"list","header":"开学活动","content":[{"text":"体检","icon":"medical-exam","path":"guide/check/medical-examination"},{"text":"英语分班考试","icon":"english","path":"guide/exam/grading-exam"},{"text":"体测考试","icon":"basketball","path":"guide/exam/pe-test/index"}]},{"tag":"list","header":"其他活动","content":[{"text":"军训介绍","icon":"intro","path":"guide/activity/military/intro"},{"text":"军训详情","icon":"detail","path":"guide/activity/military/detail"}]}],"images":[],"id":"guide/activity/index","scopeData":{"@type":"general","uniq_id":"guide/activity/index","title":"开学活动","digest":"","thumbs":["https://mp.innenu.com/img/inNENU.jpg"],"tags":[]}}