{"title":"学校概况","grey":true,"author":"Mr.Hope","time":"2020年8月13日","shareable":true,"content":[{"tag":"list","header":"学校介绍","content":[{"text":"学校介绍","icon":"/module/icon/info.svg","base64Icon":"info","path":"intro/about/intro"},{"text":"学校定位","icon":"/module/icon/locate.svg","base64Icon":"locate","path":"intro/about/locate"},{"text":"学校标识","icon":"https://mp.innenu.com/img/icon/guide/activity.svg","base64Icon":"activity","path":"intro/about/sign"},{"text":"学校校史","icon":"/icon/intro/history.svg","base64Icon":"history","path":"intro/about/history"}]},{"tag":"list","header":"东师实力","content":[{"text":"师资队伍","icon":"/module/icon/teacher.svg","base64Icon":"teacher","path":"intro/about/teacher"},{"text":"学科建设","icon":"/icon/guide/course.svg","base64Icon":"course","path":"intro/about/subject"},{"text":"东师排名","icon":"/module/icon/rank.svg","base64Icon":"rank","path":"intro/about/rank"},{"text":"专业排名","icon":"/module/icon/rank.svg","base64Icon":"rank","path":"intro/about/major-rank"}]},{"tag":"list","header":"信息公开","content":[{"text":"信息公开网地址:\nhttp://publish.nenu.edu.cn"},{"text":"领导机构","icon":"/module/icon/leader.svg","base64Icon":"leader","path":"intro/about/public/leader"},{"text":"学校章程","icon":"/icon/intro/politics.svg","base64Icon":"politics","path":"intro/about/public/rule"},{"text":"学校基础数据","icon":"/module/icon/data.svg","base64Icon":"data","path":"intro/about/public/basic"},{"text":"东北师范大学章程","icon":"/module/icon/rule.svg","base64Icon":"rule","path":"intro/about/public/rule"},{"text":"本科学生学籍管理条例","icon":"/module/icon/plan.svg","base64Icon":"plan","path":"intro/about/public/school-roll1"},{"text":"研究生学籍管理规定","icon":"/module/icon/plan.svg","base64Icon":"plan","path":"intro/about/public/school-roll2"}]}],"images":[],"id":"intro/about/index","scopeData":{"@type":"general","uniq_id":"intro/about/index","title":"学校概况","digest":"","thumbs":["https://mp.innenu.com/img/inNENU.jpg"],"tags":[]}}