{"title":"专业排名","author":"Mr.Hope","desc":"图片来源: 东北师范大学招生办公室","time":"2021年7月4","shareable":true,"content":[{"tag":"title","text":"专业评级"},{"tag":"p","text":["2021年，在教育部公布的2020年度国家级一流本科专业建设点名单中，东北师范大学16个本科专业被认定为国家级一流本科专业建设点，4个专业入选省级一流本科专业建设点名单。"],"style":"text-indent: 1.5em; "},{"tag":"img","src":"https://mp.innenu.com/img/about/major-grade-2020.jpg"},{"tag":"title","text":"历史专业评级"},{"tag":"p","text":["2019年，教育部办公厅公布了2019年度国家级和省级一流本科专业建设点名单，东北师范大学18个本科专业被认定为国家级一流本科专业建设点，10个本科专业被认定为省级一流本科专业建设点。"],"style":"text-indent: 1.5em; "},{"tag":"img","src":"https://mp.innenu.com/img/about/major-grade-2019.jpg"}],"images":["https://mp.innenu.com/img/about/major-grade-2020.jpg","https://mp.innenu.com/img/about/major-grade-2019.jpg"],"id":"intro/about/major-rank","scopeData":{"@type":"general","uniq_id":"intro/about/major-rank","cover":"https://mp.innenu.com/img/about/major-grade-2020.jpg","title":"专业排名","digest":"2021年，在教育部公布的2020年度国家级一流本科专业建设点名单中，东北师范大学16个本科专业被认定为国家级一流本科专业建设点，4个专业入选省级一流本科专业建设点名单。2019年，教育部办公厅公布了2019年度国家级和省级一流本科专业建设","thumbs":["https://mp.innenu.com/img/about/major-grade-2020.jpg","https://mp.innenu.com/img/about/major-grade-2019.jpg"],"tags":["专业评级","历史专业评级"]}}