{"title":"东师排名","author":"Mr.Hope","time":"2021年7月25日","shareable":true,"content":[{"tag":"title","text":"软科中国大学排名"},{"tag":"text","text":["2021 年 3 月东北师范大学软科中国大学排名 49，师范院校排名第五。"]},{"tag":"copy","header":"查看详情","text":"https://www.shanghairanking.cn/institution/northeast-normal-university"},{"tag":"text","type":"info","heading":"软科中国大学排名","text":["“软科中国大学排名”前身是“中国最好大学排名”，自2015年首次发布以来，以专业、客观、透明的优势赢得了高等教育领域内外的广泛关注和认可，已经成为具有重要社会影响力和权威参考价值的中国大学排名领先品牌。软科中国大学排名以服务中国高等教育发展和进步为导向，依托自主研发的高等教育评价专利技术和“大学360度数据监测平台”的大数据支持，采用数百项指标变量对中国大学进行全方位、体系化、监测式评价，向学生、家长和全社会提供及时、可靠、丰富的高校可比信息。"]},{"tag":"title","text":"QS国际排名"},{"tag":"copy","header":"查看详情","text":"https://www.qschina.cn/universities/northeast-normal-university"},{"tag":"title","text":"双一流建设"},{"tag":"text","text":["东北师范大学被评为教育部评为“一流学科建设高校”。"]},{"tag":"copy","header":"查看详情","text":"http://www.moe.gov.cn/s78/A22/A22_ztzl/ztzl_tjsylpt/sylpt_jsgx/201712/t20171206_320667.html"}],"images":[],"id":"intro/about/rank","scopeData":{"@type":"general","uniq_id":"intro/about/rank","title":"东师排名","digest":"2021 年 3 月东北师范大学软科中国大学排名 49，师范院校排名第五。软科中国大学排名 “软科中国大学排名”前身是“中国最好大学排名”，自2015年首次发布以来，以专业、客观、透明的优势赢得了高等教育领域内外的广泛关注和认可，已经成为具","thumbs":["https://mp.innenu.com/img/inNENU.jpg"],"tags":["软科中国大学排名","QS国际排名","双一流建设"]}}