{"title":"研究生多媒体教室","author":"Mr.Hope","time":"2021年7月9日","content":[{"tag":"title","text":"研究生多媒体教室"},{"tag":"p","heading":"简介","text":["这是一个在外国语学院旁边的中型阶梯型教室，用于研究生教学。"],"style":"text-indent: 1.5em; "}],"images":[],"id":"map/benbu/building/muti-media","scopeData":{"@type":"general","uniq_id":"map/benbu/building/muti-media","title":"研究生多媒体教室","digest":"简介 这是一个在外国语学院旁边的中型阶梯型教室，用于研究生教学。","thumbs":["https://mp.innenu.com/img/inNENU.jpg"],"tags":["研究生多媒体教室"]}}