{"title":"英语课程","grey":true,"author":"Mr.Hope","time":"2021年7月12日","shareable":true,"content":[{"tag":"list","header":"课程说明","content":[{"text":"课程简介","icon":"english","path":"guide/course/english/intro"},{"text":"免修评定","icon":"exemption","path":"guide/course/english/exemption"},{"text":"东北师范大学英语水平测试","icon":"english","path":"guide/course/english/DET"},{"text":"小语种外语课程","icon":"more","path":"guide/course/english/other"}]}],"images":[],"id":"guide/course/english/index","scopeData":{"@type":"general","uniq_id":"guide/course/english/index","title":"英语课程","digest":"","thumbs":["https://mp.innenu.com/img/inNENU.jpg"],"tags":[]}}