{"title":"校医院","grey":true,"desc":"信息来源: 校医院官网","time":"2020年9月1日","shareable":true,"content":[{"tag":"list","content":[{"text":"校医院简介","icon":"/module/icon/info.svg","base64Icon":"info","path":"intro/apartment/hospital/intro"},{"text":"补办公费医疗手册","icon":"/module/icon/handbook.svg","base64Icon":"handbook","path":"intro/apartment/hospital/handbook"},{"text":"楼层分布","icon":"/module/icon/floor.svg","base64Icon":"floor","path":"intro/apartment/hospital/floor"},{"text":"注意事项","icon":"/module/icon/alert.svg","base64Icon":"alert","path":"intro/apartment/hospital/attention"},{"text":"科室介绍","icon":"/module/icon/department.svg","base64Icon":"department","path":"intro/apartment/hospital/department"},{"text":"联系电话","icon":"/module/icon/phone.svg","base64Icon":"phone","path":"intro/apartment/hospital/phone"}]}],"images":[],"id":"intro/apartment/hospital/index","scopeData":{"@type":"general","uniq_id":"intro/apartment/hospital/index","title":"校医院","digest":"","thumbs":["https://mp.innenu.com/img/inNENU.jpg"],"tags":[]}}