{"title":"校医院","grey":true,"desc":"信息来源: 校医院官网","time":"2020年9月1日","shareable":true,"content":[{"tag":"list","content":[{"text":"校医院简介","icon":"info","path":"intro/apartment/hospital//intro"},{"text":"补办公费医疗手册","icon":"handbook","path":"intro/apartment/hospital//handbook"},{"text":"楼层分布","icon":"floor","path":"intro/apartment/hospital//floor"},{"text":"注意事项","icon":"alert","path":"intro/apartment/hospital//attention"},{"text":"科室介绍","icon":"association","path":"intro/apartment/hospital//department"},{"text":"联系电话","icon":"phone","path":"intro/apartment/hospital//phone"}]}],"images":[],"id":"intro/apartment/hospital/index","scopeData":{"@type":"general","uniq_id":"intro/apartment/hospital/index","title":"校医院","digest":"","thumbs":["https://mp.innenu.com/img/inNENU.jpg"],"tags":[]}}