{"title":"馆藏分布","author":"Mr.Hope","time":"2020年9月1日","shareable":true,"content":[{"tag":"title","text":"本部校区"},{"tag":"img","src":"https://mp.innenu.com/img/library/benbuGuanCang.png"},{"tag":"title","text":"净月校区"},{"tag":"img","src":"https://mp.innenu.com/img/library/jingyueGuanCang.png"},{"tag":"title","text":"图书馆馆藏分布"},{"tag":"img","src":"https://mp.innenu.com/img/library/jingyueGuanCang2.jfif"}],"images":["https://mp.innenu.com/img/library/benbuGuanCang.png","https://mp.innenu.com/img/library/jingyueGuanCang.png","https://mp.innenu.com/img/library/jingyueGuanCang2.jfif"],"id":"intro/apartment/library/distribution","scopeData":{"@type":"general","uniq_id":"intro/apartment/library/distribution","cover":"https://mp.innenu.com/img/library/benbuGuanCang.png","title":"馆藏分布","digest":"","thumbs":["https://mp.innenu.com/img/library/benbuGuanCang.png","https://mp.innenu.com/img/library/jingyueGuanCang.png","https://mp.innenu.com/img/library/jingyueGuanCang2.jfif"],"tags":["本部校区","净月校区","图书馆馆藏分布"]}}