{"title":"关于处分","author":"Mr.Hope","time":"2020年7月18日","shareable":true,"content":[{"tag":"title","text":"收到处分的后果"},{"tag":"text","type":"p","text":["收到处分的同学不能参加评奖评优，并且处分材料会被装入学生档案。严重者可能会受到留校察看、开除学籍等后果。"],"style":"text-indent: 1.5em; "},{"tag":"title","text":"常见违纪现象"},{"tag":"text","heading":"旷课","text":["《东北师范大学学生违纪惩处处办法》第十九条规定，达到以下学时数的，分别给予一下处分:"]},{"tag":"text","type":"ol","text":["累计 10-19 学时的，给予警告处分;","累计 20-29 学时的，基于严重警告处分;","累计 30-39 学时的，给予记过处分;","累计 40-49 学时的，给予留校察看处分;","累计 50 学时(含)以上的，给予开除学籍处分。"]},{"tag":"text","text":["所以大家一定要按时上课。一时旷课一时爽，一直旷课一直爽! 爽着爽着就回家了!"]},{"tag":"text","heading":"寝室安全","text":["《东北师范大学学生违纪惩处处办法》第十七条规定:","有危害校园安全行为的，除追究其责任外，视情节、性质、后果等，给予警告以上处分:","包括: \"(三)在学校建筑物内吸烟的；\"","吸烟对健康不好能戒就戒了吧。而且一旦被学生处查到就要给处分的。","哦对还有，寝室禁止裸奔(没人真的会这么做吧hhh)"]},{"tag":"text","heading":"考试作弊","text":["《东北师范大学学生违纪惩处处办法》第二十条规定:","代替他人或者让他人代替自己参加考试、组织作弊、使用通讯设备或其他器材作弊、向他人出售考试试题或答案牟取利益，以及其他严重作弊或扰乱考试秩序行为的，给予开除学籍处分。","同学们这是一个非常严肃的话题! 不是 Mr.Hope 吓唬你们，不要拿再来一次高考做赌注! 千万不要作弊!尤其是体测，千万不要找人替考。抓到两个人都要回家!"]},{"tag":"text","type":"ul","heading":"其他常见违纪","text":["在寝室内饲养宠物(只有小金鱼学校暂时还不管，不过可以养各种花~)","饮酒(校外吃个饭啥的就算了，在寝室是不可以喝酒的)","在校内进行打麻将等赌博有关活动","打架斗殴","谎报家庭苦难获得资助"]},{"tag":"text","type":"p","text":["以上也是同学们常犯的问题，希望同学们要注意，不要因为这个影响到自己的大学学习生活。"],"style":"text-indent: 1.5em; "},{"tag":"title","text":"相关文件"},{"tag":"doc","name":"处分工作流程","url":"https://mp.innenu.com/file/student/process.png","icon":"png"},{"tag":"doc","name":"检讨书","url":"https://mp.innenu.com/file/student/review-book.pdf","icon":"pdf"},{"tag":"doc","name":"学生纪律处分呈报表","url":"https://mp.innenu.com/file/student/sanction.pdf","icon":"pdf"}],"images":[],"id":"intro/apartment/student/punish","scopeData":{"@type":"general","uniq_id":"intro/apartment/student/punish","title":"关于处分","digest":"收到处分的同学不能参加评奖评优，并且处分材料会被装入学生档案。严重者可能会受到留校察看、开除学籍等后果。旷课 《东北师范大学学生违纪惩处处办法》第十九条规定，达到以下学时数的，分别给予一下处分:累计 10-19 学时的，给予警告处分; 累计","thumbs":["https://mp.innenu.com/img/inNENU.jpg"],"tags":["收到处分的后果","常见违纪现象","相关文件"]}}