{"title":"学院团委书记通讯录","desc":"信息来源: 学生处官网","time":"2021年7月28日","shareable":true,"content":[{"tag":"img","src":"https://mp.innenu.com/img/apartment/youth-league-shuji-contact.png"}],"images":["https://mp.innenu.com/img/apartment/youth-league-shuji-contact.png"],"id":"intro/apartment/student/yleague-shuji","scopeData":{"@type":"general","uniq_id":"intro/apartment/student/yleague-shuji","cover":"https://mp.innenu.com/img/apartment/youth-league-shuji-contact.png","title":"学院团委书记通讯录","digest":"","thumbs":["https://mp.innenu.com/img/apartment/youth-league-shuji-contact.png"],"tags":[]}}