[{"title":"2021 年暑假","icon":"./icon/vacation.svg","text":"2021 年 7 月 19 日 - 2021 年 8 月 29 日(共 6 周)"},{"title":"2021 年春季学期","path":"2021-spring","icon":"./icon/study.svg","text":"2021 年 3 月 8 日 - 2021 年 7 月 18 日(共 19 周)"},{"title":"2021 年寒假","icon":"./icon/vacation.svg","text":"2021 年 1 月 9 日 - 2021 年 3 月 7 日(共 6 周)"},{"title":"2020 年秋季学期","icon":"./icon/study.svg","path":"2020-fall","text":"原定 2020 年 8 月 31 日 - 2021 年 1 月 8 日(共 19 周)\n  (2 月 12 日为春节，距春节 26 天)\n现增加 2020 年 8 月 17 日 - 2021 年 8 月 30 日为考试周(共 2 周)"},{"title":"2020 年暑假","icon":"./icon/vacation.svg","text":"原定 2020 年 7 月 18 日 - 2020 年 8 月 30 日(共 6 周)\n因疫情原因提前开学两周，改为:\n2020 年 7 月 18 日 - 2020 年 8 月 16 日(共 4 周)"},{"title":"2020 年春季学期","icon":"./icon/study.svg","path":"2020-spring","text":"原定 2020 年 2 月 24 日(二月初二) —— 2020 年 7 月 17 日(共 21 周)\n因疫情原因未开学"},{"title":"2020 年寒假","icon":"./icon/vacation.svg","text":"2019 年 1 月 11 日 - 2020 年 2 月 23 日(共 6 周)"},{"title":"2019 年秋季学期","icon":"./icon/study.svg","path":"2019-fall","text":"2019 年 8 月 26 日 - 2020 年 1 月 10 日(共 20 周)\n  (1 月 25 日为春节，距春节 15 天)"},{"title":"2019 年暑假","icon":"./icon/vacation.svg","text":"2019 年 7 月 13 日 - 2019 年 8 月 25 日(共 6 周)"},{"title":"2019 年春季学期","icon":"./icon/study.svg","path":"2019-spring","text":"2019 年 3 月 4 日(正月二十八) —— 2019 年 7 月 12 日(共 19 周)"},{"title":"2019 年寒假","icon":"./icon/vacation.svg","text":"2019 年 1 月 19 日 - 2019 年 3 月 3 日(共 6 周)"},{"title":"2018 年秋季学期","icon":"./icon/study.svg","text":"2018 年 9 月 3 日 - 2019 年 1 月 18 日(共 20 周)\n  (2 月 5 日为春节，距春节 17 天)"},{"title":"2018 年暑假","icon":"./icon/vacation.svg","text":"2018 年 7 月 21 日 - 2018 年 9 月 2 日(共 6 周)"},{"title":"2018 年春季学期","icon":"./icon/study.svg","text":"2018 年 3 月 15 日(正月十八)—— 2018 年 7 月 20 日(共 20 周)"},{"title":"1946 年","icon":"./icon/flag.svg","text":"东北师范大学建校"}]