{"title":"缴费系统缴费","author":"Mr.Hope","time":"2020年9月1日","shareable":true,"content":[{"tag":"text","text":["新生可通过校园缴费平台自行线上缴费。"]},{"tag":"copy","text":"http://pay.nenu.edu.cn"},{"tag":"img","src":"https://mp.innenu.com/img/check/pay-main.jpg"},{"tag":"title","text":"登陆方式"},{"tag":"img","src":"https://mp.innenu.com/img/check/pay-login.jpg"},{"tag":"ul","heading":"校内用户登录","text":["请选择平台账号登陆","默认账号为学号，初始密码为学号。"]},{"tag":"p","heading":"校外用户登录","text":["学校会给校外用户发送 “缴费支付码”，校外用户通过收到的“缴费支付码”登录平台。"],"style":"text-indent: 1.5em; "},{"tag":"p","heading":"Mr.Hope の 提示","text":["你们都是校内用户，校外用户是指需要向学校缴纳其他费用的其他人员。并不是校内访问和校外访问的区分。您在校外也可以访问该系统。"],"style":"text-indent: 1.5em; "},{"tag":"title","text":"缴费方式"},{"tag":"img","src":"https://mp.innenu.com/img/check/pay-layout.jpg"},{"tag":"ul","text":["选择下方的学费缴费，之后选择合适的方式进行缴费。"]},{"tag":"img","src":"https://mp.innenu.com/img/check/pay-detail.jpg"},{"tag":"ul","text":["选择需要缴费的项目并进行缴费。"]},{"tag":"p","heading":"Mr.Hope の 提示","text":["每笔缴费最高为一万元，如果您的学费超过了 1 万元，请您分批缴费(选择部分缴费)。"],"style":"text-indent: 1.5em; "},{"tag":"ul","text":["之后选择合适的支付方式进行支付"]},{"tag":"img","src":"https://mp.innenu.com/img/check/pay-select.jpg"},{"tag":"phone","header":"咨询电话","fName":"财务处管理科","num":"0431-85099359","org":"东北师范大学","street":"吉林省长春市人民大街5268号","postCode":"130024"}],"images":["https://mp.innenu.com/img/check/pay-main.jpg","https://mp.innenu.com/img/check/pay-login.jpg","https://mp.innenu.com/img/check/pay-layout.jpg","https://mp.innenu.com/img/check/pay-detail.jpg","https://mp.innenu.com/img/check/pay-select.jpg"],"id":"guide/check/pay/system","scopeData":{"@type":"general","uniq_id":"guide/check/pay/system","cover":"https://mp.innenu.com/img/check/pay-main.jpg","title":"缴费系统缴费","digest":"新生可通过校园缴费平台自行线上缴费。校内用户登录 请选择平台账号登陆 默认账号为学号，初始密码为学号。校外用户登录 学校会给校外用户发送 “缴费支付码”，校外用户通过收到的“缴费支付码”登录平台。Mr.Hope の 提示 你们都是校内用户，","thumbs":["https://mp.innenu.com/img/check/pay-main.jpg","https://mp.innenu.com/img/check/pay-login.jpg","https://mp.innenu.com/img/check/pay-layout.jpg","https://mp.innenu.com/img/check/pay-detail.jpg","https://mp.innenu.com/img/check/pay-select.jpg"],"tags":["登陆方式","缴费方式"]}}