{"title":"东北师范大学图书馆","author":"Mr.Hope","time":"2020年9月1日","photo":["https://mp.innenu.com/img/scenery/benbu/building/library.jpg","https://mp.innenu.com/img/scenery/benbu/building/library1.jpg","https://mp.innenu.com/img/scenery/benbu/building/library2.jpg"],"content":[{"tag":"p","text":["目前，由于疫情原因，图书馆限制入馆人数，您可以在图书馆官网 http://www.library.nenu.edu.cn/ 或图书馆门口 LED 查看可入馆人数。"],"style":"text-indent: 1.5em; "},{"tag":"list","header":"图书馆","content":[{"text":"馆藏分布","icon":"bookshelf","path":"intro/apartment/library/distribution"},{"text":"图书馆楼层平面图","icon":"floor","path":"intro/apartment/library/floor"},{"text":"书目检索","icon":"search","path":"intro/apartment/library/search"},{"text":"借书权限","icon":"borrow","path":"intro/apartment/library/borrow"},{"text":"图书馆开门时间","icon":"time","path":"intro/apartment/library/door"},{"text":"图书馆风貌","icon":"photo","path":"intro/apartment/library/scene"},{"text":"其他服务","icon":"contact","path":"intro/apartment/library/service"},{"text":"借阅流程","icon":"flow","path":"intro/apartment/library/borrow-flow"},{"text":"图书馆简介","icon":"info","path":"intro/apartment/library/intro"},{"text":"电子阅览室","icon":"office","path":"intro/apartment/library/digit-room"}]}],"images":[],"id":"map/jingyue/building/library","scopeData":{"@type":"general","uniq_id":"map/jingyue/building/library","title":"东北师范大学图书馆","digest":"目前，由于疫情原因，图书馆限制入馆人数，您可以在图书馆官网 http://www.library.nenu.edu.cn/ 或图书馆门口 LED 查看可入馆人数。","thumbs":["https://mp.innenu.com/img/inNENU.jpg"],"tags":[]}}