{"title":"本科教学服务系统介绍","author":"Mr.Hope","time":"2020年8月24日","shareable":true,"content":[{"tag":"title","text":"简介"},{"tag":"text","type":"p","text":["本科教学服务系统由湖南强智科技发展有限公司开发，版本很老，提供选课、考场查询、成绩查询、学籍管理、教学评价、考试管理、研究生推免、免修申请等功能。"],"style":"text-indent: 1.5em; "},{"tag":"text","type":"ul","heading":"进入系统","text":["校内访问使用 IE 浏览器直接在地址栏中输入 http://dsjx.nenu.edu.cn (东师教学缩写)"]},{"tag":"copy","text":"http://dsjx.nenu.edu.cn"},{"tag":"text","type":"ul","text":["校外访问使用 IE 浏览器直接在地址栏中输入 https://dsjx.webvpn.nenu.edu.cn 并使用 Web VPN 访问"]},{"tag":"copy","text":"https://dsjx.webvpn.nenu.edu.cn"},{"tag":"list","header":false,"content":[{"text":"Web VPN 介绍","icon":"vpn","path":"guide/network/vpn"}]},{"tag":"text","type":"p","heading":"系统兼容性","text":["由于本科教学服务系统研发于 20 世纪初期，本科教学服务系统只能使用 IE(Internet Explorer) 内核浏览器如 IE11、IE10、IE9。","Windows 10 系统可以在 “开始菜单” —— “Windows 附件” 中找到 “Internet Explorer”。","其他浏览器无法解析运行脚本，会出现“无法创建对象”的错误提示"],"style":"text-indent: 1.5em; "},{"tag":"text","style":"color: red;font-size: 14px;","text":["Microsoft Edge 不是 IE!","Microsoft Edge 不是 IE!","Microsoft Edge 不是 IE!"]},{"tag":"img","src":"https://mp.innenu.com/img/course/ie.png"},{"tag":"title","text":"登陆方式"},{"tag":"text","text":["本科教学服务系统用户名、密码均为学校统一认证的邮箱用户名和密码。(注: 就是上网账号和密码，账号不加“@nenu.edu.cn”)","如果忘记用户名或密码，请登录统一身份认证 (https://ids.nenu.edu.cn/amserver/UI/Login) 点击忘记密码尝试通过手机号、微信等辅助验证方式找回。如果实在不能找回，请与学校信息化管理与规划办公室联系，以重置为默认密码。"]},{"tag":"list","header":false,"content":[{"text":"信息化办","icon":"office","path":"guide/card/office"}]},{"tag":"title","text":"系统页面"},{"tag":"img","src":"https://mp.innenu.com/img/system/UI.png"},{"tag":"text","text":["进入系统后，您会看到一个具有非常经典风格的系统页面。"]},{"tag":"title","text":"Mr.Hope の 吐槽"},{"tag":"text","type":"p","text":["我知道很多人会抱怨东师的教务系统老，还时常崩溃。但是有一说一，升级换代这个系统真的没你们想象的那么简单。","目前高校教务系统、图书系统这些方面基本上是处于一种垄断的情况，报价极其高昂，一套教务系统报价最低也要几十万起步，通常动辄上百万。所以如果旧系统依旧能满足基本的正常使用的话，学校采购新系统就变得异常困难。"],"style":"text-indent: 1.5em; "}],"images":["https://mp.innenu.com/img/course/ie.png","https://mp.innenu.com/img/system/UI.png"],"id":"guide/system/intro","scopeData":{"@type":"general","uniq_id":"guide/system/intro","cover":"https://mp.innenu.com/img/course/ie.png","title":"本科教学服务系统介绍","digest":"本科教学服务系统由湖南强智科技发展有限公司开发，版本很老，提供选课、考场查询、成绩查询、学籍管理、教学评价、考试管理、研究生推免、免修申请等功能。进入系统 校内访问使用 IE 浏览器直接在地址栏中输入 http://dsjx.nenu.ed","thumbs":["https://mp.innenu.com/img/course/ie.png","https://mp.innenu.com/img/system/UI.png"],"tags":["简介","登陆方式","系统页面","Mr.Hope の 吐槽"]}}