{"title":"通识教育课程","author":"Mr.Hope","time":"2021年7月9日","shareable":true,"content":[{"tag":"ul","type":"info","heading":"学分","text":["文科 47-52 学分","理科 49-51 学分"]},{"tag":"p","type":"info","heading":"课程介绍","text":["通识教育课程旨在为学生大学阶段的学习乃至终身学习与发展奠定必要的基础，培养学生具备作为高素质公民应该具备的基本素养，同时具有为学生选择专业和规划学习提供引导的功能。通识教育课程包括必修模块与选修模块，其中思想政治教育、体育与国防教育、交流表达与信息素养、数学与逻辑为必修课程模块。"],"style":"text-indent: 1.5em; "},{"tag":"list","header":"课程详情","content":[{"text":"思想政治教育","path":"guide/course/general/politics"},{"text":"体育与国防教育","path":"guide/course/general/pe"},{"text":"交流表达与信息素养","path":"guide/course/general/communicate"},{"text":"数学与逻辑","path":"guide/course/general/math"},{"text":"通识选修课程","path":"guide/course/general/elective"}]}],"images":[],"id":"guide/course/general/index","scopeData":{"@type":"general","uniq_id":"guide/course/general/index","title":"通识教育课程","digest":"学分 文科 47-52 学分 理科 49-51 学分课程介绍 通识教育课程旨在为学生大学阶段的学习乃至终身学习与发展奠定必要的基础，培养学生具备作为高素质公民应该具备的基本素养，同时具有为学生选择专业和规划学习提供引导的功能。通识教育课程包","thumbs":["https://mp.innenu.com/img/inNENU.jpg"],"tags":[]}}