{"title":"生活","author":"Mr.Hope","time":"2021年7月15日","grey":true,"shareable":true,"content":[{"tag":"list","content":[{"text":"理发","icon":"haircut","path":"guide/life/haircut"},{"text":"照相","icon":"photo","path":"guide/life/photo"},{"text":"打印","icon":"print","path":"guide/life/print"},{"text":"交通出行","icon":"traffic","path":"guide/life/traffic"},{"text":"存取款","icon":"atm","path":"guide/life/atm"},{"text":"就医","icon":"hospital","path":"guide/life/hostpital"},{"text":"校园周边","icon":"nearby","path":"guide/life/nearby/index"}]}],"images":[],"id":"guide/life/index","scopeData":{"@type":"general","uniq_id":"guide/life/index","title":"生活","digest":"","thumbs":["https://mp.innenu.com/img/inNENU.jpg"],"tags":[]}}