{"title":"生活","author":"Mr.Hope","time":"2020年9月1日","grey":true,"shareable":true,"content":[{"tag":"list","content":[{"text":"理发","icon":"haircut","path":"guide/life//haircut"},{"text":"照相","icon":"photo","path":"guide/life//photo"},{"text":"打印","icon":"print","path":"guide/life//print"},{"text":"地铁卡公交卡","icon":"card","path":"guide/life//card"},{"text":"ATM","icon":"atm","path":"guide/life//atm"},{"text":"就医","icon":"hospital","path":"guide/life//hostpital"},{"text":"校园周边","icon":"nearby","path":"guide/life//nearby/index"}]}],"images":[],"id":"guide/life/index","scopeData":{"@type":"general","uniq_id":"guide/life/index","title":"生活","digest":"","thumbs":["https://mp.innenu.com/img/inNENU.jpg"],"tags":[]}}