{"title":"生活","author":"Mr.Hope","time":"2020年9月1日","grey":true,"shareable":true,"content":[{"tag":"list","content":[{"text":"理发","icon":"/module/icon/haircut.svg","base64Icon":"haircut","path":"guide/life/haircut"},{"text":"照相","icon":"/module/icon/photo.svg","base64Icon":"photo","path":"guide/life/photo"},{"text":"打印","icon":"/module/icon/print.svg","base64Icon":"print","path":"guide/life/print"},{"text":"地铁卡公交卡","icon":"/module/icon/card.svg","base64Icon":"card","path":"guide/life/card"},{"text":"ATM","icon":"/module/icon/atm.svg","base64Icon":"atm","path":"guide/life/atm"},{"text":"就医","icon":"/module/icon/hospital.svg","base64Icon":"hospital","path":"guide/life/hostpital"},{"text":"校园周边","icon":"/module/icon/nearby.svg","base64Icon":"nearby","path":"guide/life/nearby/index"}]}],"images":[],"id":"guide/life/index","scopeData":{"@type":"general","uniq_id":"guide/life/index","title":"生活","digest":"","thumbs":["https://mp.innenu.com/img/inNENU.jpg"],"tags":[]}}