{"title":"照相","author":"Mr.Hope","time":"2019年4月9日","shareable":true,"content":[{"tag":"text","type":"p","heading":"本部","text":["浴池一楼，专业摄影馆，照出来的照片效果还可以。","北苑复印店(但是他们家主营打印复印，照出来也不是很好看)"],"style":"text-indent: 1.5em; "},{"tag":"text","type":"p","heading":"净月","text":["二食堂楼下(书店、水果店旁)、二食堂一楼超市对面"],"style":"text-indent: 1.5em; "}],"images":[],"id":"guide/life/photo","scopeData":{"@type":"general","uniq_id":"guide/life/photo","title":"照相","digest":"本部 浴池一楼，专业摄影馆，照出来的照片效果还可以。 北苑复印店(但是他们家主营打印复印，照出来也不是很好看)净月 二食堂楼下(书店、水果店旁)、二食堂一楼超市对面","thumbs":["https://mp.innenu.com/img/inNENU.jpg"],"tags":[]}}