{"title":"疫情相关问答","author":"Mr.Hope","time":"2021年8月1日","grey":true,"shareable":true,"content":[{"tag":"list","header":"校园疫情防控","content":[{"text":"Q: 在当前疫情，学校有何种工作安排? 是否封校? 食堂、浴池、图书馆采取了哪些防范方法?\nA: 请参阅 “疫情管理调整”"},{"text":"疫情管理调整","icon":"virus","path":"guide/epidemic/manage"}]},{"tag":"list","header":"报到条件","content":[{"text":"Q: 入校需要满足哪些基本条件\nA: 请参阅 “报道所需条件”"},{"text":"新生报到需要满足的条件","icon":"info","path":"guide/epidemic/requirement"}]},{"tag":"list","header":"吉林疫情防控","content":[{"text":"Q: 吉林省本地出行需要防疫码么? 如何注册和获取?\nA: 吉林省本地乘坐公共交通，出入公共场所需要出示 “吉祥码”。"},{"text":"吉祥码介绍与注册","icon":"register","path":"guide/epidemic/jixiang-code/index"}]}],"images":[],"id":"guide/faq/epidemic","scopeData":{"@type":"general","uniq_id":"guide/faq/epidemic","title":"疫情相关问答","digest":"","thumbs":["https://mp.innenu.com/img/inNENU.jpg"],"tags":[]}}