{"title":"生活相关问答","author":"Mr.Hope","time":"2020年8月26日","grey":true,"shareable":true,"content":[{"tag":"list","header":"生活费","content":[{"text":"Q: 在东师，多少生活费比较合适?\nA: 600 - 1500 元，家庭极其贫困的学生可以收到来自学校、学院的补助，甚至不需要家里支出一分钱生活费。"}]}],"images":[],"id":"guide/faq/life","scopeData":{"@type":"general","uniq_id":"guide/faq/life","title":"生活相关问答","digest":"","thumbs":["https://mp.innenu.com/img/inNENU.jpg"],"tags":[]}}