{"title":"2019 秋季学期","content":[{"title":"8 月","icon":"./icon/study.svg","text":"新生报到时间: 8 月 16 日\n其他年级报到时间: 8 月 26 日\n新生军训日期: 8 月 18 日至 8 月 31 日\n新生英语水平测试: 8 月 24 日 8:00 - 10:30\n新生体测: 8 月 24 日 - 25 日"},{"title":"9 月","icon":"./icon/study.svg","text":"2016 级公费师范生应用实践: 9 月 2 日至 10 月 31 日\n中秋节: 9 月 13 日 - 9 月 15 日"},{"title":"10 月","icon":"./icon/study.svg","text":"10 月 1 日: 中华人民共和国建国 70 周年\n国庆节: 10 月 1 日至 7 日\n 9 月 29 日上 10 月 4 日(星期五)的课、10 月 12 日上 10 月 7 日(星期一)的课\n 10 月 31 日: 2016 级公费师范生应用实践结束"},{"title":"11 月","icon":"./icon/study.svg","text":"无"},{"title":"12 月","icon":"./icon/study.svg","text":"12 月 21 日: 研究生考试\n12 月 31 日: 考试周开始"},{"title":"1 月","icon":"./icon/study.svg","text":"1 月 1 日至 1 月 10 日: 考试周\n放假日期: 1 月 11 日"}]}