{"title":"放假相关问答","author":"Mr.Hope","time":"2021年8月4日","shareable":true,"content":[{"tag":"text","type":"info","heading":"东师寒暑假如何安排","text":["东师每年寒暑假固定 6 周，更多详情可详见校历。"]},{"tag":"list","header":false,"content":[{"text":"查看详情","icon":"calendar","url":"calendar"}]}],"images":[],"id":"guide/faq/vacation","scopeData":{"@type":"general","uniq_id":"guide/faq/vacation","title":"放假相关问答","digest":"东师寒暑假如何安排 东师每年寒暑假固定 6 周，更多详情可详见校历。","thumbs":["https://mp.innenu.com/img/inNENU.jpg"],"tags":[]}}