{"title":"疫情管理","grey":true,"author":"Mr.Hope","time":"2021年8月1日","shareable":true,"content":[{"tag":"text","type":"info","text":["如今，新冠疫情的全国大流行已经成为常态并将在未来很长一段时间内持续。学校也应对新冠疫情，制作并完善了现有的运行模式。"]},{"tag":"list","header":"相关内容","content":[{"text":"疫情管理调整","icon":"virus","path":"guide/epidemic/manage"},{"text":"新生报到需要满足的条件","icon":"alert","path":"guide/epidemic/requirement"}]},{"tag":"list","header":"东师e起战疫","content":[{"text":"小程序介绍","icon":"intro","path":"guide/epidemic/miniprogram/intro"},{"text":"小程序登陆","icon":"intro","path":"guide/epidemic/miniprogram/login"},{"text":"返校打卡","icon":"intro","path":"guide/epidemic/miniprogram/return"}]},{"tag":"list","header":"吉祥码","content":[{"text":"吉祥码简介","icon":"intro","path":"guide/epidemic/jixiang-code/intro"},{"text":"注册吉祥码","icon":"time","path":"guide/epidemic/jixiang-code/register"},{"text":"吉祥码常见问题","icon":"faq","path":"guide/epidemic/jixiang-code/faq"}]}],"images":[],"id":"guide/epidemic/index","scopeData":{"@type":"general","uniq_id":"guide/epidemic/index","title":"疫情管理","digest":"如今，新冠疫情的全国大流行已经成为常态并将在未来很长一段时间内持续。学校也应对新冠疫情，制作并完善了现有的运行模式。","thumbs":["https://mp.innenu.com/img/inNENU.jpg"],"tags":[]}}