{"title":"宿舍供网","author":"Mr.Hope","time":"2020年8月16日","shareable":true,"content":[{"tag":"title","text":"供网时间"},{"tag":"text","heading":"本部校区","text":["三舍: 6 点至次日 0 点。","体育公寓: 军事化管理无网络"]},{"tag":"text","heading":"净月校区","text":["春华、日华、秋华、光华公寓: 6:00 — (次日)0:00","夏华公寓: 全天","天华公寓: 与供电时间一致"]},{"tag":"text","heading":"提示","text":["研究生宿舍全天供网。","本科生寝室不屏蔽手机信号。"]},{"tag":"list","content":[{"text":"了解更多校园网相关","icon":"network","path":"guide/network/index"}]}],"images":[],"id":"guide/dorm/network","scopeData":{"@type":"general","uniq_id":"guide/dorm/network","title":"宿舍供网","digest":"本部校区 三舍: 6 点至次日 0 点。 体育公寓: 军事化管理无网络净月校区 春华、日华、秋华、光华公寓: 6:00 — (次日)0:00 夏华公寓: 全天 天华公寓: 与供电时间一致提示 研究生宿舍全天供网。 本科生寝室不屏蔽手机信号。","thumbs":["https://mp.innenu.com/img/inNENU.jpg"],"tags":["供网时间"]}}