{"title":"老乡群","author":"Mr.Hope","desc":"如需补充或替换请联系 QQ 1178522294\n替换条件:\n· 群内已有东师该省份学生不少于 50\n· 群主已失联且活跃的管理员两人以下 / 替换的群活跃人数大于原群 (任选其一)","time":"2021年8月7日","shareable":true,"content":[{"tag":"title","text":"东北师范大学老乡群"},{"tag":"text","type":"warning","heading":"郑重声明","text":["⚠显然不存在“官方”老乡群，Mr.Hope 仅保证以下老乡群的大部分成员均为东北师范大学学生。加群之后的任何后果与责任自负。"]},{"tag":"text","text":["吉林"]},{"tag":"copy","text":"882426824"},{"tag":"text","text":["黑龙江"]},{"tag":"copy","text":"1140357621"},{"tag":"text","text":["吉林长春老乡群"]},{"tag":"copy","text":"454504509"},{"tag":"text","text":["东北师范大学辽宁群"]},{"tag":"copy","text":"184208758"},{"tag":"text","text":["为内蒙古喝彩"]},{"tag":"copy","text":"64016787"},{"tag":"text","text":["湖北省老乡群"]},{"tag":"copy","text":"315504674"},{"tag":"text","text":["河北老乡群"]},{"tag":"copy","text":"666048072"},{"tag":"text","text":["湖南老乡群"]},{"tag":"copy","text":"157808753"},{"tag":"text","text":["天津老乡群"]},{"tag":"copy","text":"822145879"},{"tag":"text","text":["东北师大四川老乡会"]},{"tag":"copy","text":"1141767101"},{"tag":"text","text":["北京青年北漂在东师"]},{"tag":"copy","text":"174840954"},{"tag":"text","text":["上海学生群"]},{"tag":"copy","text":"250805068"},{"tag":"text","text":["江苏人在东师"]},{"tag":"copy","text":"962204345"},{"tag":"text","text":["江西老乡会"]},{"tag":"copy","text":"254531580"},{"tag":"text","text":["山东同学群"]},{"tag":"copy","text":"233854449"},{"tag":"text","text":["新疆新生群"]},{"tag":"copy","text":"307427221"},{"tag":"text","type":"warning","text":["新疆老乡群日常关闭群号搜索，Mr.Hope 暂时未能和相关群的群主或管理员取得有效联系。所以请自行找人拉您进群。"]},{"tag":"text","text":["西藏东师藏娃群"]},{"tag":"copy","text":"274507376"},{"tag":"text","text":["广东省新生群"]},{"tag":"copy","text":"794986523"},{"tag":"text","text":["广西东师桂友会"]},{"tag":"copy","text":"518898289"},{"tag":"text","text":["山西"]},{"tag":"copy","text":"303745491"},{"tag":"text","text":["青海"]},{"tag":"copy","text":"193593119"},{"tag":"text","text":["宁夏"]},{"tag":"copy","text":"366354996"},{"tag":"text","text":["安徽"]},{"tag":"copy","text":"340128156"},{"tag":"text","text":["福建"]},{"tag":"copy","text":"107092900"},{"tag":"text","text":["重庆市"]},{"tag":"copy","text":"327126156"},{"tag":"text","text":["浙江省"]},{"tag":"copy","text":"299414484"},{"tag":"text","text":["河南省"]},{"tag":"copy","text":"282119075"},{"tag":"text","text":["海南省"]},{"tag":"copy","text":"48355600"},{"tag":"text","text":["贵州省"]},{"tag":"copy","text":"98786880"},{"tag":"text","text":["云南省"]},{"tag":"copy","text":"457556109"},{"tag":"text","text":["陕西省"]},{"tag":"copy","text":"585179914"},{"tag":"text","text":["甘肃省"]},{"tag":"copy","text":"577264612"}],"images":[],"id":"guide/prepare/qq-group/fellow","scopeData":{"@type":"general","uniq_id":"guide/prepare/qq-group/fellow","title":"老乡群","digest":"郑重声明 ⚠显然不存在“官方”老乡群，Mr.Hope 仅保证以下老乡群的大部分成员均为东北师范大学学生。加群之后的任何后果与责任自负。吉林黑龙江吉林长春老乡群东北师范大学辽宁群为内蒙古喝彩湖北省老乡群河北老乡群湖南老乡群天津老乡群东北师大四","thumbs":["https://mp.innenu.com/img/inNENU.jpg"],"tags":["东北师范大学老乡群"]}}