{"title":"学院迎新群","author":"Mr.Hope","desc":"欢迎大家私聊并提交自己学院的新生群二维码","time":"2021年7月27日","shareable":true,"content":[{"tag":"title","text":"各学院官方迎新群"},{"tag":"text","type":"info","text":["下列群聊都是官方群，也就是学院团学组织建立且学院团委老师为管理员或群主的群，或辅导员为管理员或群主的年级群。]","根据校团委对新媒体的要求，只有团委老师本人负责的群，才可以以官方名义进行宣传。","Mr.Hope 也仅会核实并添加符合以上两点要求的群，所以请不要私聊发送自行创建的群。"]},{"tag":"img","src":"https://mp.innenu.com/img/about/physics-2021.jpg","desc":"物理学院新生群 (团学组织负责，有辅导员)"},{"tag":"img","src":"https://mp.innenu.com/img/about/environment-2021.jpg","desc":"环境学院新生群 (团学组织负责，有辅导员)"},{"tag":"img","src":"https://mp.innenu.com/img/about/foreign-benbu-2021.png","desc":"外国语学院本部新生群 (年级群，有辅导员)\n仅限英语专业 (英语、英语公费示范和英语优师专项计划)"},{"tag":"img","src":"https://mp.innenu.com/img/about/chemistry-2021.jpg","desc":"化学学院新生群 (团学组织负责)"},{"tag":"img","src":"https://mp.innenu.com/img/about/psychology-2021.png","desc":"心理学院新生群 (有18级辅导员)"},{"tag":"img","src":"https://mp.innenu.com/img/about/foreign-jingyue-2021.png","desc":"外国语学院净月新生群 (辅导员要求团学组织负责)\n仅限商务英语、日语、俄语专业"},{"tag":"img","src":"https://mp.innenu.com/img/about/ist-2021.png","desc":"信息技术与科学学院 (团学组织负责)"},{"tag":"img","src":"https://mp.innenu.com/img/about/media-2021.jpg","desc":"传媒科学学院(新闻学院) (团学组织负责)"},{"tag":"img","src":"https://mp.innenu.com/img/about/chinese-2021.png","desc":"文学院新生群 (年级群，有辅导员)"},{"tag":"img","src":"https://mp.innenu.com/img/about/art-2021.jpg","desc":"美术学院 (团学组织负责)"},{"tag":"text","type":"tip","text":["Mr.Hope 欢迎各学院团学组织的同学们或各位辅导员老师们联系并提供相关群的二维码。(⚠需要证实自己身份)"]},{"tag":"img","src":"https://mp.innenu.com/img/about/politics-2021.jpg","desc":"政法学院 (团学组织负责)"},{"tag":"title","text":"各学院非官方迎新群"},{"tag":"text","type":"warning","text":["下列群聊均为非官方群，也就是没有经过辅导员或学院团委老师批准，学长学姐自发建立的。","Mr.Hope 只会偶尔监控一下各群状态是否正常，不对群的正规性以及加群产生的任何后果负责。"]},{"tag":"ul","type":"info","heading":"列出要求","text":["管理员必须均为此学院学生且至少有两名管理为学生干部","已经证实的外校人员不得以任何理由留在群中","其他学院的学生无特殊理由不得留在群中","Mr.Hope 必须入群 (以定期确认状态)","群人数 ≥ 25"]},{"tag":"img","src":"https://mp.innenu.com/img/about/math-2021.png","desc":"数学学院"},{"tag":"img","src":"https://mp.innenu.com/img/about/biology-2021.jpg","desc":"生命科学学院"},{"tag":"img","src":"https://mp.innenu.com/img/about/economy-2021.png","desc":"经济与管理学院"},{"tag":"img","src":"https://mp.innenu.com/img/about/pe-2021.png","desc":"体育学院"},{"tag":"img","src":"https://mp.innenu.com/img/about/music-2021.jpg","desc":"音乐学院音乐学"},{"tag":"text","type":"tip","text":["如果您创建了符合上述要求的群，欢迎联系 Mr.Hope 提供。同时 Mr.Hope 极其不推荐一个学院存在多个非官方群。"]}],"images":["https://mp.innenu.com/img/about/physics-2021.jpg","https://mp.innenu.com/img/about/environment-2021.jpg","https://mp.innenu.com/img/about/foreign-benbu-2021.png","https://mp.innenu.com/img/about/chemistry-2021.jpg","https://mp.innenu.com/img/about/psychology-2021.png","https://mp.innenu.com/img/about/foreign-jingyue-2021.png","https://mp.innenu.com/img/about/ist-2021.png","https://mp.innenu.com/img/about/media-2021.jpg","https://mp.innenu.com/img/about/chinese-2021.png","https://mp.innenu.com/img/about/art-2021.jpg","https://mp.innenu.com/img/about/politics-2021.jpg","https://mp.innenu.com/img/about/math-2021.png","https://mp.innenu.com/img/about/biology-2021.jpg","https://mp.innenu.com/img/about/economy-2021.png","https://mp.innenu.com/img/about/pe-2021.png","https://mp.innenu.com/img/about/music-2021.jpg"],"id":"guide/prepare/qq-group/school","scopeData":{"@type":"general","uniq_id":"guide/prepare/qq-group/school","cover":"https://mp.innenu.com/img/about/physics-2021.jpg","title":"学院迎新群","digest":"下列群聊都是官方群，也就是学院团学组织建立且学院团委老师为管理员或群主的群，或辅导员为管理员或群主的年级群。] 根据校团委对新媒体的要求，只有团委老师本人负责的群，才可以以官方名义进行宣传。 Mr.Hope 也仅会核实并添加符合以上两点要求","thumbs":["https://mp.innenu.com/img/about/physics-2021.jpg","https://mp.innenu.com/img/about/environment-2021.jpg","https://mp.innenu.com/img/about/foreign-benbu-2021.png","https://mp.innenu.com/img/about/chemistry-2021.jpg","https://mp.innenu.com/img/about/psychology-2021.png","https://mp.innenu.com/img/about/foreign-jingyue-2021.png","https://mp.innenu.com/img/about/ist-2021.png","https://mp.innenu.com/img/about/media-2021.jpg","https://mp.innenu.com/img/about/chinese-2021.png","https://mp.innenu.com/img/about/art-2021.jpg"],"tags":["各学院官方迎新群","各学院非官方迎新群"]}}