{"title":"经济学类介绍","time":"2020年8月6日","shareable":true,"content":[{"tag":"title","text":"专业简介"},{"tag":"text","type":"p","text":["经济学院除学费不同的会计学(中外合作办学)外，均采用大类招生。","经济学类所有学费均为 3850 元/年。"],"style":"text-indent: 1.5em; "},{"tag":"list","header":"专业详情","content":[{"text":"市场营销","path":"intro/school/economy//market"},{"text":"人力资源管理","path":"intro/school/economy//manpower"},{"text":"经济学","path":"intro/school/economy//economy"},{"text":"金融学","path":"intro/school/economy//finance"},{"text":"会计学","path":"intro/school/economy//accountant"}]}],"images":[],"id":"intro/school/economy/class","scopeData":{"@type":"general","uniq_id":"intro/school/economy/class","title":"经济学类介绍","digest":"经济学院除学费不同的会计学(中外合作办学)外，均采用大类招生。 经济学类所有学费均为 3850 元/年。","thumbs":["https://mp.innenu.com/img/inNENU.jpg"],"tags":["专业简介"]}}