{"title":"校情统计","desc":"来源: 东北师范大学官网","time":"2021年7月4","shareable":true,"content":[{"tag":"title","text":"办学条件"},{"tag":"ul","text":["占地面积1,674,773平方米","图书馆藏书量397万册","电子图书254万册","教学用计算机11,820台","固定资产总额414,544万元","教学科研仪器设备76,595万元"]},{"tag":"title","text":"学生情况"},{"tag":"ul","text":["各类全日制在校学生26,997人","本科生14,559人","博士、硕士研究生11,448人","全日制长期在校留学生990人","非全日制在校学生6,034人"]},{"tag":"title","text":"教职工情况"},{"tag":"ul","text":["专任教师1671人","第三世界科学院院士1人","历届国务院学位委员会学科评议组成员9人","国家杰出青年基金获得者4人","中国科学院“百人计划”入选者3人","国家级教学名师4人","教授511人","博士生导师554人","行政人员604人","教辅人员393人","工勤人员189人","离退休人员2,106人"]},{"tag":"title","text":"学科情况"},{"tag":"ul","text":["学院(部)22个","博士后流动站22个","博士学位授权一级学科23个","硕士学位授权一级学科37个","本科专业81个","国家重点学科5个","吉林省重点学科34个","省、部级设置的研究(院/所/中心)、实验室110个"]}],"images":[],"id":"intro/about/public/basic","scopeData":{"@type":"general","uniq_id":"intro/about/public/basic","title":"校情统计","digest":"","thumbs":["https://mp.innenu.com/img/inNENU.jpg"],"tags":["办学条件","学生情况","教职工情况","学科情况"]}}