{"title":"信息管理系","author":"Mr.Hope","time":"2021年7月10日","desc":"","shareable":true,"content":[{"tag":"p","text":["信息管理系的前身是始建于1960年的图书馆学专修科，1979年恢复图书馆学专修科并于当年招生,1980年正式建立图书馆学系,招收图书馆学本科生。 2010年，经过专业整合，与计算机科学系、教育技术系合并为计算机科学与信息技术学院。","目前信息管理系有图书馆学、信息资源管理两个本科专业，其中，信息资源管理专业将于2014年招生。设图书与档案管理、信息资源管理两个教研室，拥有图书馆学、情报学、档案学三个硕士学位授权点，具有图书、情报与档案管理一级学科硕士点。","信息管理系现有专职教师12人，其中教授3人(含其中博士生导师1人)，副教授5人，有博士学位7人，另有客座教授、讲座教授、兼职教授5 人，研究馆员1人，副研究馆员、高级工程师各1人，组成一个结构合理的科研和教学团队。主要研究方向有图书馆学理论与图书馆事业、信息资源管理、数字图书馆研究、信息技术应用、信息组织与检索、信息分析与咨询和数据管理等。","信息管理系设信息研究与咨询中心、数字图书馆研究所和图书物联网研究所等研究机构。图书物联网研究所成立于2013年10月，是与北京人天集团联合组建的理事会领导下的研究所，重点研究物联网环境下的各类应用信息问题。","信息管理系拥有完善的文献和实验中心，数字图书馆实验室拥有以色列艾丽贝斯公司较完整的系列产品及其他数字平台，可以满足大多数专业课程教学和科研的需要。与北京大学信息管理系共同建立的“‘北大—东师’情报学研究联合实验室”，共同探究情报学领域前沿热点问题，吸收情报学领域的最新成果，应用于情报学研究领域。","在培养层次上，形成了多层次、多类型、多级别的专业教育体系，满足了社会不同层次、不同类型的人才需求。现有本科生130人，硕士研究生80人。具有良好的教学、实验及信息资源条件，作为东北地区乃至全国图书、情报、档案专业人才培养的重要基地，自成立以来为国家培养了3000多名专业人才，他们中的很多人成为各部门的业务骨干，为我国的图书、情报、档案事业的发展做出了重要贡献。目前毕业生遍布中科院、社科院、北京大学、清华大学等众多图书情报档案领域的教学、科研、管理等岗位，以及世界500强、国内知名企业和政府部门的信息管理、知识管理岗位。","近年来，信息管理系承担国家级、省部级等科学研究课题20余项，出版专著和教材10余部。在国家级刊物及CSSCI刊物上发表论文100多篇。","信息管理系积极开展国内外学术交流与科研合作，与美国、日本及台湾、香港地区和国内部分高校、研究机构建立和开展了合作与交流，开设的“东师图情论坛”正逐渐受到瞩目。"],"style":"text-indent: 1.5em; "}],"images":[],"id":"intro/school/ist/manage","scopeData":{"@type":"general","uniq_id":"intro/school/ist/manage","title":"信息管理系","digest":"信息管理系的前身是始建于1960年的图书馆学专修科，1979年恢复图书馆学专修科并于当年招生,1980年正式建立图书馆学系,招收图书馆学本科生。 2010年，经过专业整合，与计算机科学系、教育技术系合并为计算机科学与信息技术学院。 目前信息","thumbs":["https://mp.innenu.com/img/inNENU.jpg"],"tags":[]}}