{"title":"播音与主持艺术专业","desc":"来源: 传媒科学学院官网","time":"2021年7月9日","shareable":true,"content":[{"tag":"title","text":"学科简介"},{"tag":"p","text":["2011年东北师范大学传媒科学学院获教育部批准开设播音与主持艺术专业，同年成立播音与主持艺术系。本专业紧紧结合现代媒介变化与社会发展需求，全面贯彻党的教育方针，充分体现综合大学多元化教育理念，培养具有自主创新精神、政治思想过硬、全媒体融合发展的中国特色社会主义新型传媒人才。","本专业建立了“厚基础、重实践”的课程体系，在语言学、传播学、新闻学、社会学、艺术学等基础上，注重语言表达、语音纯正、文艺表演、新闻采编的专业学习特色；注重视野开阔、立德树人的传媒人思想品行，同时鼓励学生开辟个人双学位学习。"],"style":"text-indent: 1.5em; "},{"tag":"title","text":"培养方向"},{"tag":"p","text":["本专业旨在培养广播电视播音员、各类文艺节目、新闻节目主持人以及全媒体采、编、播、制作一体化多能人才；培养能够胜任新闻采访、媒体访谈、影视配音及播音主持艺术教育的专业人才。"],"style":"text-indent: 1.5em; "},{"tag":"title","text":"学费价格"},{"tag":"p","text":["数字媒体技术专业学费为 ￥5060/年"],"style":"text-indent: 1.5em; "},{"tag":"title","text":"主干课程"},{"tag":"ul","text":["普通话语言语音基础","口语表达与述评","新闻播音","广播节目主持","电视节目主持","表演艺术基础","主持人文案写作"]},{"tag":"title","text":"师资力量"},{"tag":"ul","heading":"系主任","text":["孟翀"]},{"tag":"ul","heading":"专业教师","text":["史册","王建辉","洪杨","孟翀","王若子","侯月","王洋"]},{"tag":"title","text":"能力培养要求"},{"tag":"ol","text":["熟悉党和国家新闻和文艺宣传方针、政策、法规。成为党文化宣传的重要力量。","熟练掌握本专业核心知识体系，如中国播音学、中国语言文学、新闻传播学、艺术学的基本知识。","熟练掌握广播电视新闻播音、语言表达与评述、广播电视节目主持、文艺演播与表演、新闻采编与评论、节目策划与制作等方面的知识技能。","具备广播电视节目策划、采访、写作、评论、编辑能力。","具备一定的外语会话与采访能力。","具备现代媒体相关的经营管理知识，具备行业所需的高标准业务素质，熟悉传媒产品的市场规律。","基本掌握现代媒体相关的新媒体技术知识。","初步了解常用编播设备的使用方法。"]}],"images":[],"id":"intro/school/media/host","scopeData":{"@type":"general","uniq_id":"intro/school/media/host","title":"播音与主持艺术专业","digest":"2011年东北师范大学传媒科学学院获教育部批准开设播音与主持艺术专业，同年成立播音与主持艺术系。本专业紧紧结合现代媒介变化与社会发展需求，全面贯彻党的教育方针，充分体现综合大学多元化教育理念，培养具有自主创新精神、政治思想过硬、全媒体融合发","thumbs":["https://mp.innenu.com/img/inNENU.jpg"],"tags":["学科简介","培养方向","学费价格","主干课程","师资力量","能力培养要求"]}}