{"title":"美术学院招生","author":"Mr.Hope","time":"2020年8月6日","shareable":true,"content":[{"tag":"title","text":"本科招生情况"},{"tag":"text","type":"p","text":["美术学院设有美术学(师范)、美术学(非师范)、设计学类、雕塑等四个专业。"],"style":"text-indent: 1.5em; "},{"tag":"list","header":"本科专业介绍","content":[{"text":"美术学(师范)","path":"intro/school/art/art-normal"},{"text":"美术学(非师范)","path":"intro/school/art/art"},{"text":"设计学类","path":"intro/school/art/design"},{"text":"雕塑","path":"intro/school/art/sculptue"}]},{"tag":"list","header":"其他院系介绍","content":[{"text":"综合实验艺术","path":"intro/school/art/experiment"}]},{"tag":"title","text":"硕士研究生招生概况"},{"tag":"img","src":"https://mp.innenu.com/img/school/art-master.png"},{"tag":"text","heading":"硕士研究生招生咨询电话"},{"tag":"phone","fName":"志新","lName":"程","num":"0431-84537613","org":"东北师范大学美术学院","title":"硕士研究生招生负责人","street":"吉林省长春市净月大街 2555 号","postCode":"130117","email":"chengzx977@nenu.edu.cn"}],"images":["https://mp.innenu.com/img/school/art-master.png"],"id":"intro/school/art/enroll","scopeData":{"@type":"general","uniq_id":"intro/school/art/enroll","cover":"https://mp.innenu.com/img/school/art-master.png","title":"美术学院招生","digest":"美术学院设有美术学(师范)、美术学(非师范)、设计学类、雕塑等四个专业。硕士研究生招生咨询电话 ","thumbs":["https://mp.innenu.com/img/school/art-master.png"],"tags":["本科招生情况","硕士研究生招生概况"]}}