{"title":"师范生介绍","author":"Mr.Hope","time":"2021年7月27日","grey":true,"shareable":true,"content":[{"tag":"list","content":[{"text":"公费师范生介绍","icon":"teacher","path":"guide/degree/normal/free-intro"},{"text":"公费师范生协议证书","icon":"contract","path":"guide/degree/normal/free-contract"},{"text":"优师专项师范生介绍","icon":"teacher","path":"guide/degree/normal/great-intro"},{"text":"优师专项师范生协议证书","icon":"contract","path":"guide/degree/normal/great-contact"}]}],"images":[],"id":"guide/degree/normal/index","scopeData":{"@type":"general","uniq_id":"guide/degree/normal/index","title":"师范生介绍","digest":"","thumbs":["https://mp.innenu.com/img/inNENU.jpg"],"tags":[]}}