{"title":"北苑餐厅","grey":true,"desc":"概况部分来自东北师范大学后勤保障部官网","author":"Mr.Hope","time":"2019年4月9日","shareable":true,"content":[{"tag":"text","type":"p","heading":"概况","text":["北苑餐厅位于校区北部，靠近学生二舍，是校区内最大的学生餐厅。餐厅始建于2002年，建筑面积10000平方米，可同时容纳约2600人就餐。","北苑餐厅一共有两层楼，食堂环境良好。北苑餐厅一楼整体区域分为两个部分。位于北侧的区域为基本餐区，一楼南侧为特色档口，以特色餐和各式快餐为主。二楼北侧是清真餐厅，有多种清真食物。二楼南侧为其特色档口。","另外北苑餐厅还提供学子卡充值、联通业务办理、银行存取款、打字复印等业务。","服务电话:"],"style":"text-indent: 1.5em; "},{"tag":"phone","num":"0431-85098638","fName":"北苑餐厅服务电话","org":"东北师范大学"},{"tag":"img","src":"https://mp.innenu.com/img/dining/dining2.jpg"},{"tag":"list","header":"基本餐","content":[{"text":"基本餐价格比较亲民，每天都会制订几款特价菜品，分时间段供应三餐。"},{"text":"了解更多","path":"guide/dining/beiyuan/basic"}]},{"tag":"list","header":"特色档口","content":[{"text":"特色档口以特色餐和各式快餐为主。几乎所有档口不分时段供应对应饮食，价格比外面餐馆略低。"},{"text":"了解更多","path":"guide/dining/beiyuan/special"}]},{"tag":"list","header":"清真餐厅","content":[{"text":"清真餐厅位于二楼北侧，食物多种多样。"},{"text":"了解更多","path":"guide/dining/beiyuan/muslim"}]}],"images":["https://mp.innenu.com/img/dining/dining2.jpg"],"id":"guide/dining/beiyuan/index","scopeData":{"@type":"general","uniq_id":"guide/dining/beiyuan/index","cover":"https://mp.innenu.com/img/dining/dining2.jpg","title":"北苑餐厅","digest":"概况 北苑餐厅位于校区北部，靠近学生二舍，是校区内最大的学生餐厅。餐厅始建于2002年，建筑面积10000平方米，可同时容纳约2600人就餐。 北苑餐厅一共有两层楼，食堂环境良好。北苑餐厅一楼整体区域分为两个部分。位于北侧的区域为基本餐区，","thumbs":["https://mp.innenu.com/img/dining/dining2.jpg"],"tags":[]}}