{"title":"洗护用品类","author":"Mr.Hope","time":"2021年7月9日","shareable":true,"content":[{"tag":"text","type":"tip","text":["标记 “*” 的意味着往年校内超市有售"]},{"tag":"title","text":"推荐在学校超市直接购买的"},{"tag":"ul","text":["牙刷*","牙膏*","漱口杯*","洗面奶*","沐浴球*","搓澡巾(南方的同学们可以尝试一下)*","洗发水*","沐浴露*","洗衣粉 / 洗衣液*","鞋刷*","盆子*(两个，大盆洗外服，小盆洗脚、内衣内裤和袜子)","暖壶*","香皂 / 香皂盒*","肥皂 / 肥皂盒*","刷子*","毛巾*"]},{"tag":"title","text":"建议自行购买的"},{"tag":"ul","text":["剃须刀","护肤品","护手霜"]},{"tag":"title","text":"医药卫生用品类"},{"tag":"ul","heading":"推荐在学校超市直接购买的","text":["纸卷*","纸巾*","纸巾筒*","感冒药*","肠胃药*","湿巾*","创可贴*","卫生巾(男生就不要备这个了)*","花露水*","风油精*","清凉油*"]},{"tag":"ul","heading":"建议自行购买的","text":["防晒霜","其他常用药 (新生刚来没有保险，校医院是不报销的；净月校区内没有药店)","小型家用药箱"]}],"images":[],"id":"guide/necessity/washing","scopeData":{"@type":"general","uniq_id":"guide/necessity/washing","title":"洗护用品类","digest":"标记 “*” 的意味着往年校内超市有售牙刷* 牙膏* 漱口杯* 洗面奶* 沐浴球* 搓澡巾(南方的同学们可以尝试一下)* 洗发水* 沐浴露* 洗衣粉 / 洗衣液* 鞋刷* 盆子*(两个，大盆洗外服，小盆洗脚、内衣内裤和袜子) 暖壶* 香皂 ","thumbs":["https://mp.innenu.com/img/inNENU.jpg"],"tags":["推荐在学校超市直接购买的","建议自行购买的","医药卫生用品类"]}}