{"title":"教务处","grey":true,"author":"Mr.Hope","time":"2020年8月14日","shareable":true,"content":[{"tag":"list","content":[{"text":"机构设置","icon":"info","path":"intro/apartment/course//intro"},{"text":"各学院教务秘书电话","icon":"phone","path":"intro/apartment/course//contact"}]}],"images":[],"id":"intro/apartment/course/index","scopeData":{"@type":"general","uniq_id":"intro/apartment/course/index","title":"教务处","digest":"","thumbs":["https://mp.innenu.com/img/inNENU.jpg"],"tags":[]}}