{"title":"民族教育学院","grey":true,"author":"Mr.Hope","time":"2021年7月28日","shareable":true,"content":[{"tag":"list","content":[{"text":"学院简介","icon":"intro","path":"intro/school/people/intro"},{"text":"一年制培养","icon":"plan","path":"intro/school/people/one-year"},{"text":"两年制培养","icon":"plan","path":"intro/school/people/two-year"}]},{"tag":"copy","header":"官网地址","text":"https://mzjy.nenu.edu.cn/"}],"images":[],"id":"intro/school/people/index","scopeData":{"@type":"general","uniq_id":"intro/school/people/index","title":"民族教育学院","digest":"","thumbs":["https://mp.innenu.com/img/inNENU.jpg"],"tags":[]}}