{"title":"新生问答","author":"Mr.Hope","time":"2020年8月26日","grey":true,"shareable":true,"content":[{"tag":"list","content":[{"text":"录取相关","path":"guide/faq/enroll"},{"text":"疫情相关","path":"guide/faq/epidemic"},{"text":"报到相关","path":"guide/faq/check"},{"text":"生活相关","path":"guide/faq/life"},{"text":"疑问解答","path":"guide/faq/question"}]}],"images":[],"id":"guide/faq/index","scopeData":{"@type":"general","uniq_id":"guide/faq/index","title":"新生问答","digest":"","thumbs":["https://mp.innenu.com/img/inNENU.jpg"],"tags":[]}}