{"title":"新生问答","author":"Mr.Hope","time":"2021年8月1日","grey":true,"shareable":true,"content":[{"tag":"list","content":[{"text":"录取相关","icon":"enroll","path":"guide/faq/enroll"},{"text":"疫情相关","icon":"virus","path":"guide/epidemic/manage"},{"text":"报到相关","icon":"check","path":"guide/faq/check"},{"text":"生活相关","icon":"life","path":"guide/faq/life"}]}],"images":[],"id":"guide/faq/index","scopeData":{"@type":"general","uniq_id":"guide/faq/index","title":"新生问答","digest":"","thumbs":["https://mp.innenu.com/img/inNENU.jpg"],"tags":[]}}