{"title":"金融学专业","author":"Mr.Hope","time":"2020年8月6日","desc":"来源: 东北师范大学罗格斯大学纽瓦克学院官网","shareable":true,"content":[{"tag":"title","text":"专业简介"},{"tag":"text","type":"p","text":["本专业培养掌握金融学专业及相关产业知识，拥有金融专业技能，能够从事金融活动和管理的专业人才。本专业通过项目拉动和实习体验提供给学生成才的机会，激发学生对注册理财金融规划师的职业兴趣，使学生具有掌控金融风险和分析评估的能力，以及具备多方面资金管理如投资、集资、筹资等的能力。"],"style":"text-indent: 1.5em; "},{"tag":"title","text":"就业方向"},{"tag":"text","type":"ul","text":["金融规划、金融经济、证券交易、投资、投资分析、保险等领域","银行、证券公司、保险公司，以及政府、企事业相关部门"]}],"images":[],"id":"intro/school/newark/finance","scopeData":{"@type":"general","uniq_id":"intro/school/newark/finance","title":"金融学专业","digest":"本专业培养掌握金融学专业及相关产业知识，拥有金融专业技能，能够从事金融活动和管理的专业人才。本专业通过项目拉动和实习体验提供给学生成才的机会，激发学生对注册理财金融规划师的职业兴趣，使学生具有掌控金融风险和分析评估的能力，以及具备多方面资金","thumbs":["https://mp.innenu.com/img/inNENU.jpg"],"tags":["专业简介","就业方向"]}}