{"title":"纽瓦克学院","grey":true,"author":"Mr.Hope","time":"2020年8月14日","shareable":true,"content":[{"tag":"list","content":[{"text":"学院简介","icon":"/icon/about.svg","path":"intro/school/newark/intro"},{"text":"专业介绍","icon":"/module/icon/info.svg","path":"intro/school/newark/enroll"}]}],"images":[],"id":"intro/school/newark/index","scopeData":{"@type":"general","uniq_id":"intro/school/newark/index","title":"纽瓦克学院","digest":"","thumbs":["https://mp.innenu.com/img/inNENU.jpg"],"tags":[]}}