{"title":"新生课程知识库","author":"Mr.Hope","time":"2021年8月1日","shareable":true,"content":[{"tag":"title","text":"学校情况"},{"tag":"ul","text":["原名东北大学。","现任校长是刘益春。","被誉为人民教师的摇篮","校训是勤奋创新，为人师表。","是东北地区第 1 所综合性大学","有 70 多年的建校历史。","教育理念是“尊重的教育，创造的教育”","新型人才培养模式是“宽口径，厚基础，精专业，多出路”","已建成 700 方米的场地用于同学的咨询服务与教育活动。","提倡的“U-G-S”教师教育协同创新模式指的是“师范大学-地方政府-中小学校”一起协同。"]},{"tag":"title","text":"就业"},{"tag":"ul","text":["2015 年开始主办“全国高校毕业生教育人才招聘会”。","中央电视台《新闻联播》栏目连续13年报道我校就业工作。","学校学生就业率始终保持在 98% 左右。","多年来我校的学生受到各行各业的广泛欢迎，用人单位说我们的学生具有“三实”品格，即”专业扎实，工作踏实，作风朴实“"]},{"tag":"title","text":"奖学金"},{"tag":"ul","text":["学校的本科生奖学金包括学校奖学金、国家奖学金、社会奖学金。","学校设立奖学金的目的是为了激励学生勤奋学习、努力进取；激励学生在德、智、体、美等方面全面发展；通过奖学金对学生实现的每一个小目标给予认可；奖励品学兼优、特别优秀的学生。"]},{"tag":"title","text":"资助"},{"tag":"ul","text":["我校目前的资助政策体系包括“奖、贷、助、补、勤、减、免”。","我校“四维驱动”发展型资助工作模式主要包括精准资助、信仰资助、素质资助、人文资助。","我校的助学金种类包括国家助学金、学校助学金和社会捐助。","励志奖学金包括国家励志奖学金和学校励志奖学金。","国家励志奖学金标准为5000元。","国家助学贷款分为“生源地信用助学贷款”和“校园地信用贷款”，每年最高可贷“8000”元。","根据国家政策，助学贷款的利息按基准利率执行，现阶段为 4.9%。","在校期间，助学贷款产生的贷款利息由“国家财政”补贴。","学生毕业后须在 5 年内开始偿还助学助学贷款本金，在学制加 15 年、最长不超过 22 年内还清。即可以从 4 年开始还、13年内还清。","现阶段国家助学金标准为 2000 - 4000 元。","为了让大家合理使用助学金，我校采取“分年”评审，“按月”发放方式。","我校资助对象分为一般、重点和特别。","学生资助管理中心的微信公众号是东师资助。","如有意愿参加我校勤工助学，需参加“勤工助学培训营”获得勤工助学资格。","现阶段，我校勤工助学工资为每小时 12 元。","参加勤工助学的同学每周工作时间不得超过“8”小时。","申请我校资助对象必须是我校非公费师范专业的全日制在校学生，同时家庭经济困难，难以满足基本学费和生活费。","在爱心超市学生可以通过虚拟“爱心货币”兑换方式获得学习和生活用品。"]},{"tag":"title","text":"新生入学"},{"tag":"ul","text":["按照国家招生规定录取的新生必须持《东北师范大学录取通知书》按照规定的日期来校报到并办理入学手续。因故不能按期入学的，必须事先向所在学院(部)提交书面申请，并附相关证明。","新生军训期间，将组织新生进行大学英语水平测试，根据水平测试成绩，分为普通类A班B班、术科类C班D班。","对于部分有特殊情况的同学导致无法在规定时间内进行大学生体质测试，视其情况可申请免测或缓测。","新生入学后的第一个学期采取注课制，一般在学期初进行。","新生研讨课(Freshman Seminars)是专门面向大一新生开设的小班研讨类课程，教学方式以研讨式教学为主。一般包括课后扩展延伸、课堂有效讨论、课前资料、有效预习等环节。","适应大学学习最核心、关键的是转换观念，形成自主学习意识。","根据教育部《学生体质健康监测评价办法》(教体艺[2014]3号)文件精神，每位大学生每学年需要进行一次体质测试，体质测试成绩占期末课程考试总成绩的30%。"]},{"tag":"title","text":"规章制度"},{"tag":"ul","text":["我校大学生可自愿参加大学生医保补充医疗保险。","我校的课程体系由通识教育课程、专业教育课程和发展方向课程组成。","我校标准学制为 4 年，修业年限 3 - 5 年。不同专业毕业最低学分要求不同，原则上在 135 - 155 学分之间。","学业预警按照情节轻重程度分为学业警示和退学警示。","初次达到退学警示一年后，再次受到退学警示，学校将予以退学处理。","在校期间治疗先天性疾病所需费用医院不予报销.","患有疾病，经指定医院诊断证明，必须停课治疗、休养时间占一学期总学时三分之一以上的可以办理休学。","因其他特殊原因(含创业)，本人申请或学校认为必须休学的可以办理休学。","一学期缺课累计超过本学期总学时三分之一(含)以上的或事假超过三十天以上，继续学习有困难的可以办理休学。","学生应当遵守学校的规章制度和纪律；在不同的教育阶段，应当根据自身的年龄和学历，避免和消除相应的危险。","转专业的要求是从未转过专业、在校期间无违法违纪行为，未受过处分、在读一、二年级的本科非定向生、身体条件符合申请转入专业的体检标准者、非艺术类、体育类、中外合作办学类等特殊招生专业。","《东北师范大学学生违纪惩处办法》规定不能进行以下行为: 在校内打麻将、在寝室吸烟、在宿舍饲养宠物。","对于因病或其它特殊情况不能正常参加期末考试者，须出具县级以上医院证明等材料，方能申请缓考。","任何人不得在学校打架斗殴、寻衅滋事，不得将非教学所需的易燃易爆物品、有毒物品、动物、管制刀具和其他可能危及学校安全的物品带入校园。"]},{"tag":"title","text":"国家安全"},{"tag":"ul","text":["我国于 2015年7月1日 颁布了《中华人民共和国国家安全法》。","《国家安全法》规定 4月15日 为全民国家安全教育日。","公民和组织发现间谍行为，应当及时向国家安全机关报告，立即拨打举报电话12339。","习近平总书记在主持召开中央国家安全委员会第一次会议时提出，要坚持总体国家安全观，走出一条中国特色国家安全道路。","“总体国家安全观”提出要以人民安全为宗旨，以政治安全根本，以经济安全为基础，以军事、文化和社会安全为保障，以促进国际安全为依托，走中国特色国家安全道路。"]},{"tag":"title","text":"人身安全"},{"tag":"ul","text":["为妥善保管好自己的现金及贵重物品等财务，应将现金存入银行、贵重物品锁起来。","在食堂打饭时手机和钱不要放在外衣口袋里，同时不用书包占位。这能有效防止物品被盗。","不留外人住宿，随手锁门、关窗，配合学校搞好宿舍的防范工作，贵重物品妥善保管，宿舍钥匙妥为保管可以有效预防宿舍财物丢失。","女生夜间行走应注意保持警惕，最好结伴而行，不走偏僻、阴暗的小路；不要穿过份暴露的衣服；不要搭乘陌生人的车辆，防止落入坏人圈套；陌生男人问路，不要带路；向陌生男人问路，不要让他带路。","穿行车辆量大的路口时，应当等绿灯亮了之后再过马路。","骑自行车通过没有非机动车信号灯的路口应确认安全后迅速通过。"]},{"tag":"title","text":"消防安全"},{"tag":"ul","text":["离开宿舍时拔下电源插头","不躺在卧室吸烟和乱扔烟头，禁止在宿舍里吸烟","不在宿舍使用“热得快”等违章电器","宿舍内每人一台电脑共用一个插座，同时使用会出现接触电阻过大现象。","不在宿舍使用酒精炉","高层建筑发生火灾时，人员不能使用建筑物中的普通电梯进行安全疏散。","高层建筑发生火灾时，人员可以使用建筑物中的防烟楼梯、悬挂式逃生楼梯、室外楼梯进行安全疏散。","在拨打火警电话向公安消防队报火警时,必须讲清发生或在单位或个人的详细地址、火灾概况、报警人基本情况、起火物、火势情况和报警人的姓名和所用的电话号码。","遭遇火险应湿毛巾掩住口鼻，从安全通道匍匐前进；也可披上浸湿的衣服，向安全出口方向逃生。","遭遇火险可以用床单、衣服等自制简易救生绳从楼上小心滑下","身上着火，可就地打滚或用厚重的衣物压灭火苗","干粉灭火器扑救可燃物火灾时，应对准火焰根部喷射，并上下、左右扫射。","二氧化碳灭火器是扑灭精密仪器火灾的最佳选择。"]},{"tag":"title","text":"身体健康"},{"tag":"ul","text":["世界艾滋病日在 12月1日。","艾滋病的传播途径包括注射毒品、母婴传播、性传播、血液传播等。蚊虫叮咬不能导致传播。","1993年至2018年10月，吉林省现存活艾滋病病毒感染者和病人约7千余例。","软组织损伤后24小时内应该冷敷。","在火灾或日常生活中，如被烧、烫伤最有效的应急方法是用冷水浸泡或冰块冷敷等紧急散热措施。","运动过程中的靶心率简易计算为为170 — 年龄(次/分)","心脏骤停黄金抢救时间为4分钟","心肺复苏时胸外按压的深度至少需要5厘米。","心肺复苏中单人或双人复苏时胸外按压与通气的比率为 30:2","心肺复苏指南中胸外按压的部位为双乳头连线中点，胸骨中部。","心肺复苏指南中的胸外按压的频率为100~120次/分","颈、脊椎或腰部骨折病人搬运应该让伤者躺在木板上，在其颈部或其他受伤部位用软布或毛巾绑扎。"]},{"tag":"title","text":"心理健康"},{"tag":"ul","text":["世界卫生组织最近发布的健康新概念是指身体上和心理上保持健康的状态，并具有良好的社会适应能力。","悦纳自我，第一步要做到正确的认识自己、了解自己。","进入大学，面对身边同学脾气秉性、生活习惯都有很大差异的情况，应该用欣赏的眼光看待自己与身边人，接纳彼此的差异，在差异中和谐相处，共同成长。","上大学后感觉不如别人优秀，心理有落差的原因是自我评价出现偏差","用OK眼镜看自己和建立优势档案袋是促进自我发展、悦纳自己的有效方法。","可以从“自我发展、人际发展、学习发展”三个方面入手，更快、更好地适应大学生活。","当您感觉到只靠自己的力量没法很好的解决内心困扰时，清预约心理咨询。","在大学中促进人际发展，与同学和谐相处的有效途径是绘制人际资源图谱。","学生心理发展指导中心为学生组织成员提供的自主学习的场所叫做朋辈活动室。","学生心理发展指导中心的功能室包括面谈咨询室、沙盘治疗室、音乐放松室。","学生心理发展指导中心下设的学生组织名称是东师心晴服务团。","学生心理发展指导中心的微信公众平台名称为东师心晴dsxq。"]}],"images":[],"id":"guide/yiban/answer","scopeData":{"@type":"general","uniq_id":"guide/yiban/answer","title":"新生课程知识库","digest":"原名东北大学。 现任校长是刘益春。 被誉为人民教师的摇篮 校训是勤奋创新，为人师表。 是东北地区第 1 所综合性大学 有 70 多年的建校历史。 教育理念是“尊重的教育，创造的教育” 新型人才培养模式是“宽口径，厚基础，精专业，多出路” 已","thumbs":["https://mp.innenu.com/img/inNENU.jpg"],"tags":["学校情况","就业","奖学金","资助","新生入学","规章制度","国家安全","人身安全","消防安全","身体健康"]}}