{"title":"地理科学专业","desc":"来源: 地理科学学院官网","time":"2021年7月4","shareable":true,"content":[{"tag":"title","text":"培养目标"},{"tag":"text","type":"p","text":["主要培养具有高尚的人文品格和坚实的科学素养，掌握地理学的基本理论与方法，掌握现代地理信息分析与处理的基本技能，具有宽广的地理科学视野，较强的地理创新思维和实践能力，并能够进行国际交流的地理科学综合型人才。","本专业根据学生志愿实施定向培养，毕业生可以选择从事地理基础教育工作，同时选拔部分学生进入创新人才培养基地班，实行本硕博一体化培养，学习成绩优异者可直接推荐免试攻读硕士学位研究生。"],"style":"text-indent: 1.5em; "},{"tag":"title","text":"主干课程"},{"tag":"ul","text":["高等数学","普通物理","无机化学","地质学","地貌学","第四纪环境学","气象学与气候学","水文学","生物地理学","土壤地理学","遥感原理与方法","地理信息系统","空间分析","人文地理学","经济地理学","城市地理学"]},{"tag":"title","text":"就业方向"},{"tag":"text","type":"p","text":["从事地理科学及相关领域的科学研究和管理等工作，攻读地理学或相关专业的硕士研究生。"],"style":"text-indent: 1.5em; "}],"images":[],"id":"intro/school/geography/geography","scopeData":{"@type":"general","uniq_id":"intro/school/geography/geography","title":"地理科学专业","digest":"主要培养具有高尚的人文品格和坚实的科学素养，掌握地理学的基本理论与方法，掌握现代地理信息分析与处理的基本技能，具有宽广的地理科学视野，较强的地理创新思维和实践能力，并能够进行国际交流的地理科学综合型人才。 本专业根据学生志愿实施定向培养，毕","thumbs":["https://mp.innenu.com/img/inNENU.jpg"],"tags":["培养目标","主干课程","就业方向"]}}