{"title":"小学教育专业","desc":"来源: 教育学部官网","time":"2020年8月6日","shareable":true,"content":[{"tag":"title","text":"专业简介"},{"tag":"text","type":"p","text":["旨在引导和促进学生成为有见识、有能力、有责任感的自主学习者，培养忠诚教育事业，具有现代教育理念，深厚教育理论素养，宽广的教育视野，较强的教育、教学、科研、管理能力和创新精神的适应21世纪需要的高素质、专业化、全科型小学教师。本专业实行本硕一体化培养，学习成绩优秀者可直接推荐免试攻读硕士学位研究生。"],"style":"text-indent: 1.5em; "},{"tag":"title","text":"主干课程"},{"tag":"text","type":"ul","text":["教育概论","中国教育史","外国教育史","教学论","课程论","教育研究方法","发展心理学","教师语言技能","教师书画技能","初等数学研究","语文基础","小学课堂教学技能","教学课件设计与制作","班主任工作","小学数学教学论","小学语文教学论","课堂管理艺术","课程与教学改革","小学心理健康教育"]},{"tag":"title","text":"就业方向"},{"tag":"text","type":"p","text":["从事基础教育研究或基础教育教学实践工作。"],"style":"text-indent: 1.5em; "}],"images":[],"id":"intro/school/education/primary","scopeData":{"@type":"general","uniq_id":"intro/school/education/primary","title":"小学教育专业","digest":"旨在引导和促进学生成为有见识、有能力、有责任感的自主学习者，培养忠诚教育事业，具有现代教育理念，深厚教育理论素养，宽广的教育视野，较强的教育、教学、科研、管理能力和创新精神的适应21世纪需要的高素质、专业化、全科型小学教师。本专业实行本硕一","thumbs":["https://mp.innenu.com/img/inNENU.jpg"],"tags":["专业简介","主干课程","就业方向"]}}