{"title":"健身器材","author":"fy","time":"2019年4月9日","content":[{"tag":"title","text":"健身器材"},{"tag":"text","type":"p","text":["又名“健身路径”，位于静湖旁的笼式足球门口的空地，器材丰富多样，能满足基本的健身需要，还有休闲跷跷板。是晚饭后散步运动的好去处。"],"style":"text-indent: 1.5em; "}],"images":[],"id":"map/benbu/sports/fitness","scopeData":{"@type":"general","uniq_id":"map/benbu/sports/fitness","title":"健身器材","digest":"又名“健身路径”，位于静湖旁的笼式足球门口的空地，器材丰富多样，能满足基本的健身需要，还有休闲跷跷板。是晚饭后散步运动的好去处。","thumbs":["https://mp.innenu.com/img/inNENU.jpg"],"tags":["健身器材"]}}