{"title":"乒乓球馆、健美操俱乐部、室内篮球、排球馆","author":"fy","time":"2019年4月9日","photo":["https://mp.innenu.com/img/scenery/benbu/sports/indoor1.jpg","https://mp.innenu.com/img/scenery/benbu/sports/indoor2.jpg","https://mp.innenu.com/img/scenery/benbu/sports/indoor3.jpg"],"content":[{"tag":"title","text":"乒乓球馆、健美操俱乐部、室内篮球、排球馆"},{"tag":"text","type":"p","text":["四馆位于北苑食堂一楼半(一楼与二楼之间的高地)，不过这些场馆都需要花钱，但价格都不贵。"],"style":"text-indent: 1.5em; "}],"images":[],"id":"map/benbu/sports/indoor","scopeData":{"@type":"general","uniq_id":"map/benbu/sports/indoor","title":"乒乓球馆、健美操俱乐部、室内篮球、排球馆","digest":"四馆位于北苑食堂一楼半(一楼与二楼之间的高地)，不过这些场馆都需要花钱，但价格都不贵。","thumbs":["https://mp.innenu.com/img/inNENU.jpg"],"tags":["乒乓球馆、健美操俱乐部、室内篮球、排球馆"]}}