{"title":"田径场","author":"fy, Mr.Hope","time":"2020年7月31日","photo":["https://mp.innenu.com/img/scenery/benbu/sports/sport-field1.jpg","https://mp.innenu.com/img/scenery/benbu/sports/sport-field2.jpg","https://mp.innenu.com/img/scenery/benbu/sports/sport-field3.jpg"],"content":[{"tag":"title","text":"简介"},{"tag":"text","type":"p","text":["田径场位于七舍与静湖之间，邻近南苑食堂。军训、运动会等大型活动开展的地方。田径场的草坪保养得非常好，一般不允许进草坪。每天早上和晚上的时候，都有许多同学来田径场跑步锻炼身体。"],"style":"text-indent: 1.5em; "}],"images":[],"id":"map/benbu/sports/sport-field","scopeData":{"@type":"general","uniq_id":"map/benbu/sports/sport-field","title":"田径场","digest":"田径场位于七舍与静湖之间，邻近南苑食堂。军训、运动会等大型活动开展的地方。田径场的草坪保养得非常好，一般不允许进草坪。每天早上和晚上的时候，都有许多同学来田径场跑步锻炼身体。","thumbs":["https://mp.innenu.com/img/inNENU.jpg"],"tags":["简介"]}}