{"title":"小南门","author":"Mr.Hope","time":"2020年9月1日","photo":["https://mp.innenu.com/img/scenery/benbu/gate/little-south.jpg"],"content":[{"tag":"title","text":"简介"},{"tag":"text","type":"p","text":["小南门位于田径场旁，附近有价格比较实惠的水果摊，还有很多人宵夜的不二之选——烧烤。从小南门出去去文昌路是最近的。平日里可以从这个门和同学一起去搓一顿。"],"style":"text-indent: 1.5em; "}],"images":[],"id":"map/benbu/gate/little-south","scopeData":{"@type":"general","uniq_id":"map/benbu/gate/little-south","title":"小南门","digest":"小南门位于田径场旁，附近有价格比较实惠的水果摊，还有很多人宵夜的不二之选——烧烤。从小南门出去去文昌路是最近的。平日里可以从这个门和同学一起去搓一顿。","thumbs":["https://mp.innenu.com/img/inNENU.jpg"],"tags":["简介"]}}