{"title":"北门","author":"Mr.Hope","time":"2020年9月1日","photo":["https://mp.innenu.com/img/scenery/benbu/gate/north.jpg"],"content":[{"tag":"title","text":"简介"},{"tag":"p","text":["这是离三舍最近的校门，正对着动植物公园门口，下车往左望分别就是三舍D(留学生公寓)、C、B、A，走两步就到了，同学们如果打车回学校可以让师傅们开到这个门。"],"style":"text-indent: 1.5em; "}],"images":[],"id":"map/benbu/gate/north","scopeData":{"@type":"general","uniq_id":"map/benbu/gate/north","title":"北门","digest":"这是离三舍最近的校门，正对着动植物公园门口，下车往左望分别就是三舍D(留学生公寓)、C、B、A，走两步就到了，同学们如果打车回学校可以让师傅们开到这个门。","thumbs":["https://mp.innenu.com/img/inNENU.jpg"],"tags":["简介"]}}