{"title":"洗浴","grey":true,"author":"Mr.Hope","time":"2021年7月9日","shareable":true,"content":[{"tag":"list","content":[{"text":"由于寝室没有独立卫浴，学校设有公共浴池，单间洗浴。"},{"text":"介绍","icon":"about","path":"guide/bath/intro"},{"text":"充值","icon":"pay","path":"guide/bath/charge"},{"text":"洗浴","icon":"bath","path":"guide/bath/usage"}]},{"tag":"list","header":"两校区浴池","content":[{"text":"本部","path":"guide/bath/benbu"},{"text":"净月","path":"guide/bath/jingyue"}]}],"images":[],"id":"guide/bath/index","scopeData":{"@type":"general","uniq_id":"guide/bath/index","title":"洗浴","digest":"","thumbs":["https://mp.innenu.com/img/inNENU.jpg"],"tags":[]}}