{"title":"环境学院招生","author":"Mr.Hope","time":"2020年8月11日","shareable":true,"content":[{"tag":"title","text":"本科招生情况"},{"tag":"text","type":"p","text":["环境学院下设环境科学、环境工程、生态学三个本科专业，使用环境科学与工程类进行大类招生，并在大二进行专业分流。"],"style":"text-indent: 1.5em; "},{"tag":"list","header":"本科专业介绍","content":[{"text":"环境科学","path":"intro/school/environment//science"},{"text":"环境工程","path":"intro/school/environment//engineer"},{"text":"生态学","path":"intro/school/environment//ecology"}]},{"tag":"title","text":"硕士研究生招生概况"},{"tag":"img","src":"https://mp.innenu.com/img/school/environment-master.png"},{"tag":"phone","header":"硕士研究生招生咨询电话","fName":"天凤","lName":"齐","num":"0431-89165610","org":"东北师范大学环境学院","title":"硕士研究生招生负责人","street":"吉林省长春市净月大街 2555 号","postCode":"130117","email":"qitf744@nenu.edu.cn"}],"images":["https://mp.innenu.com/img/school/environment-master.png"],"id":"intro/school/environment/enroll","scopeData":{"@type":"general","uniq_id":"intro/school/environment/enroll","cover":"https://mp.innenu.com/img/school/environment-master.png","title":"环境学院招生","digest":"环境学院下设环境科学、环境工程、生态学三个本科专业，使用环境科学与工程类进行大类招生，并在大二进行专业分流。","thumbs":["https://mp.innenu.com/img/school/environment-master.png"],"tags":["本科招生情况","硕士研究生招生概况"]}}