{"title":"一食堂三楼","desc":"特别鸣谢苏凛提供相关照片和信息","author":"Mr.Hope","time":"2021年7月26日","shareable":true,"content":[{"tag":"title","text":"三楼"},{"tag":"text","text":["三楼共分为两个部分，一个是前面大厅的餐厅，一个是后面的清真餐厅。"]},{"tag":"text","heading":"大厅","text":["大厅的早饭和午饭都为自助餐，种类丰富，价格亲民。","供应时间:\n早: 6:30-10:00\n午: 11:00-12: 30\n晚饭可点餐，并承接大小型聚餐和活动"]},{"tag":"img","src":"https://mp.innenu.com/img/dining/dining45.png"},{"tag":"img","src":"https://mp.innenu.com/img/dining/dining46.png","desc":"大厅"},{"tag":"text","heading":"清真餐厅","text":["从三楼餐厅侧面进去，也可以从清真餐厅大门上楼。","供应时间: 7:00 - 20:00"]},{"tag":"img","src":"https://mp.innenu.com/img/dining/dining47.png","desc":"清真餐厅"}],"images":["https://mp.innenu.com/img/dining/dining45.png","https://mp.innenu.com/img/dining/dining46.png","https://mp.innenu.com/img/dining/dining47.png"],"id":"guide/dining/dining1/3f","scopeData":{"@type":"general","uniq_id":"guide/dining/dining1/3f","cover":"https://mp.innenu.com/img/dining/dining45.png","title":"一食堂三楼","digest":"三楼共分为两个部分，一个是前面大厅的餐厅，一个是后面的清真餐厅。大厅 大厅的早饭和午饭都为自助餐，种类丰富，价格亲民。 供应时间:\n早: 6:30-10:00\n午: 11:00-12: 30\n晚饭可点餐，并承接大小型聚餐和活动清真餐厅 从三","thumbs":["https://mp.innenu.com/img/dining/dining45.png","https://mp.innenu.com/img/dining/dining46.png","https://mp.innenu.com/img/dining/dining47.png"],"tags":["三楼"]}}