{"title":"地理科学学院","author":"Mr.Hope","time":"2020年9月1日","photo":["https://mp.innenu.com/img/school/geography.jpg","https://mp.innenu.com/img/school/geography1.jpg","https://mp.innenu.com/img/school/geography2.jpg"],"content":[{"tag":"list","content":[{"text":"学院简介","path":"intro/school/geography/intro"},{"text":"招生介绍","path":"intro/school/geography/enroll"}]}],"images":[],"id":"map/benbu/school/geography","scopeData":{"@type":"general","uniq_id":"map/benbu/school/geography","title":"地理科学学院","digest":"","thumbs":["https://mp.innenu.com/img/inNENU.jpg"],"tags":[]}}