{"title":"物理学院","author":"Mr.Hope","time":"2020年9月1日","photo":["https://mp.innenu.com/img/school/psychology.jpg"],"content":[{"tag":"list","content":[{"text":"学院简介","path":"intro/school/physics/intro"},{"text":"专业介绍","icon":"intro","path":"intro/school/physics/enroll"}]},{"tag":"copy","header":"官网地址","text":"http://www.phy.nenu.edu.cn/"}],"images":[],"id":"map/benbu/school/physics","scopeData":{"@type":"general","uniq_id":"map/benbu/school/physics","title":"物理学院","digest":"","thumbs":["https://mp.innenu.com/img/inNENU.jpg"],"tags":[]}}