{"title":"化学学院专业","author":"Mr.Hope","time":"2020年8月6日","shareable":true,"content":[{"tag":"title","text":"本科招生概况"},{"tag":"ul","text":["化学(公费师范): ￥0/年","化学: ￥3850/年"]},{"tag":"text","text":["更多介绍还待补充"],"style":"color: #888;font-size: 14px;"},{"tag":"title","text":"硕士研究生招生概况"},{"tag":"img","src":"https://mp.innenu.com/img/school/chemistry-master.png"},{"tag":"phone","header":"硕士研究生招生咨询电话","fName":"鹏","lName":"张","num":"0431-85099667","org":"东北师范大学化学学院","title":"硕士研究生招生负责人","street":"吉林省长春市人民大街5268号","postCode":"130024","email":"zhangp558@nenu.edu.cn"}],"images":["https://mp.innenu.com/img/school/chemistry-master.png"],"id":"intro/school/chemistry/enroll","scopeData":{"@type":"general","uniq_id":"intro/school/chemistry/enroll","cover":"https://mp.innenu.com/img/school/chemistry-master.png","title":"化学学院专业","digest":"化学(公费师范): ￥0/年 化学: ￥3850/年更多介绍还待补充","thumbs":["https://mp.innenu.com/img/school/chemistry-master.png"],"tags":["本科招生概况","硕士研究生招生概况"]}}