{"title":"保卫科","author":"Mr.Hope","time":"2020年7月18日","shareable":true,"content":[{"tag":"title","text":"简介"},{"tag":"text","type":"p","text":["保卫科是负责校园安全的科室。为保障学生安全，保卫科会派巡逻车在校园内巡视，如发现或遭遇安全问题，请一定要拨打保卫科电话"],"style":"text-indent: 1.5em; "},{"tag":"title","text":"本部"},{"tag":"phone","fName":"保卫科","num":"0431-85098110","org":"东北师范大学","street":"吉林省长春市人民大街5268号","postCode":"130024"},{"tag":"title","text":"净月"},{"tag":"phone","fName":"保卫科","num":"0431-85096110","org":"东北师范大学","street":"吉林省长春市净月大街 2555 号","postCode":"130024"},{"tag":"title","text":"机构设置"},{"tag":"img","src":"https://mp.innenu.com/img/apartment/defendDetail.jpg"},{"tag":"title","text":"车辆门禁"},{"tag":"img","src":"https://mp.innenu.com/img/apartment/door.png"},{"tag":"p","type":"ul","heading":"费用","text":["月: 50元","季: 150元","年: 600元"]}],"images":["https://mp.innenu.com/img/apartment/defendDetail.jpg","https://mp.innenu.com/img/apartment/door.png"],"id":"intro/apartment/defend","scopeData":{"@type":"general","uniq_id":"intro/apartment/defend","cover":"https://mp.innenu.com/img/apartment/defendDetail.jpg","title":"保卫科","digest":"保卫科是负责校园安全的科室。为保障学生安全，保卫科会派巡逻车在校园内巡视，如发现或遭遇安全问题，请一定要拨打保卫科电话","thumbs":["https://mp.innenu.com/img/apartment/defendDetail.jpg","https://mp.innenu.com/img/apartment/door.png"],"tags":["简介","本部","净月","机构设置","车辆门禁"]}}