{"title":"生命科学学院","grey":true,"author":"Mr.Hope","time":"2021年7月18日","shareable":true,"content":[{"tag":"list","content":[{"text":"学院简介","icon":"about","path":"intro/school/biology/intro"},{"text":"专业介绍","icon":"intro","path":"intro/school/biology/enroll"}]},{"tag":"copy","header":"官网地址","text":"https://sky.nenu.edu.cn/"}],"images":[],"id":"intro/school/biology/index","scopeData":{"@type":"general","uniq_id":"intro/school/biology/index","title":"生命科学学院","digest":"","thumbs":["https://mp.innenu.com/img/inNENU.jpg"],"tags":[]}}