{"title":"新生研讨课","author":"Mr.Hope","time":"2021年7月4","shareable":true,"content":[{"tag":"title","text":"简介"},{"tag":"p","text":["新生研讨课(Freshman Seminars)是专门面向大一新生开设的小班研讨类课程，课程使新生体验以探索和研究为基础、师生互动的研究型教学方式，激发自主学习和探究性学习的兴趣，以尽快适应大学的学习环境。"],"style":"text-indent: 1.5em; "},{"tag":"title","text":"新生研讨课目的"},{"tag":"p","text":["新生研讨课的开设旨在使学生尽快实现由高中阶段向大学阶段学习方式的转变;激发学生基于兴趣的内生动力，初步培养学生的问题意识和自主学习能力。"],"style":"text-indent: 1.5em; "},{"tag":"p","heading":"Mr.Hope の解释","text":["简单说来就是尽快让大家了解大学的课程、学习状态应该是什么样的。培养自主学习与自我学习能力。"],"style":"text-indent: 1.5em; "},{"tag":"title","text":"教学方式"},{"tag":"p","text":["以研讨式教学为主。一般包括课前资料、有效预习、课堂有效讨论、课后扩展延伸等环节。根据授课需要，安排参观、调研、实验等实践活动。"],"style":"text-indent: 1.5em; "},{"tag":"title","text":"考核方式"},{"tag":"p","text":["考核为通过制，考核结论分为通过、不通过。考核形式由任课教师确定。"],"style":"text-indent: 1.5em; "},{"tag":"p","heading":"Mr.Hope の解释","text":["简单说来要么 pass 要么挂科，考试的形式完全由报名的教师决定，所以务必挑选靠谱的老师。"],"style":"text-indent: 1.5em; "}],"images":[],"id":"guide/course/discuss","scopeData":{"@type":"general","uniq_id":"guide/course/discuss","title":"新生研讨课","digest":"新生研讨课(Freshman Seminars)是专门面向大一新生开设的小班研讨类课程，课程使新生体验以探索和研究为基础、师生互动的研究型教学方式，激发自主学习和探究性学习的兴趣，以尽快适应大学的学习环境。新生研讨课的开设旨在使学生尽快实现","thumbs":["https://mp.innenu.com/img/inNENU.jpg"],"tags":["简介","新生研讨课目的","教学方式","考核方式"]}}