{"title":"热水房","author":"Mr.Hope","time":"2020年8月16日","shareable":true,"content":[{"tag":"title","text":"直饮水机"},{"tag":"text","type":"ul","text":["学校饮用水采取直饮水机。","刷卡分别可以接 冷 / 常温 / 热 的饮用水，学校每天免费供应 90 秒使用时长(约 2 - 4 升，视直饮机水压)，全天供应。超出部分收取制水成本费用，热水 0.3 元/升，常温水 0.2 元/升。","直饮水服务的扣费来源是直饮水小钱包内的余额，师生可以在自助终端机上使用一卡通将其余额充值进直饮水小钱包。","冷水水温约为 15℃，热水为 100℃。"]},{"tag":"img","src":"https://mp.innenu.com/img/dorm/drinker1.jpg"},{"tag":"title","text":"直饮水机"},{"tag":"text","type":"p","text":["刷卡直接出水。"],"style":"text-indent: 1.5em; "},{"tag":"img","src":"https://mp.innenu.com/img/dorm/drinker2.jpg"},{"tag":"title","text":"其他设施"},{"tag":"text","type":"p","text":["本部热水房还设有鞋架和晾衣架，可供大家晾鞋或晾衣服。"],"style":"text-indent: 1.5em; "},{"tag":"title","text":"Mr.Hope の 吐槽"},{"tag":"text","type":"p","text":["求求三舍 B 各位男同胞，热水房的鞋架是用来晾鞋的，不是用来放置具有生化威力的来不及洗的臭鞋的，大家还要接饮用水的，亲。"],"style":"text-indent: 1.5em; "}],"images":["https://mp.innenu.com/img/dorm/drinker1.jpg","https://mp.innenu.com/img/dorm/drinker2.jpg"],"id":"guide/dorm/detail/hot-water","scopeData":{"@type":"general","uniq_id":"guide/dorm/detail/hot-water","cover":"https://mp.innenu.com/img/dorm/drinker1.jpg","title":"热水房","digest":"学校饮用水采取直饮水机。 刷卡分别可以接 冷 / 常温 / 热 的饮用水，学校每天免费供应 90 秒使用时长(约 2 - 4 升，视直饮机水压)，全天供应。超出部分收取制水成本费用，热水 0.3 元/升，常温水 0.2 元/升。 直饮水服务","thumbs":["https://mp.innenu.com/img/dorm/drinker1.jpg","https://mp.innenu.com/img/dorm/drinker2.jpg"],"tags":["直饮水机","直饮水机","其他设施","Mr.Hope の 吐槽"]}}