{"title":"净月研究生寝室安排","desc":"部分图片来自东北师范大学招生办微信公众号","author":"Mr.Hope","time":"2021年7月15日","shareable":true,"content":[{"tag":"title","text":"寝室安排"},{"tag":"img","src":"https://mp.innenu.com/img/dorm/jingyue.jpg"},{"tag":"ul","text":["研究生宿舍分布于人华、春华、冬华、日华、月华、星华。","人华、冬华、星华、月华为研究生公寓","春华、日华与本科生合寝"]},{"tag":"text","heading":"人华公寓","text":["居住美术和音乐学院研究生"]},{"tag":"img","src":"https://mp.innenu.com/img/dorm/ren-hua.jpg"},{"tag":"text","heading":"冬华公寓","text":["居住美术、音乐、信科、政法、环境、经管、传媒、外国语研究生。"]},{"tag":"img","src":"https://mp.innenu.com/img/dorm/dong-hua.jpg"},{"tag":"text","heading":"星华公寓","text":["居住美术、音乐、信科、政法、环境、经管、传媒、外国语学院研究生。"]},{"tag":"img","src":"https://mp.innenu.com/img/dorm/xing-hua.jpg"},{"tag":"text","heading":"月华公寓","text":["居住美术、音乐、信科、政法、环境、经管、传媒、外国语学院研究生"]},{"tag":"img","src":"https://mp.innenu.com/img/dorm/yue-hua.jpg"},{"tag":"text","heading":"春华公寓","text":["居住外国语学院研究生"]},{"tag":"img","src":"https://mp.innenu.com/img/dorm/chun-hua.jpg"},{"tag":"text","heading":"日华公寓","text":["居住物理、政法以及外国语学院研究生"]},{"tag":"img","src":"https://mp.innenu.com/img/dorm/ri-hua.jpg"},{"tag":"text","type":"info","text":["由于从2020年疫情开始，学校响应国家号召进行扩招，导致寝室严重不足，所以研究生这两届基本处于哪有空床往哪塞的状态。","本界面仅供参考。请您以研究生院的最终安排为准。"]}],"images":["https://mp.innenu.com/img/dorm/jingyue.jpg","https://mp.innenu.com/img/dorm/ren-hua.jpg","https://mp.innenu.com/img/dorm/dong-hua.jpg","https://mp.innenu.com/img/dorm/xing-hua.jpg","https://mp.innenu.com/img/dorm/yue-hua.jpg","https://mp.innenu.com/img/dorm/chun-hua.jpg","https://mp.innenu.com/img/dorm/ri-hua.jpg"],"id":"guide/dorm/locate/jingyue-master","scopeData":{"@type":"general","uniq_id":"guide/dorm/locate/jingyue-master","cover":"https://mp.innenu.com/img/dorm/jingyue.jpg","title":"净月研究生寝室安排","digest":"研究生宿舍分布于人华、春华、冬华、日华、月华、星华。 人华、冬华、星华、月华为研究生公寓 春华、日华与本科生合寝人华公寓 居住美术和音乐学院研究生冬华公寓 居住美术、音乐、信科、政法、环境、经管、传媒、外国语研究生。星华公寓 居住美术、音乐","thumbs":["https://mp.innenu.com/img/dorm/jingyue.jpg","https://mp.innenu.com/img/dorm/ren-hua.jpg","https://mp.innenu.com/img/dorm/dong-hua.jpg","https://mp.innenu.com/img/dorm/xing-hua.jpg","https://mp.innenu.com/img/dorm/yue-hua.jpg","https://mp.innenu.com/img/dorm/chun-hua.jpg","https://mp.innenu.com/img/dorm/ri-hua.jpg"],"tags":["寝室安排"]}}