{"title":"教务处教学运行管理办公室人员信息","author":"Mr.Hope","time":"2021年7月9日","shareable":true,"content":[{"tag":"title","text":"主任"},{"tag":"ul","heading":"刘延涛","text":["办公地点: 校本部行政楼212","办公电话: 0431-85099162","电子信箱: liuyt227@nenu.edu.cn","工作职责: 全面负责教学运行管理办公室工作。具体负责校历制作、课程安排、选课、教学运行数据统计、本科教学服务系统建设与维护、教室日常维护等工作"]},{"tag":"title","text":"职员"},{"tag":"ul","heading":"胡强","text":["办公地点: 校本部行政楼212","办公电话: 0431-85099162","电子信箱: huq275@nenu.edu.cn","工作职责: 负责公共教室使用管理、临时调停课、课程考核与巡查、大学外语四六级考试、英语水平测试以及英语听力考试等工作"]},{"tag":"ul","heading":"邰亮","text":["办公地点: 校本部综合行政楼212","办公电话: 0431-85099162","电子信箱: tail107@nenu.edu.cn","工作职责: 负责成绩管理、学业预警、教室规划与建设、学分学费审核、定时答疑、教师资格证评卷组织以及教师资格证面试组织等工作"]},{"tag":"ul","heading":"文艺乔","text":["办公地点: 校本部综合行政楼212","办公电话: 0431-85099162","电子信箱: wenyq627@nenu.edu.cn","工作职责: 负责网络课程运维、智慧教室日常使用和维护、教师工作量审核、课时费核算、教务助理中心指导以及档案管理等工作"]}],"images":[],"id":"intro/apartment/course/info/run","scopeData":{"@type":"general","uniq_id":"intro/apartment/course/info/run","title":"教务处教学运行管理办公室人员信息","digest":"刘延涛 办公地点: 校本部行政楼212 办公电话: 0431-85099162 电子信箱: liuyt227@nenu.edu.cn 工作职责: 全面负责教学运行管理办公室工作。具体负责校历制作、课程安排、选课、教学运行数据统计、本科教学服","thumbs":["https://mp.innenu.com/img/inNENU.jpg"],"tags":["主任","职员"]}}