{"title":"缴费相关","author":"Mr.Hope","time":"2021年7月4","shareable":true,"content":[{"tag":"text","text":["报到时不缴费!"],"style":"color: red;font-size: 18px;font-weight: bold;"},{"tag":"ul","text":["报到时不需交学费和住宿费。请大家警惕谨防被骗!!!","如果有人要求您现场缴纳学费，请稳住他记住他的相貌并第一时间反馈给保卫科。","如果您缴纳学费有困难，请通过绿色通道进行入学。"]},{"tag":"list","header":false,"content":[{"text":"保卫科","icon":"safe","path":"intro/apartment/defend"},{"text":"绿色通道","icon":"green-tunnel","path":"guide/check/green-tunnel"}]},{"tag":"title","text":"缴费方式"},{"tag":"p","text":["学生需要通过系统自行缴费。"],"style":"text-indent: 1.5em; "},{"tag":"list","header":false,"content":[{"text":"缴费系统缴费","path":"guide/check/pay/system"}]},{"tag":"title","text":"Mr.Hope の 提示"},{"tag":"p","text":["虽然说办理报到时不要求缴纳学费和住宿费，但是部分学院(比如物理学院)会在报到时要求的大家缴纳几百元的年级费，用于日后的年级活动和统一杂费的扣取。如果报到处的辅导员和学生工作人员当中要求您缴纳，且其他人没有任何异议，那就是说明你们学院收年级费，放心交了就是了。报到处多个人的面是没人骗您的。这个钱会用来日后办活动、购买军训服、购买学院院服等情况使用。"],"style":"text-indent: 1.5em; "}],"images":[],"id":"guide/check/pay/index","scopeData":{"@type":"general","uniq_id":"guide/check/pay/index","title":"缴费相关","digest":"报到时不缴费!报到时不需交学费和住宿费。请大家警惕谨防被骗!!! 如果有人要求您现场缴纳学费，请稳住他记住他的相貌并第一时间反馈给保卫科。 如果您缴纳学费有困难，请通过绿色通道进行入学。学生需要通过系统自行缴费。虽然说办理报到时不要求缴纳学","thumbs":["https://mp.innenu.com/img/inNENU.jpg"],"tags":["缴费方式","Mr.Hope の 提示"]}}