{"title":"参加学生工作必要么","author":"Mr.Hope","time":"2020年9月2日","shareable":true,"content":[{"tag":"text","heading":"我的答案是不必要"},{"tag":"title","text":"个人能力"},{"tag":"text","type":"p","text":["学生工作会的确在一定程度上提升你的个人能力，但是这种个人能力的提升，也可以通过其他的方式来进行。只要你足够上进、能力足够，你就有足够的机会和机遇去成为一个优秀的人，而并不是要通过学生工作这条路。你的未来，你的就业，你的前途是基于你的个人能力，你的个人品质，而学生工作并不能够保证给你带来这些。一切都要基于你的上进心和你的努力。"],"style":"text-indent: 1.5em; "},{"tag":"title","text":"就业优势"},{"tag":"text","type":"p","text":["很多企业只会注重你的个人能力，比如各个学校主要看中的是你的讲课能力，而不会看你大学究竟做了多少学生工作。一些企业还会因为你从事大量学生工作对你产生负面印象，认为你没有好好学习。"],"style":"text-indent: 1.5em; "}],"images":[],"id":"guide/advice/work/necessity","scopeData":{"@type":"general","uniq_id":"guide/advice/work/necessity","title":"参加学生工作必要么","digest":"我的答案是不必要 学生工作会的确在一定程度上提升你的个人能力，但是这种个人能力的提升，也可以通过其他的方式来进行。只要你足够上进、能力足够，你就有足够的机会和机遇去成为一个优秀的人，而并不是要通过学生工作这条路。你的未来，你的就业，你的前途","thumbs":["https://mp.innenu.com/img/inNENU.jpg"],"tags":["个人能力","就业优势"]}}