{"title":"教育学类介绍","author":"Mr.Hope","time":"2021年7月11日","shareable":true,"content":[{"tag":"title","text":"专业简介"},{"tag":"p","text":["本专业为教育部批准备案的师范专业，学生毕业后可选择从事教师职业，也可选择继续攻读研究生，或选择从事其他职业。学生入学一年后进行专业选择，包括教育学、学前教育、小学教育3个专业，各专业均实行本硕一体化培养，学习成绩优秀者可直接推荐免试攻读硕士学位研究生。","专业分流在大一学年末，根据成绩排名与个人意愿向学前教育、小学教育和教育学三个专业分流。"],"style":"text-indent: 1.5em; "},{"tag":"text","type":"info","text":["注: 2018 级及以前有公共事业(教育)管理专业。"]},{"tag":"title","text":"学费价格"},{"tag":"p","text":["教育学类学费均为 3850 元/年。"],"style":"text-indent: 1.5em; "},{"tag":"title","text":"专业介绍"},{"tag":"list","header":false,"content":[{"text":"教育学","path":"intro/school/education/edu"},{"text":"小学教育","path":"intro/school/education/primary"},{"text":"学前教育","path":"intro/school/education/before-school"},{"text":"公共事业(教育)管理","desc":"2019 年停招","path":"intro/school/education/public"}]}],"images":[],"id":"intro/school/education/class","scopeData":{"@type":"general","uniq_id":"intro/school/education/class","title":"教育学类介绍","digest":"本专业为教育部批准备案的师范专业，学生毕业后可选择从事教师职业，也可选择继续攻读研究生，或选择从事其他职业。学生入学一年后进行专业选择，包括教育学、学前教育、小学教育3个专业，各专业均实行本硕一体化培养，学习成绩优秀者可直接推荐免试攻读硕士","thumbs":["https://mp.innenu.com/img/inNENU.jpg"],"tags":["专业简介","学费价格","专业介绍"]}}