{"title":"教育学专业介绍","desc":"来源: 教育学部官网","time":"2021年7月4","shareable":true,"content":[{"tag":"title","text":"专业简介"},{"tag":"p","text":["为非公费师范类专业，旨在培养德智体美全面发展的具备教育学及相关学科基本理论、基础知识和基本技能，能够在各级各类学校、教育科研机构和教育行政部门从事教育教学、科学研究和管理等工作的高素质的教育专业人才。本专业实行本硕一体化培养，学习成绩优秀者可直接推荐免试攻读硕士学位研究生。"],"style":"text-indent: 1.5em; "},{"tag":"title","text":"主干课程"},{"tag":"ul","text":["教育概论","中国教育史","外国教育史","德育原理","课程与教学论","教育哲学","普通心理学","发展心理学","教育心理学","教育研究方法","教育社会学","教育文化学","西方教育流派","中外教育名著导读","教育伦理学","教育人类学","教育政治学","学校管理学"]},{"tag":"title","text":"就业方向"},{"tag":"p","text":["各级各类院校教育学科教学人员、教育科研人员和教育教学实践工作者。"],"style":"text-indent: 1.5em; "}],"images":[],"id":"intro/school/education/edu","scopeData":{"@type":"general","uniq_id":"intro/school/education/edu","title":"教育学专业介绍","digest":"为非公费师范类专业，旨在培养德智体美全面发展的具备教育学及相关学科基本理论、基础知识和基本技能，能够在各级各类学校、教育科研机构和教育行政部门从事教育教学、科学研究和管理等工作的高素质的教育专业人才。本专业实行本硕一体化培养，学习成绩优秀者","thumbs":["https://mp.innenu.com/img/inNENU.jpg"],"tags":["专业简介","主干课程","就业方向"]}}