{"title":"教育学部","grey":true,"author":"Mr.Hope","time":"2021年7月7日","shareable":true,"content":[{"tag":"list","content":[{"text":"学院简介","icon":"about","path":"intro/school/education/intro"},{"text":"专业介绍","icon":"info","path":"intro/school/education/enroll"}]},{"tag":"copy","header":"官网地址","text":"https://edu.nenu.edu.cn/"}],"images":[],"id":"intro/school/education/index","scopeData":{"@type":"general","uniq_id":"intro/school/education/index","title":"教育学部","digest":"","thumbs":["https://mp.innenu.com/img/inNENU.jpg"],"tags":[]}}