{"title":"学校家长群","author":"Mr.Hope","time":"2021年8月4日","shareable":true,"content":[{"tag":"text","type":"info","text":["由于学校官方没有学校范围的大群，Mr.Hope 自己建立了一个家长群。"]},{"tag":"ul","type":"info","text":["本群的主要目的是提供一个家长之间的交流的场所。","Mr.Hope 会定期推送学校的重要新闻、公告、活动介绍、放假开学安排等资讯。","Mr.Hope 会对群内通用的问题进行解答。","本群严禁分享与东师无关的内容、发送任何广告，或诸如拼多多之类的分享以及各种鸡汤、经文等。"]},{"tag":"img","src":"https://mp.innenu.com/img/about/parent.png"},{"tag":"text","type":"warning","text":["您需要特别注意，这是一个非官方群。Mr.Hope 从未得到学校任何帮助或支持，存粹志愿服务。","Mr.Hope 从 2018 年开始，已经服务 4 届 (含今年) 新生，如您心有疑虑可向在校生打听口碑。","Mr.Hope 需要每年在小程序和新生与新生家长上投入大量的时间，同时小程序每年有 600 - 800 元的开销 (每天约 2 元)。尽管 Mr.Hope 不建议没有经济能力的学生进行捐赠，但如果作为家长的您觉得 Mr.Hope 的工作给予了您很大帮助，欢迎捐赠或打赏，这对 Mr.Hope 很有帮助。","无论您是否捐赠，Mr.Hope 都会解答您提出的普遍性问题，但是请您不要大量询问很个人的问题。Mr.Hope 硕士在读，时间有限而且维护小程序已经耗费了很大精力。如果您的确需要 Mr.Hope 解答您的个人问题，建议您捐赠或提供咨询费用。普遍性问题指对多数人具有参考性的问题。"]},{"tag":"ul","type":"info","heading":"普遍问题举例","text":["学校用 iPad 的人多么？","Mr.Hope 觉得 iPad 对大家的学习有帮助么？","哪些专业比较适合买一个 iPad？","学校普遍都在用什么价位的笔记本电脑？","学校的生活费大概是多少？","床垫大家有自己添置还是在用学校的？","大家都在用多厚的床垫？","太厚的容不容易掉下来？有没有摔下来的例子？"]},{"tag":"ul","type":"info","heading":"个人问题举例","text":["我家孩子是设计学专业的，推荐一个电脑？","能给孩子推荐一款电脑么？不能打游戏那种。","席梦思床垫能在寝室用么？","郑州XX区的能不能允许报到？不能的话军训怎么办？","马克思专业将来好就业么？","xx学院的导员电话是多少？"]}],"images":["https://mp.innenu.com/img/about/parent.png"],"id":"guide/prepare/qq-group/parent","scopeData":{"@type":"general","uniq_id":"guide/prepare/qq-group/parent","cover":"https://mp.innenu.com/img/about/parent.png","title":"学校家长群","digest":"由于学校官方没有学校范围的大群，Mr.Hope 自己建立了一个家长群。本群的主要目的是提供一个家长之间的交流的场所。 Mr.Hope 会定期推送学校的重要新闻、公告、活动介绍、放假开学安排等资讯。 Mr.Hope 会对群内通用的问题进行解答","thumbs":["https://mp.innenu.com/img/about/parent.png"],"tags":[]}}