{"title":"排球场","author":"fy","time":"2020年9月1日","photo":["https://mp.innenu.com/img/scenery/benbu/sports/basketball.png"],"content":[{"tag":"title","text":"简介"},{"tag":"text","type":"p","text":["排球场位于地理科学院的东侧，北苑超市的西侧，每到傍晚空闲时，排球场就热闹起来，有在旁边羽毛球小场打羽毛球的，有组队打排球的，有时还有锅庄舞协会在集体练舞。"],"style":"text-indent: 1.5em; "}],"images":[],"id":"map/benbu/sports/volleyball","scopeData":{"@type":"general","uniq_id":"map/benbu/sports/volleyball","title":"排球场","digest":"排球场位于地理科学院的东侧，北苑超市的西侧，每到傍晚空闲时，排球场就热闹起来，有在旁边羽毛球小场打羽毛球的，有组队打排球的，有时还有锅庄舞协会在集体练舞。","thumbs":["https://mp.innenu.com/img/inNENU.jpg"],"tags":["简介"]}}