{"title":"东北师范大学就业指导中心","desc":"来源: 东北师范大学学生就业指导服务中心官网","time":"2019年8月11日","content":[{"tag":"title","text":"简介"},{"tag":"text","type":"p","text":["东北师范大学学生就业指导服务中心成立于 2003 年，是全面负责学校本科生和研究生就业指导与服务工作的专门机构，正处级建制，下设企划发展室、信息服务室、咨询指导室、综合办公室四个科室。十几年来，中心全体工作人员以激情投入、互动创造的工作姿态，研究性学习，效益性投入，创造性工作，满溢着爱做就业，以用无穷的压力和无限的快乐编织着每一天的生活，创造了许多标志性的成绩。2004 年和 2012 年，学校两次被国务院评为“全国就业创业先进工作单位”。2009 年，就业中心被教育部、人力资源和社会保障部联合授予“全国教育系统先进集体”称号。"],"style":"text-indent: 1.5em; "},{"tag":"text","type":"ul","heading":"联系方式","text":["电话: 400-998-7757","传真: 0431-85684168","信箱: zp@85098857.com","地址: 吉林省长春市人民大街5268号","邮编: 130024"]},{"tag":"phone","fName":"学生就业指导服务中心","num":"0431-85684168","org":"东北师范大学","street":"吉林省长春市人民大街5268号","postCode":"130024","email":"zp@85098857.com"}],"images":[],"id":"map/benbu/building/career","scopeData":{"@type":"general","uniq_id":"map/benbu/building/career","title":"东北师范大学就业指导中心","digest":"东北师范大学学生就业指导服务中心成立于 2003 年，是全面负责学校本科生和研究生就业指导与服务工作的专门机构，正处级建制，下设企划发展室、信息服务室、咨询指导室、综合办公室四个科室。十几年来，中心全体工作人员以激情投入、互动创造的工作姿态","thumbs":["https://mp.innenu.com/img/inNENU.jpg"],"tags":["简介"]}}