{"title":"选课系统","author":"Mr.Hope","time":"2020年8月9日","shareable":true,"content":[{"tag":"title","text":"选课系统登录方式"},{"tag":"text","text":["请使用 IE(Internet Explorer) 内核浏览器如 IE11、IE10、IE9或 Firefox 浏览器。其他浏览器比如 Safari 在选课时会有兼容性问题，会造成使用时的不方便。","Windows 10 系统可以在 “开始菜单” —— “Windows 附件” 中找到 “Internet Explorer”。"]},{"tag":"text","style":"color: red;font-size: 14px;","text":["Microsoft Edge 不是 IE!","Microsoft Edge 不是 IE!","Microsoft Edge 不是 IE!"]},{"tag":"img","src":"https://mp.innenu.com/img/course/ie.png"},{"tag":"text","text":["打开浏览器输入 http://xk.nenu.edu.cn/ 直接进入选课页面。"]},{"tag":"list","header":false,"content":[{"text":"选课系统使用说明","icon":"https://mp.innenu.com/img/icon/guide/advice.svg","base64Icon":"advice","path":"guide/select/guide"}]},{"tag":"text","text":["选课系统用户名、密码均为学校统一认证的邮箱用户名和密码。(注: 就是上网账号和密码，账号不加“@nenu.edu.cn”)","如果忘记用户名或密码，请登录统一身份认证 (https://ids.nenu.edu.cn/amserver/UI/Login) 点击忘记密码尝试通过手机号、微信等辅助验证方式找回。如果实在不能找回，请尽快与学校信息化管理与规划办公室联系，以免耽误选课。"]},{"tag":"list","header":false,"content":[{"text":"信息化办","icon":"/icon/intro/office.svg","base64Icon":"office","path":"guide/card/office"}]},{"tag":"text","type":"ol","heading":"其他操作注意事项","text":["没有评教的同学一定要先评教，否则无法选课。","请在学校规定的选课时间进行选课，学院(部)涉及数据调整审批等事宜会不定期更新选课数据，届时所有人需要重新登录选课系统。","选课期间如遇到问题可以通过以下几种方式解决: \n (1) 选课期间每天 9: 00 至 19: 00 教务助理中心工作人员在本部图书馆电子阅览室、净月图书馆电子阅览室设立选课咨询指导处，进行选课指导和收集同学们的意见及建议。\n (2) 与所在学院教务秘书联系解决。\n (3) 与教务处工作人员联系解决。\n(课全被踢了选不上课不是人家的事情咱就别联系了，hhh运气不好而已别丢人啊)","预选课阶段，课程总学分可以超过每学期学分限制，但在正选阶段与退补选阶段，课程总学分必须在每学期学分限制内。"]},{"tag":"title","text":"Mr.Hope の 吐槽"},{"tag":"text","type":"p","text":["我知道很多人会抱怨东师的选课系统老，还时常崩溃。但是有一说一，升级换代这个系统真的没你们想象的那么简单。","目前高校教务系统、图书系统这些方面基本上是处于一种垄断的情况，报价极其高昂，一套教务系统报价最低也要几十万起步，通常动辄上百万。所以如果旧系统依旧能满足基本的正常使用的话，学校采购新系统就变得异常困难。","另外，由于选课系统需要和教务系统配合，导入你的已选课程和已选学分，并且最终要将选课数据输出到教务系统生成学生的最终课程情况，所以选课系统单独换是不太现实的。再加上说实在的，这系统也还能凑合着用，所以就变成了你们看到的这个样子。"],"style":"text-indent: 1.5em; "}],"images":["https://mp.innenu.com/img/course/ie.png"],"id":"guide/select/system","scopeData":{"@type":"general","uniq_id":"guide/select/system","cover":"https://mp.innenu.com/img/course/ie.png","title":"选课系统","digest":"请使用 IE(Internet Explorer) 内核浏览器如 IE11、IE10、IE9或 Firefox 浏览器。其他浏览器比如 Safari 在选课时会有兼容性问题，会造成使用时的不方便。 Windows 10 系统可以在 “开始菜","thumbs":["https://mp.innenu.com/img/course/ie.png"],"tags":["选课系统登录方式","Mr.Hope の 吐槽"]}}