{"title":"足球场","author":"fy","time":"2020年9月1日","photo":["https://mp.innenu.com/img/scenery/benbu/sports/football.png"],"content":[{"tag":"title","text":"简介"},{"tag":"p","heading":"露天足球场","text":["足球场位于北苑食堂后门，与篮球场并排。体育课足球科的上课地点，在没有学生上课时可免费使用场地。校园各大足球赛事都在这里举行，也是足球爱好者最喜爱的地方之一。"],"style":"text-indent: 1.5em; "},{"tag":"p","heading":"笼式足球场","text":["位于露天足球场旁边"],"style":"text-indent: 1.5em; "}],"images":[],"id":"map/benbu/sports/football","scopeData":{"@type":"general","uniq_id":"map/benbu/sports/football","title":"足球场","digest":"露天足球场 足球场位于北苑食堂后门，与篮球场并排。体育课足球科的上课地点，在没有学生上课时可免费使用场地。校园各大足球赛事都在这里举行，也是足球爱好者最喜爱的地方之一。笼式足球场 位于露天足球场旁边","thumbs":["https://mp.innenu.com/img/inNENU.jpg"],"tags":["简介"]}}