{"title":"教育学部招生","desc":"来源: 教育学部官网","time":"2021年7月4","shareable":true,"content":[{"tag":"title","text":"本科招生概况"},{"tag":"p","text":["教育学部自 1951 年开始招收培养本科生，现设有教育学、公共事业(教育)管理、学前教育、小学教育 4 个本科专业，其中小学教育专业分为公费师范类和非公费师范类(普通类)两类招生。"],"style":"text-indent: 1.5em; "},{"tag":"img","src":"https://mp.innenu.com/img/school/edu-major.png"},{"tag":"list","header":"各专业介绍","content":[{"text":"小学教育(公费师范)","path":"intro/school/education/primary-free"},{"text":"学前教育(公费师范)","path":"intro/school/education/before-free"},{"text":"教育学类","path":"intro/school/education/class"}]},{"tag":"title","text":"本科招生咨询电话"},{"tag":"phone","fName":"王老师","num":"0431-85098033","org":"东北师范大学教育学部","title":"本科教务秘书","street":"吉林省长春市人民大街5268号","postCode":"130024","email":"fed@nenu.edu.cn"},{"tag":"title","text":"硕士研究生招生概况"},{"tag":"img","src":"https://mp.innenu.com/img/school/edu-master.png"},{"tag":"phone","header":"硕士研究生招生咨询电话","fName":"建光","lName":"肖","num":"0431-85098033","org":"东北师范大学教育学部","title":"硕士研究生招生负责人","street":"吉林省长春市人民大街5268号","postCode":"130024","email":"xiaojg074@nenu.edu.cn"}],"images":["https://mp.innenu.com/img/school/edu-major.png","https://mp.innenu.com/img/school/edu-master.png"],"id":"intro/school/education/enroll","scopeData":{"@type":"general","uniq_id":"intro/school/education/enroll","cover":"https://mp.innenu.com/img/school/edu-major.png","title":"教育学部招生","digest":"教育学部自 1951 年开始招收培养本科生，现设有教育学、公共事业(教育)管理、学前教育、小学教育 4 个本科专业，其中小学教育专业分为公费师范类和非公费师范类(普通类)两类招生。","thumbs":["https://mp.innenu.com/img/school/edu-major.png","https://mp.innenu.com/img/school/edu-master.png"],"tags":["本科招生概况","本科招生咨询电话","硕士研究生招生概况"]}}