{"title":"教育学部","grey":true,"author":"Mr.Hope","time":"2020年8月8日","shareable":true,"content":[{"tag":"list","content":[{"text":"学院简介","icon":"/icon/about.svg","path":"intro/school/education/intro"},{"text":"专业介绍","icon":"/module/icon/info.svg","path":"intro/school/education/enroll"}]}],"images":[],"id":"intro/school/education/index","scopeData":{"@type":"general","uniq_id":"intro/school/education/index","title":"教育学部","digest":"","thumbs":["https://mp.innenu.com/img/inNENU.jpg"],"tags":[]}}