{"title":"物理学院招生","author":"Mr.Hope","time":"2021年7月4","shareable":true,"content":[{"tag":"title","text":"本科招生概况"},{"tag":"p","text":["物理学从 2020 年开始进行物理学大类招生"],"style":"text-indent: 1.5em; "},{"tag":"list","header":"本科各专业介绍","content":[{"text":"物理学(公费师范)","path":"intro/school/physics/free-normal"},{"text":"物理学类","path":"intro/school/physics/class"}]},{"tag":"title","text":"硕士招生概况"},{"tag":"img","src":"https://mp.innenu.com/img/school/physic-master.png"},{"tag":"phone","header":"硕士研究生招生咨询电话","fName":"博骞","lName":"宋","num":"0431-85099666","org":"东北师范大物理学院","title":"硕士研究生招生负责人","street":"吉林省长春市人民大街5268号","postCode":"130024","email":"songbq010@nenu.edu.cn"}],"images":["https://mp.innenu.com/img/school/physic-master.png"],"id":"intro/school/physics/enroll","scopeData":{"@type":"general","uniq_id":"intro/school/physics/enroll","cover":"https://mp.innenu.com/img/school/physic-master.png","title":"物理学院招生","digest":"物理学从 2020 年开始进行物理学大类招生","thumbs":["https://mp.innenu.com/img/school/physic-master.png"],"tags":["本科招生概况","硕士招生概况"]}}