{"title":"物理学院招生","author":"Mr.Hope","time":"2021年7月22日","shareable":true,"content":[{"tag":"title","text":"本科招生概况"},{"tag":"p","text":["物理学从 2020 年开始按照物理学类进行大类招生，大二开学进行专业分流。"],"style":"text-indent: 1.5em; "},{"tag":"text","heading":"专业介绍视频"},{"tag":"media","type":"video","src":"http://zsb.nenu.edu.cn/__local/D/97/BA/4498E328D4D6FA1629968C37C0B_326AFBEB_E91C1FF.mp4?e=.mp4"},{"tag":"list","header":"本科各专业介绍","content":[{"text":"物理学(公费师范)","path":"intro/school/physics/normal"},{"text":"物理学类","path":"intro/school/physics/class"}]},{"tag":"title","text":"硕士招生概况"},{"tag":"img","src":"https://mp.innenu.com/img/enroll/physics-master.png","desc":"2021年招生信息"},{"tag":"phone","header":"硕士研究生招生咨询电话","fName":"博骞","lName":"宋","num":"0431-85099666","org":"东北师范大物理学院","title":"硕士研究生招生负责人","street":"吉林省长春市人民大街5268号","postCode":"130024","email":"songbq010@nenu.edu.cn"}],"images":["https://mp.innenu.com/img/enroll/physics-master.png"],"id":"intro/school/physics/enroll","scopeData":{"@type":"general","uniq_id":"intro/school/physics/enroll","cover":"https://mp.innenu.com/img/enroll/physics-master.png","title":"物理学院招生","digest":"物理学从 2020 年开始按照物理学类进行大类招生，大二开学进行专业分流。专业介绍视频 ","thumbs":["https://mp.innenu.com/img/enroll/physics-master.png"],"tags":["本科招生概况","硕士招生概况"]}}