{"title":"数学与统计学院","grey":true,"author":"Mr.Hope","time":"2021年7月9日","shareable":true,"content":[{"tag":"list","content":[{"text":"学院简介","icon":"about","path":"intro/school/math/intro"},{"text":"专业介绍","icon":"info","path":"intro/school/math/enroll"}]},{"tag":"copy","header":"官网地址","text":"https://math.nenu.edu.cn/"}],"images":[],"id":"intro/school/math/index","scopeData":{"@type":"general","uniq_id":"intro/school/math/index","title":"数学与统计学院","digest":"","thumbs":["https://mp.innenu.com/img/inNENU.jpg"],"tags":[]}}