{"title":"安卓邮件客户端设置","author":"Mr.Hope","time":"2020年7月18日","shareable":true,"content":[{"tag":"text","text":["以安卓手机上的 Gmail 客户端为例"]},{"tag":"text","type":"ul","text":["选择 “添加其他账号”"]},{"tag":"img","src":"https://mp.innenu.com/img/account/email1.jpg"},{"tag":"text","type":"ul","text":["选择 “其他”"]},{"tag":"img","src":"https://mp.innenu.com/img/account/email2.jpg"},{"tag":"text","type":"ul","text":["输入电子邮箱地址","点击左下角的手动设置"]},{"tag":"img","src":"https://mp.innenu.com/img/account/email3.jpg"},{"tag":"text","type":"ul","text":["选择 “个人(IMAP)”"]},{"tag":"img","src":"https://mp.innenu.com/img/account/email4.jpg"},{"tag":"text","type":"ul","text":["输入密码"]},{"tag":"img","src":"https://mp.innenu.com/img/account/email5.jpg"},{"tag":"text","type":"ul","text":["在接收服务器中输入"]},{"tag":"copy","text":"smtphz.qiye.163.com"},{"tag":"img","src":"https://mp.innenu.com/img/account/email6.jpg"},{"tag":"text","type":"ul","text":["在外发服务器中输入"]},{"tag":"copy","text":"smtphz.qiye.163.com"},{"tag":"img","src":"https://mp.innenu.com/img/account/email7.jpg"},{"tag":"text","type":"ul","text":["自行选择合适的同步频率(同步频率过高会加大手机耗电量)"]},{"tag":"img","src":"https://mp.innenu.com/img/account/email8.jpg"},{"tag":"text","type":"ul","text":["选择合适的账号名称与发件人姓名"]},{"tag":"img","src":"https://mp.innenu.com/img/account/email9.jpg"}],"images":["https://mp.innenu.com/img/account/email1.jpg","https://mp.innenu.com/img/account/email2.jpg","https://mp.innenu.com/img/account/email3.jpg","https://mp.innenu.com/img/account/email4.jpg","https://mp.innenu.com/img/account/email5.jpg","https://mp.innenu.com/img/account/email6.jpg","https://mp.innenu.com/img/account/email7.jpg","https://mp.innenu.com/img/account/email8.jpg","https://mp.innenu.com/img/account/email9.jpg"],"id":"guide/account/Android","scopeData":{"@type":"general","uniq_id":"guide/account/Android","cover":"https://mp.innenu.com/img/account/email1.jpg","title":"安卓邮件客户端设置","digest":"以安卓手机上的 Gmail 客户端为例选择 “添加其他账号”选择 “其他”输入电子邮箱地址 点击左下角的手动设置选择 “个人(IMAP)”输入密码在接收服务器中输入在外发服务器中输入自行选择合适的同步频率(同步频率过高会加大手机耗电量)选择","thumbs":["https://mp.innenu.com/img/account/email1.jpg","https://mp.innenu.com/img/account/email2.jpg","https://mp.innenu.com/img/account/email3.jpg","https://mp.innenu.com/img/account/email4.jpg","https://mp.innenu.com/img/account/email5.jpg","https://mp.innenu.com/img/account/email6.jpg","https://mp.innenu.com/img/account/email7.jpg","https://mp.innenu.com/img/account/email8.jpg","https://mp.innenu.com/img/account/email9.jpg"],"tags":[]}}