{"title":"洗浴","author":"Mr.Hope","time":"2021年7月4","shareable":true,"content":[{"tag":"title","text":"环境介绍"},{"tag":"text","type":"p","text":["新学生浴池采用单间洗浴，环境更加舒适性，便利性，私密性，安全性。还配备了免费健身房与休息厅。费用是 0.035元/升。"],"style":"text-indent: 1.5em; "},{"tag":"title","text":"计费方式与特性"},{"tag":"ol","text":["微信/支付宝/第三方充值。","微信、支付宝、APP、 小程序扫一-扫。","线上充值，线下消费，不支持一卡通。","蓝牙自动配对，连接启动设备。","输入账户密码启动，消费数据实时上传。","按键出水，按键关水。","消费手机账户钱包，立即有明细"]},{"tag":"title","text":"浴池反馈电话"},{"tag":"phone","fName":"浴池反馈电话","num":"18767449975"}],"images":[],"id":"guide/bath/intro","scopeData":{"@type":"general","uniq_id":"guide/bath/intro","title":"洗浴","digest":"新学生浴池采用单间洗浴，环境更加舒适性，便利性，私密性，安全性。还配备了免费健身房与休息厅。费用是 0.035元/升。","thumbs":["https://mp.innenu.com/img/inNENU.jpg"],"tags":["环境介绍","计费方式与特性","浴池反馈电话"]}}