{"title":"净月美食节","author":"Mr.Hope","time":"2020年9月1日","shareable":true,"content":[{"tag":"img","src":"https://mp.innenu.com/img/dining/dining36.jpg"},{"tag":"img","src":"https://mp.innenu.com/img/dining/dining37.jpg"},{"tag":"img","src":"https://mp.innenu.com/img/dining/dining38.jpg"},{"tag":"img","src":"https://mp.innenu.com/img/dining/dining39.jpg"}],"images":["https://mp.innenu.com/img/dining/dining36.jpg","https://mp.innenu.com/img/dining/dining37.jpg","https://mp.innenu.com/img/dining/dining38.jpg","https://mp.innenu.com/img/dining/dining39.jpg"],"id":"guide/dining/festival/jingyue","scopeData":{"@type":"general","uniq_id":"guide/dining/festival/jingyue","cover":"https://mp.innenu.com/img/dining/dining36.jpg","title":"净月美食节","digest":"","thumbs":["https://mp.innenu.com/img/dining/dining36.jpg","https://mp.innenu.com/img/dining/dining37.jpg","https://mp.innenu.com/img/dining/dining38.jpg","https://mp.innenu.com/img/dining/dining39.jpg"],"tags":[]}}