{"title":"洗浴","grey":true,"author":"Mr.Hope","time":"2021年7月9日","shareable":true,"content":[{"tag":"list","content":[{"text":"介绍","path":"guide/bath/intro"},{"text":"充值","path":"guide/bath/charge"},{"text":"洗浴","path":"guide/bath/usage"}]},{"tag":"list","header":"两校区浴池","content":[{"text":"本部","path":"guide/bath/benbu"},{"text":"净月","path":"guide/bath/jingyue"}]}],"images":[],"id":"guide/bath/index","scopeData":{"@type":"general","uniq_id":"guide/bath/index","title":"洗浴","digest":"","thumbs":["https://mp.innenu.com/img/inNENU.jpg"],"tags":[]}}