{"title":"政法学院","grey":true,"author":"Mr.Hope","time":"2021年7月9日","shareable":true,"content":[{"tag":"list","content":[{"text":"学院简介","icon":"about","path":"intro/school/politics/intro"},{"text":"专业介绍","icon":"info","path":"intro/school/politics/enroll"}]},{"tag":"list","content":[{"text":"学科建设","path":"intro/school/politics/subject"},{"text":"政法学院共有三个一级学科: 政治学、法学和公共管理"},{"text":"政治学","path":"intro/school/politics/politic-subject"},{"text":"法学","path":"intro/school/politics/law-subject"},{"text":"公共管理","path":"intro/school/politics/manage-subject"}]},{"tag":"copy","header":"官网地址","text":"https://zf.nenu.edu.cn/"}],"images":[],"id":"intro/school/politics/index","scopeData":{"@type":"general","uniq_id":"intro/school/politics/index","title":"政法学院","digest":"","thumbs":["https://mp.innenu.com/img/inNENU.jpg"],"tags":[]}}