{"title":"信息科学与技术学院招生","author":"Mr.Hope","time":"2021年7月22日","shareable":true,"content":[{"tag":"title","text":"本科招生情况"},{"tag":"p","text":["信息科学与技术学院设有教育技术学(公费师范)、教育技术学、计算机科学与技术、图书馆学、智能科学与技术、计算机科学与技术(中外合作办学)六个专业。"],"style":"text-indent: 1.5em; "},{"tag":"ul","heading":"学费情况","text":["教育技术学(公费师范): ￥0/年","教育技术学: ￥3850/年","计算机科学与技术: ￥5060/年","图书馆学: ￥3850/年","智能科学与技术: ￥5060/年","计算机科学与技术(中外合作办学): ￥19000/年"]},{"tag":"text","heading":"专业介绍视频"},{"tag":"media","type":"video","src":"http://zsb.nenu.edu.cn/__local/D/E0/95/866B7AA4A9FA8E35FE781CEAE39_FCEC3A01_16941046.mp4?e=.mp4"},{"tag":"list","content":[{"text":"计算机类","path":"intro/school/ist/class"},{"text":"教育技术学 (公费示范)","path":"intro/school/ist/tech-normal"},{"text":"计算机科学与技术(中外合作办学)","path":"intro/school/ist/science-cop"}]},{"tag":"text","heading":"相关介绍"},{"tag":"doc","name":"计算机科学与技术专业、教育技术学专业、图书馆学专业&信息资源管理专业课程简介与大纲","url":"https://mp.innenu.com/file/study/ist-kcjj.pdf","icon":"pdf"},{"tag":"doc","name":"软件工程专业课程简介","url":"https://mp.innenu.com/file/study/ist-rjjxjj.pdf","icon":"pdf"},{"tag":"doc","name":"软件工程专业教学大纲","url":"https://mp.innenu.com/file/study/ist-rjjxdg.pdf","icon":"pdf"},{"tag":"title","text":"硕士研究生招生概况"},{"tag":"text","text":["信息科学与技术学院下设计算机科学系、教育技术系、信息管理系、软件工程系和大学计算机基础教学与研究中心，设有计算机科学与技术、教育技术学、软件工程、图书馆学和信息资源管理5个本科专业，计算机系统结构、计算机应用技术、课程与教学论(计算机)、软件工程、教育技术学、图书馆学、情报学7个学术硕士学位授权点，计算机技术、软件工程、现代教育技术和图书情报4个专业硕士学位授权点，教育技术学和智能环境分析与规划2个博士学位授权点。"]},{"tag":"img","src":"https://mp.innenu.com/img/enroll/ist-master.png","desc":"2021年招生信息"},{"tag":"phone","header":"硕士研究生招生咨询电话","fName":"红岩","lName":"王","num":"0431-84536338","org":"东北师范大学信息科学与技术学院","title":"硕士研究生招生负责人","street":"吉林省长春市净月大街 2555 号","postCode":"130117","email":"wanghy668@nenu.edu.cn"}],"images":["https://mp.innenu.com/img/enroll/ist-master.png"],"id":"intro/school/ist/enroll","scopeData":{"@type":"general","uniq_id":"intro/school/ist/enroll","cover":"https://mp.innenu.com/img/enroll/ist-master.png","title":"信息科学与技术学院招生","digest":"信息科学与技术学院设有教育技术学(公费师范)、教育技术学、计算机科学与技术、图书馆学、智能科学与技术、计算机科学与技术(中外合作办学)六个专业。学费情况 教育技术学(公费师范): ￥0/年 教育技术学: ￥3850/年 计算机科学与技术: ","thumbs":["https://mp.innenu.com/img/enroll/ist-master.png"],"tags":["本科招生情况","硕士研究生招生概况"]}}