{"title":"转专业","author":"Mr.Hope","time":"2020年8月8日","grey":true,"shareable":true,"content":[{"tag":"list","content":[{"text":"东北师范大学全日制本科生转专业实施办法","icon":"/module/icon/info.svg","base64Icon":"info","path":"guide/degree/change-major/rule"},{"text":"本科生转专业实施办法解读","icon":"/icon/about.svg","base64Icon":"about","path":"guide/degree/change-major/explain"},{"text":"个人建议","icon":"https://mp.innenu.com/img/icon/guide/advice.svg","base64Icon":"advice","path":"guide/degree/change-major/advice"}]},{"tag":"doc","name":"各专业准入细则","url":"https://mp.innenu.com/file/study/switchMajor.pdf","icon":"pdf"}],"images":[],"id":"guide/degree/change-major/index","scopeData":{"@type":"general","uniq_id":"guide/degree/change-major/index","title":"转专业","digest":"","thumbs":["https://mp.innenu.com/img/inNENU.jpg"],"tags":[]}}