{"title":"老乡群","author":"Mr.Hope","desc":"如需补充请联系 QQ 1178522294","time":"2021年7月9日","shareable":true,"content":[{"tag":"title","text":"东北师范大学老乡群"},{"tag":"text","text":["郑重声明: 因不存在“官方”老乡群，Mr.Hope 对任何老乡群的真实性与正规性无法做出评判。加群之后的任何后果与责任自负。"],"style":"color: red;"},{"tag":"text","text":["黑龙江"]},{"tag":"copy","text":"1140357621"},{"tag":"text","text":["吉林长春老乡群"]},{"tag":"copy","text":"454504509"},{"tag":"text","text":["东北师范大学辽宁群"]},{"tag":"copy","text":"184208758"},{"tag":"text","text":["为内蒙古喝彩"]},{"tag":"copy","text":"64016787"},{"tag":"text","text":["湖北省老乡群"]},{"tag":"copy","text":"315504674"},{"tag":"text","text":["河北老乡群"]},{"tag":"copy","text":"666048072"},{"tag":"text","text":["湖南老乡群"]},{"tag":"copy","text":"157808753"},{"tag":"text","text":["天津老乡群"]},{"tag":"copy","text":"822145879"},{"tag":"text","text":["四川老乡群"]},{"tag":"copy","text":"769574887"},{"tag":"text","text":["北京青年北漂在东师"]},{"tag":"copy","text":"174840954"},{"tag":"text","text":["上海学生群"]},{"tag":"copy","text":"250805068"},{"tag":"text","text":["江苏人在东师"]},{"tag":"copy","text":"470036355"},{"tag":"text","text":["江西老乡会"]},{"tag":"copy","text":"254531580"},{"tag":"text","text":["山东同学群"]},{"tag":"copy","text":"233854449"},{"tag":"text","text":["新疆新生群"]},{"tag":"copy","text":"307427221"},{"tag":"text","text":["西藏东师藏娃群"]},{"tag":"copy","text":"274507376"},{"tag":"text","text":["广东省新生群"]},{"tag":"copy","text":"794986523"},{"tag":"text","text":["广西东师桂友会"]},{"tag":"copy","text":"518898289"},{"tag":"text","text":["山西"]},{"tag":"copy","text":"303745491"},{"tag":"text","text":["青海"]},{"tag":"copy","text":"193593119"},{"tag":"text","text":["宁夏"]},{"tag":"copy","text":"366354996"},{"tag":"text","text":["安徽"]},{"tag":"copy","text":"340128156"},{"tag":"text","text":["福建"]},{"tag":"copy","text":"107092900"},{"tag":"text","text":["重庆市"]},{"tag":"copy","text":"327126156"},{"tag":"text","text":["浙江省"]},{"tag":"copy","text":"299414484"},{"tag":"text","text":["河南省"]},{"tag":"copy","text":"282119075"},{"tag":"text","text":["海南省"]},{"tag":"copy","text":"48355600"},{"tag":"text","text":["贵州省"]},{"tag":"copy","text":"98786880"},{"tag":"text","text":["云南省"]},{"tag":"copy","text":"457556109"},{"tag":"text","text":["陕西省"]},{"tag":"copy","text":"253755498"},{"tag":"text","text":["甘肃省"]},{"tag":"copy","text":"577264612"}],"images":[],"id":"guide/prepare/fellow-group","scopeData":{"@type":"general","uniq_id":"guide/prepare/fellow-group","title":"老乡群","digest":"郑重声明: 因不存在“官方”老乡群，Mr.Hope 对任何老乡群的真实性与正规性无法做出评判。加群之后的任何后果与责任自负。黑龙江吉林长春老乡群东北师范大学辽宁群为内蒙古喝彩湖北省老乡群河北老乡群湖南老乡群天津老乡群四川老乡群北京青年北漂在","thumbs":["https://mp.innenu.com/img/inNENU.jpg"],"tags":["东北师范大学老乡群"]}}