{"title":"校园卡","grey":true,"author":"Mr.Hope","time":"2020年7月18日","shareable":true,"content":[{"tag":"list","content":[{"text":"校园卡简介","icon":"info","path":"guide/card//intro"},{"text":"自助终端机","icon":"atm","path":"guide/card//terminal"},{"text":"校园卡充值","icon":"pay","path":"guide/card//charge"},{"text":"使用前准备","desc":"新卡到手后","icon":"prepare","path":"guide/card//prepare"},{"text":"校园卡丢失","desc":"立即挂失","icon":"lost","path":"guide/card//lost"},{"text":"更多业务办理","desc":"信息化办","icon":"office","path":"guide/card//office"},{"text":"常见故障及解决办法","icon":"error","path":"guide/card//malfunction"},{"text":"照片???","icon":"photo","desc":"为什么它这么丑","path":"guide/card//photo"},{"text":"爱护校园卡","icon":"card","path":"guide/card//protect"}]},{"tag":"list","content":[{"text":"Mr.Hope の个人建议","icon":"advice","path":"guide/card//advice"}]}],"images":[],"id":"guide/card/index","scopeData":{"@type":"general","uniq_id":"guide/card/index","title":"校园卡","digest":"","thumbs":["https://mp.innenu.com/img/inNENU.jpg"],"tags":[]}}