{"title":"马克思主义学部招生","author":"Mr.Hope","time":"2020年8月6日","shareable":true,"content":[{"tag":"title","text":"本科招生"},{"tag":"text","type":"p","text":["自 2020 年起，马克思学部转为大类招生。在入学学习后分配至思想政治教育、哲学和社会学三个专业。"],"style":"text-indent: 1.5em; "},{"tag":"list","header":false,"content":[{"text":"思想政治教育","path":"intro/school/marx/mind"},{"text":"哲学","path":"intro/school/marx/philosophy"},{"text":"社会学","path":"intro/school/marx/sociel"}]},{"tag":"title","text":"硕士研究生招生概况"},{"tag":"img","src":"https://mp.innenu.com/img/school/marx-master.png"},{"tag":"phone","header":"硕士研究生招生咨询电话","fName":"景","lName":"年","num":"0431-85099532","org":"东北师范大学马克思主义学部","title":"硕士研究生招生负责人","street":"吉林省长春市人民大街5268号","postCode":"130024","email":"nianj123@nenu.edu.cn"}],"images":["https://mp.innenu.com/img/school/marx-master.png"],"id":"intro/school/marx/enroll","scopeData":{"@type":"general","uniq_id":"intro/school/marx/enroll","cover":"https://mp.innenu.com/img/school/marx-master.png","title":"马克思主义学部招生","digest":"自 2020 年起，马克思学部转为大类招生。在入学学习后分配至思想政治教育、哲学和社会学三个专业。","thumbs":["https://mp.innenu.com/img/school/marx-master.png"],"tags":["本科招生","硕士研究生招生概况"]}}