{"title":"Mr.Hope 大学漫谈","grey":true,"author":"Mr.Hope","time":"2020年7月18日","shareable":true,"content":[{"tag":"text","type":"p","heading":true,"text":["此章节是 Mr.Hope 个人大学四年的一些经验和看法，带有比较强烈的主观色彩，Mr.Hope 只能保证自己的三观不扭曲，但不保证自己的观点一定是正确的。","所以请大家以批判和思考的眼光来看待这一部分内容。如果对内容有其他看法可以联系我进行讨论或者较有条理的完成一段叙述。我可以在审查之后放在小程序上。"],"style":"text-indent: 1.5em; "},{"tag":"list","header":"学生工作","content":[{"text":"总体介绍","icon":"/module/icon/info.svg","path":"guide/advice/work/intro"},{"text":"学生工作是否必要","path":"guide/advice/work/necessity"},{"text":"成为学生干部的优劣","path":"guide/advice/work/benefit"},{"text":"学生干部的要求","path":"guide/advice/work/requirement"}]}],"images":[],"id":"guide/advice/index","scopeData":{"@type":"general","uniq_id":"guide/advice/index","title":"Mr.Hope 大学漫谈","digest":"true 此章节是 Mr.Hope 个人大学四年的一些经验和看法，带有比较强烈的主观色彩，Mr.Hope 只能保证自己的三观不扭曲，但不保证自己的观点一定是正确的。 所以请大家以批判和思考的眼光来看待这一部分内容。如果对内容有其他看法可以联","thumbs":["https://mp.innenu.com/img/inNENU.jpg"],"tags":[]}}