{"title":"美术学师范专业","desc":"来源: 美术学院官网\n内容更新于: 2019年05月22日","time":"2021年7月9日","shareable":true,"content":[{"tag":"title","text":"专业介绍"},{"tag":"p","text":["东北师范大学美术教育专业方向创始于1973年，美术教育系正式成立于2008年，在专业设置上，美术教育系是东北师范大学美术学院美术学学科中的一个专业方向。承担着公费师范生、教育硕士、学历硕士的培养任务。"],"style":"text-indent: 1.5em; "},{"tag":"title","text":"学费价格"},{"tag":"p","text":["美术学(师范)的学费均为 12000 元/年"],"style":"text-indent: 1.5em; "},{"tag":"title","text":"教师队伍"},{"tag":"p","text":["美术教育系的教学任务由系内教师和学院其他系教师共同完成。系内现有教师7名，其中教授1名，副教授2名，助教4名。其他系的教师根据美术教育系的课程需要承担授课任务。","现有本科生254名。其中08级49名，09级36名，10级93名，11级76名。学历硕士10名，教育硕士8名，艺术硕士2名。"],"style":"text-indent: 1.5em; "},{"tag":"title","text":"培养目标"},{"tag":"p","text":["美术教育系旨在培养掌握美术教育的基本知识、技能与基础理论，具有较强的艺术创作、美术实践能力和创新精神，具备良好的人文素养和初步美术教育研究能力，能够承担美术教育和美术文化传播任务的优秀中小学美术教师，并为其成为美术教育家奠定坚实基础。"],"style":"text-indent: 1.5em; "},{"tag":"title","text":"教学理念"},{"tag":"p","text":["美术教育系以“润泽、畅神、开智、创造”作为美术教师教育的理念。注重学生艺术创作观念、多元化艺术表达和教育教学能力的培养。建构以学科为基础、以人和视觉文化为核心的美术教师教育综合教学体系，形成与当代艺术和文化发生联系的综合教育教学模式。以对“人”的影响为出发点和目的，强调把艺术思想付诸“行动”，通过“实践”过程和亲身“体验”，使学生获得“生成”的知识与创作能力、教育教学能力。即“思想——行动——实践——体验——生成”的教学思路。","美术的综合性与人的完整性具有对应性，美术活动是人的对象性存在的重要方式。美术教育作为人与视觉文化的教育，其丰富性是前所未有的。所以综合性是当代美术教育的发展趋势。具体体现在: 教学目标的综合性；课程体系的综合性；学科知识的综合性；教学方式的综合性；学习方法的综合性。"],"style":"text-indent: 1.5em; "}],"images":[],"id":"intro/school/art/art-normal","scopeData":{"@type":"general","uniq_id":"intro/school/art/art-normal","title":"美术学师范专业","digest":"东北师范大学美术教育专业方向创始于1973年，美术教育系正式成立于2008年，在专业设置上，美术教育系是东北师范大学美术学院美术学学科中的一个专业方向。承担着公费师范生、教育硕士、学历硕士的培养任务。美术学(师范)的学费均为 12000 元","thumbs":["https://mp.innenu.com/img/inNENU.jpg"],"tags":["专业介绍","学费价格","教师队伍","培养目标","教学理念"]}}