{"title":"数字媒体系介绍","desc":"来源: 美术学院官网\n内容更新于: 2019年05月22日","time":"2020年8月6日","shareable":true,"content":[{"tag":"title","text":"专业介绍"},{"tag":"p","text":["数字媒体系前身为动画系，成立于 2004 年，依托于东北师范大学综合学科的深厚底蕴。经过多年的建设和发展，在国内已具有较高的学术地位。系中国学院奖高校常务理事单位，中国动画学会会员单位，吉林省动漫游戏协会理事单位。并拥有国际先进的教学硬件条件和一支具有较高教学水平的师资队伍。","现有二维动画设计及三维动画设计两个专业方向，常年聘请国内外著名的动画导演及业界精英为我系的客座教授。我系硕士研究生的研究方向为动画创作研究与理论。","我系具有良好的教学及科研氛围，在学科建设和科研等方面取得了突出的成绩。近年来，我系教师共主编专业教材20余部，出版学术专著30余部，在国家级核心刊物及专业学术刊物上发表论文20余篇；发表国家级、省级动漫艺术作品350余部；获国际级、国家级动画专业奖项50余项，省部级奖项65项；共获10余项国家级、校级科研课题及项目立项。","数字媒体系重视多学科、多专业、多领域的交叉和渗透。形成了具有鲜明特色的教学理念，注重培养学生掌握动画艺术的创作规律，实践各种创作理念、表现风格及技术手段。关注动画产业的技术发展与应用前景。培养具有编剧、导演、美术设计、技术监制等较强综合能力的创作型动画人才。","数字媒体系拥有一流的软硬件教学、科研、创作环境，各类专业实验室和创作室。包括三维动画制作实验室、二维动画制作实验室、动画音频实验室、动画视频实验室、动检实验室等；同时拥有一流的苹果创作室、渲染集群、数字合成机房等教学和科研设施。设有动画工作室，为学生提供了良好的实践教学及科研创作的平台。其中拥有先进的磁盘阵列、惠普品牌的图形工作基站、苹果的移动图形基站、网络线拍系统、全功能视频合成系统、无损视频后期制作设备、GB2000 数字音频工作站立体动画拍摄系统、无纸动画设备、RenderFarm 群集渲染、Sony 摄录一体机等完备的动画制作及教学设备。"],"style":"text-indent: 1.5em; "},{"tag":"title","text":"教师队伍"},{"tag":"p","text":["现有专职教师九名，其中副教授两名，讲师四名，助教三名。"],"style":"text-indent: 1.5em; "}],"images":[],"id":"intro/school/art/media","scopeData":{"@type":"general","uniq_id":"intro/school/art/media","title":"数字媒体系介绍","digest":"数字媒体系前身为动画系，成立于 2004 年，依托于东北师范大学综合学科的深厚底蕴。经过多年的建设和发展，在国内已具有较高的学术地位。系中国学院奖高校常务理事单位，中国动画学会会员单位，吉林省动漫游戏协会理事单位。并拥有国际先进的教学硬件条","thumbs":["https://mp.innenu.com/img/inNENU.jpg"],"tags":["专业介绍","教师队伍"]}}