{"title":"Web新生课程添加","author":"Mr.Hope","time":"2021年7月31日","shareable":true,"content":[{"tag":"text","text":["点击图中的 “优课YOOC” ↓"]},{"tag":"img","src":"https://mp.innenu.com/img/yiban/web-add1.jpg"},{"tag":"text","text":["点击右上角头像 - “我的课群” ↓"]},{"tag":"img","src":"https://mp.innenu.com/img/yiban/web-add2.png"},{"tag":"text","text":["点击添加课群，输入 “UVK533RG” 并点击确定 ↓"]},{"tag":"copy","text":"UVK533RG"},{"tag":"img","src":"https://mp.innenu.com/img/yiban/web-add3.jpg"},{"tag":"text","text":["根据自身学院选择您所要加入的小组 ↓"]},{"tag":"img","src":"https://mp.innenu.com/img/yiban/web-add4.png"},{"tag":"text","text":["之后选择返回首页即可开始学习 ↓"]},{"tag":"img","src":"https://mp.innenu.com/img/yiban/web-add5.png"}],"images":["https://mp.innenu.com/img/yiban/web-add1.jpg","https://mp.innenu.com/img/yiban/web-add2.png","https://mp.innenu.com/img/yiban/web-add3.jpg","https://mp.innenu.com/img/yiban/web-add4.png","https://mp.innenu.com/img/yiban/web-add5.png"],"id":"guide/yiban/add/web","scopeData":{"@type":"general","uniq_id":"guide/yiban/add/web","cover":"https://mp.innenu.com/img/yiban/web-add1.jpg","title":"Web新生课程添加","digest":"点击图中的 “优课YOOC” ↓点击右上角头像 - “我的课群” ↓点击添加课群，输入 “UVK533RG” 并点击确定 ↓根据自身学院选择您所要加入的小组 ↓之后选择返回首页即可开始学习 ↓","thumbs":["https://mp.innenu.com/img/yiban/web-add1.jpg","https://mp.innenu.com/img/yiban/web-add2.png","https://mp.innenu.com/img/yiban/web-add3.jpg","https://mp.innenu.com/img/yiban/web-add4.png","https://mp.innenu.com/img/yiban/web-add5.png"],"tags":[]}}