{"title":"政法学院招生","author":"Mr.Hope","time":"2020年8月6日","shareable":true,"content":[{"tag":"title","text":"本科招生情况"},{"tag":"text","type":"p","text":["政法学院现设有思想政治教育(公费师范)、法学、行政管理、国际政治、政治学与行政学 5 个本科专业，其中后四个专业采取大类招生。"],"style":"text-indent: 1.5em; "},{"tag":"list","header":"本科专业介绍","content":[{"text":"思想政治教育(公费师范)","path":"intro/school/politics/mind"},{"text":"政治学类","path":"intro/school/politics/class"}]},{"tag":"title","text":"硕士研究生招生概况"},{"tag":"img","src":"https://mp.innenu.com/img/school/politics-master.png"},{"tag":"text","heading":"硕士研究生招生咨询电话"},{"tag":"phone","fName":"刘","lName":"丽娜","num":"0431-84536373","org":"东北师范大学政法学院","title":"硕士研究生招生负责人","street":"吉林省长春市净月大街 2555 号","postCode":"130117","email":"wangs354@nenu.edu.cn"}],"images":["https://mp.innenu.com/img/school/politics-master.png"],"id":"intro/school/politics/enroll","scopeData":{"@type":"general","uniq_id":"intro/school/politics/enroll","cover":"https://mp.innenu.com/img/school/politics-master.png","title":"政法学院招生","digest":"政法学院现设有思想政治教育(公费师范)、法学、行政管理、国际政治、政治学与行政学 5 个本科专业，其中后四个专业采取大类招生。硕士研究生招生咨询电话 ","thumbs":["https://mp.innenu.com/img/school/politics-master.png"],"tags":["本科招生情况","硕士研究生招生概况"]}}