{"title":"行政管理专业","desc":"来源: 政法学院官网","time":"2020年8月6日","shareable":true,"content":[{"tag":"title","text":"专业目标"},{"tag":"p","text":["为普通类专业，旨在培养能够在党政机关、社会团体及企事业单位从事社会公共事务和组织内部综合事务管理的具有较高理论素养和实践技能的专门人才。"],"style":"text-indent: 1.5em; "},{"tag":"title","text":"专业介绍"},{"tag":"p","text":["行政管理专业是我校适应社会发展需要与学校办学的总体部署而创办的本科专业之一，依托思想政治教育专业发展而来。1992年招收工商行政管理专业专科生,2002年独立设置行政管理系并开始招收本科生。经过近15年的建设和发展，目前已经形成独具特色的专业建设基础平台和综合型人才培养体系，具有深厚的办学基础和良好的发展势头。","行政管理专业探索和确立专门性与复合型相结合的人才培养模式，面向基层和地方开辟多元化就业途径。毕业生去向之一是去往国内外高校继续学习深造，每年有一定比例成绩优异学生获得国内名校和本校保送研究生资格，有学生远赴日本、瑞典等国家留学，有学生考取中国人民大学、厦门大学、吉林大学等名校读研究生；毕业生去向之二是分布在高校、党政机关、企业、基础教育等行业，有学生以优异成绩考取国家安全部、海关、税务、省市政府部门等相关公务员岗位，并在工作中表现出基础理论素养扎实、工作能力强、发展潜力突出的优势。"],"style":"text-indent: 1.5em; "},{"tag":"title","text":"就业方向"},{"tag":"p","text":["各级各类党政军机关、人民团体、企业、事业单位、社会中介组织的政策法规研究部门、人事与教育培训部门、有关中高等教育单位与科研机构等。"],"style":"text-indent: 1.5em; "}],"images":[],"id":"intro/school/politics/manage","scopeData":{"@type":"general","uniq_id":"intro/school/politics/manage","title":"行政管理专业","digest":"为普通类专业，旨在培养能够在党政机关、社会团体及企事业单位从事社会公共事务和组织内部综合事务管理的具有较高理论素养和实践技能的专门人才。行政管理专业是我校适应社会发展需要与学校办学的总体部署而创办的本科专业之一，依托思想政治教育专业发展而来","thumbs":["https://mp.innenu.com/img/inNENU.jpg"],"tags":["专业目标","专业介绍","就业方向"]}}