{"title":"美术学非师范专业","time":"2021年7月4","shareable":true,"content":[{"tag":"title","text":"美术学"},{"tag":"p","text":["美术学(非师范)会在大二开学进行专业的划分，会分为以下几个专业。","美术学(非师范)的学费均为 12000 元/年"],"style":"text-indent: 1.5em; "},{"tag":"list","header":"专业介绍","content":[{"text":"中国画","path":"intro/school/art/chinese"},{"text":"版画","path":"intro/school/art/print"},{"text":"油画","path":"intro/school/art/paint"},{"text":"水彩","path":"intro/school/art/watercolor"}]}],"images":[],"id":"intro/school/art/art","scopeData":{"@type":"general","uniq_id":"intro/school/art/art","title":"美术学非师范专业","digest":"美术学(非师范)会在大二开学进行专业的划分，会分为以下几个专业。 美术学(非师范)的学费均为 12000 元/年","thumbs":["https://mp.innenu.com/img/inNENU.jpg"],"tags":["美术学"]}}