{"title":"物理学院介绍","desc":"来源: 东北师范大学物理学院官网\n数据统计日期截至 2016 年 6 月 1 日\"","shareable":true,"content":[{"tag":"swiper","url":["https://mp.innenu.com/img/school/physic.jpg","https://mp.innenu.com/img/school/physic1.jpg"]},{"tag":"title","text":"近期概述"},{"tag":"p","text":["2017 年，材料科学与工程学科入选了国家“双一流”建设学科。2018 年，物理学科在全国第四轮学科评估中结果为 B+，位列全国高校前 20%。2019 年物理学专业通过教育部普通高等学校师范类专业第二级认证，并被认定为国家级一流本科专业建设点。"],"style":"text-indent: 1.5em; "},{"tag":"title","text":"学院简介"},{"tag":"p","text":["中国共产党在东北地区创建的第一所综合性大学东北大学于 1948 年 10 月创建了东北大学自然科学院物理系。1950 年东北大学自然科学院物理系更名为东北师范大学物理系，2004 年撤系成立东北师范大学物理学院。","学院现有 3 个本科专业(物理学〔师范专业〕、电子信息科学与技术、材料物理)，11 个二级学科具有硕士学位授予权(理论物理、粒子物理与原子核物理、凝聚态物理、光学、应用物理、材料物理与化学、电路与系统、核技术及应用、课程与教学论、学科教学〔物理〕、电子与通信工程〔专业学位〕)，4 个二级学科具有博士学位授予权(理论物理、粒子物理与原子核物理、凝聚态物理、材料物理与化学)；其中，物理学专业是国家高等学校特色专业，电子信息科学与技术专业入选吉林省“高等学校卓越工程师教育培养计划”，材料科学与工程专业是吉林省高校“重中之重一级学科”。学院拥有物理学和材料科学与工程 2 个一级学科博士学位授予权，设有物理学博士后科研流动站。","物理学院拥有良好的教学、科研、学术交流和社会服务平台。设有物理学(师范专业) 国家级实验教学示范中心，建立了吉林省首批高等学校人才培养模式创新实验区；建有紫外光发射材料与技术教育部重点实验室、吉林省先进能源开发与应用创新重点实验室、量子科学中心、理论物理研究所、辐射技术研究所、计算智能研究所、物理学科教育研究所等科研机构；学院拥有教育部与国家外专局批准建立的“高等学校学科创新引智基地(111基地)”，国家基金委理论物理学术交流平台，与美国、日本、台湾以及国内多所知名院校建立了交流计划；学院受教育部高等学校物理学与天文学教学指导委员会委托承办《物理实验》杂志， 设有教育部“中学物理示范性集中培训基地(国培基地)”。"],"style":"text-indent: 1.5em; "},{"tag":"title","text":"师资力量"},{"tag":"p","text":["学院现有教职工 112 人，专任教师 75 人，博士生导师 17 人，教授 24 人，副教授 30 人；其中，国家杰出青年科学基金获得者 1 人，中科院“百人计划”入选者 1 人，国家优秀青年科学基金获得者 2 人，教育部新世纪(跨世纪)优秀人才支持计划入选者 10 人，吉林省长白山学者特聘教授 4 人，全国模范教师 1 人，第六届教育部科学技术委员会委员及数理学部委员 1 人，首届教育部高等学校中学教师培养教学指导委员会主任委员1人。 学院在读本科生 800 余人，博士、硕士研究生 300 余人。"],"style":"text-indent: 1.5em; "},{"tag":"title","text":"学科建设"},{"tag":"p","text":["学院教学科研成果丰硕。近年来，承担/参与包括国家重大科学研究计划、国家 863 计划、国家重大科学仪器设备开发专项、国家基金委重大研究计划等国家级、省部级教科研项目 100 余项。获国家级教学成果一等奖，国家自然科学二等奖，教育部自然科学一等奖等省部级奖项 70 余项。承担了全国教育科学规划课题、教育部人文社科基地重大项目、教育部基础教育质量检测中心课题多项；，撰写出版了一批优秀教材，多部教材入选“十五”、“十一五”、“十二五”国家级规划教材，部分教材被全国 40 多所高校采用。"],"style":"text-indent: 1.5em; "},{"tag":"title","text":"人才培养"},{"tag":"p","text":["学院秉承“尊重的教育、创造的教育”的理念，针对卓越教师、学科拔尖人才、应用型人才的培养目标，在教学中尤为重视学生基础知识的巩固和实践能力的培养。60 多年来为国家培养了大批理论功底扎实、实践能力突出的优秀毕业生，其中 1 人当选中国科学院院士、7 人获国家杰出青年科学基金、2 人入选中科院“百人计划”。以 61 届毕业生陆家羲和 84 届毕业生孙昌璞为代表的一批优秀学科带头人在科学研究领域取得重要成绩: 陆家羲先生在组合数学研究领域完成了世界一流的工作，相关成果获 1987 年国家自然科学一等奖；中科院院士孙昌璞在量子物理研究领域作出显著贡献，科研成果获 2008 年国家自然科学二等奖；刘益春教授在 ZnO 宽禁带半导体材料方面取得重要突破，成果获 2015 年国家自然科学二等奖。在基础教育领域，以 95 届毕业生史艺和 99 届毕业生龚鹏 为代表的众多毕业生已成为基础教育战线的领军人物: 史艺 作为神舟十号太空授课地面教师，成功地配合航天员完成了四大太空物理实验的授课任务。龚鹏 在激发中学生创造性学习方面贡献突出，荣获“发展中国家科学院区域奖”，成为全球仅有的四名获奖者之一，也是亚洲区唯一一名获奖者。"],"style":"text-indent: 1.5em; "},{"tag":"title","text":"联系方式"},{"tag":"ul","text":["地址: 吉林省长春市人民大街 5268 号","邮政编码: 130024","电话: 0431-85099666"]},{"tag":"phone","fName":"物理学院","num":"0431-85099666","org":"东北师范大学","street":"吉林省长春市人民大街 5268 号","postCode":"130024"}],"images":[],"id":"intro/school/physics/intro","scopeData":{"@type":"general","uniq_id":"intro/school/physics/intro","title":"物理学院介绍","digest":"2017 年，材料科学与工程学科入选了国家“双一流”建设学科。2018 年，物理学科在全国第四轮学科评估中结果为 B+，位列全国高校前 20%。2019 年物理学专业通过教育部普通高等学校师范类专业第二级认证，并被认定为国家级一流本科专业建","thumbs":["https://mp.innenu.com/img/inNENU.jpg"],"tags":["近期概述","学院简介","师资力量","学科建设","人才培养","联系方式"]}}