{"title":"官方招生现场咨询活动","author":"Mr.Hope","time":"2021年6月27日","shareable":true,"content":[{"tag":"title","text":"全国招生咨询活动"},{"tag":"img","src":"https://mp.innenu.com/img/enroll/activity-2021.jpg"},{"tag":"title","text":"吉林省内招生咨询活动"},{"tag":"img","src":"https://mp.innenu.com/img/enroll/province-2021.webp"}],"images":["https://mp.innenu.com/img/enroll/activity-2021.jpg","https://mp.innenu.com/img/enroll/province-2021.webp"],"id":"intro/enroll/activity","scopeData":{"@type":"general","uniq_id":"intro/enroll/activity","cover":"https://mp.innenu.com/img/enroll/activity-2021.jpg","title":"官方招生现场咨询活动","digest":"","thumbs":["https://mp.innenu.com/img/enroll/activity-2021.jpg","https://mp.innenu.com/img/enroll/province-2021.webp"],"tags":["全国招生咨询活动","吉林省内招生咨询活动"]}}