{"title":"招生情况","grey":true,"author":"Mr.Hope","time":"2021年6月26日","shareable":true,"content":[{"tag":"list","header":"本科招生","content":[{"text":"2021 年本科开设专业","icon":"info","path":"intro/enroll/major/2021"},{"text":"2021 年本科招生章程","icon":"info","path":"intro/enroll/rule/2021"},{"text":"2021 年国家优师专项计划招生简章","icon":"info","path":"intro/enroll/great-normal/2021"}]},{"tag":"list","header":"其他","content":[{"text":"2021 年第二学士学位招生简章","icon":"info","path":"intro/enroll/second-degree/2021"},{"text":"历史招生信息","icon":"time","path":"intro/enroll/history"},{"text":"录取通知书状态","icon":"search","path":"intro/enroll/search"}]},{"tag":"list","header":"招生咨询","content":[{"text":"招生办公室联系方式","icon":"phone","path":"intro/enroll/contact"},{"text":"招生咨询群","icon":"qq-group","path":"intro/enroll/QQGroup"},{"text":"线下招生咨询活动","icon":"activity","path":"intro/enroll/activity"}]},{"tag":"copy","header":"2021本科招生计划","text":"http://bkzsw.nenu.edu.cn/col_000018_000171.html"},{"tag":"copy","header":"本科往年分数线","text":"http://bkzsw.nenu.edu.cn/col_000018_000170.html"},{"tag":"copy","header":"招生办留言板","text":"http://zsb.nenu.edu.cn/lyb.jsp?urltype=tree.TreeTempUrl&wbtreeid=1123"},{"tag":"list","header":"招生办公室介绍","content":[{"text":"招生办公室人员","icon":"info","path":"intro/enroll/intro"}]}],"images":[],"id":"intro/enroll/index","scopeData":{"@type":"general","uniq_id":"intro/enroll/index","title":"招生情况","digest":"","thumbs":["https://mp.innenu.com/img/inNENU.jpg"],"tags":[]}}