{"title":"如何到达自己的校区","author":"Mr.Hope","time":"2020年9月1日","shareable":true,"content":[{"tag":"list","content":[{"text":"从火车站站出发","path":"guide/check/arrival//train/index"},{"text":"从龙嘉机场","path":"guide/check/arrival//plane/index"},{"text":"出租车","path":"guide/check/arrival//taxi"},{"text":"关于接站","path":"guide/check/arrival//pickup"}]}],"images":[],"id":"guide/check/arrival/index","scopeData":{"@type":"general","uniq_id":"guide/check/arrival/index","title":"如何到达自己的校区","digest":"","thumbs":["https://mp.innenu.com/img/inNENU.jpg"],"tags":[]}}