{"title":"接站","author":"Mr.Hope","time":"2021年7月9日","shareable":true,"content":[{"tag":"title","text":"接站地点"},{"tag":"p","text":["接站地点为在长春站北出站口和长春西站。机场由于过远且人员数量较少学校不负责接送，建议自行购票乘坐动车到长春站(票价￥8)。","另外由于疫情原因，2020年学校在两车站设置新生接待站，但未安排统一大巴进行接送，所以今年也可能没有大巴。(具体详情等待学校进一步通知)"],"style":"text-indent: 1.5em; "},{"tag":"list","header":false,"content":[{"text":"机场动车","icon":"train","path":"guide/check/arrival/train/index"}]},{"tag":"title","text":"接站标志"},{"tag":"p","text":["校学生会会负责新生接站任务，工作人员会举着“东北师范大学”的牌子在那里等着大家。","届时会在火车站附近安排摆台，来解决大家到校的疑问。"],"style":"text-indent: 1.5em; "},{"tag":"img","src":"https://mp.innenu.com/img/check/pickup.jpg","desc":"图为接站人员"},{"tag":"title","text":"接站时间"},{"tag":"p","heading":"2021 年接站时间","text":["等待官方通知"],"style":"text-indent: 1.5em; "},{"tag":"ul","heading":"2020 年接站时间","text":["2020 年 9 月 4 日午后","2020 年 9 月 5 日全天"]}],"images":["https://mp.innenu.com/img/check/pickup.jpg"],"id":"guide/check/arrival/pickup","scopeData":{"@type":"general","uniq_id":"guide/check/arrival/pickup","cover":"https://mp.innenu.com/img/check/pickup.jpg","title":"接站","digest":"接站地点为在长春站北出站口和长春西站。机场由于过远且人员数量较少学校不负责接送，建议自行购票乘坐动车到长春站(票价￥8)。 另外由于疫情原因，2020年学校在两车站设置新生接待站，但未安排统一大巴进行接送，所以今年也可能没有大巴。(具体详情","thumbs":["https://mp.innenu.com/img/check/pickup.jpg"],"tags":["接站地点","接站标志","接站时间"]}}