{"title":"账户","grey":true,"author":"Mr.Hope","time":"2021年7月30日","shareable":true,"content":[{"tag":"p","heading":"统一身份认证介绍","text":["学校为每个人分配了一个统一身份，这个身份就是您的邮箱账号和密码。","无论您登录校园网、进入内网查看通知、查看是否欠书未还、查看校园卡余额以及消费记录、进入本科生或研究生选课平台、查成绩、查课表、访问 BB 平台、本科教学服务系统等等，各种与信息查询提交的有关的操作都需要这个统一身份。"],"style":"text-indent: 1.5em; "},{"tag":"text","type":"warning","text":["请 2021 级新生同学注意，你们的账号只有在报道前两天才会激活，此时尝试登陆会提示“您提供的用户名或者密码有误”。"]},{"tag":"list","header":"了解更多","content":[{"text":"统一身份认证","icon":"authorize","path":"guide/account/authorize"}]},{"tag":"list","header":"校园邮箱","content":[{"text":"邮箱介绍","icon":"email","path":"guide/account/mail"},{"text":"安卓邮箱客户端设置","icon":"android","path":"guide/account/Android"},{"text":"iOS 邮箱客户端设置","icon":"apple","path":"guide/account/iOS"},{"text":"东北师范大学企业号","icon":"wechat","path":"guide/account/wechat"}]},{"tag":"img","src":"https://mp.innenu.com/img/account/emailAdvance.png","desc":"邮件客户端高级设置"}],"images":["https://mp.innenu.com/img/account/emailAdvance.png"],"id":"guide/account/index","scopeData":{"@type":"general","uniq_id":"guide/account/index","cover":"https://mp.innenu.com/img/account/emailAdvance.png","title":"账户","digest":"统一身份认证介绍 学校为每个人分配了一个统一身份，这个身份就是您的邮箱账号和密码。 无论您登录校园网、进入内网查看通知、查看是否欠书未还、查看校园卡余额以及消费记录、进入本科生或研究生选课平台、查成绩、查课表、访问 BB 平台、本科教学服务","thumbs":["https://mp.innenu.com/img/account/emailAdvance.png"],"tags":[]}}