{"title":"考研相关","grey":true,"author":"Mr.Hope","time":"2021年7月10日","shareable":true,"content":[{"tag":"text","type":"tip","text":["受到很多同学的期望，Mr.Hope 于 2021 年 7 月 11 日增加此板块","由于考研专业数量远大于本科专业，且学院内部的专业也会存在较大差异，考研科目众多，所以 Mr.Hope 只计划做一些通用的内容。","如果您已经上岸，并愿意免费提供考研资料、或者为其他人提供免费的咨询服务的话，欢迎联系我。"]},{"tag":"list","content":[{"text":"档案派遣","icon":"send","path":"guide/pubmed/dispatch"},{"text":"查询邮寄情况","icon":"search","path":"guide/pubmed/search"},{"text":"暂缓档案","icon":"postpone","path":"guide/pubmed/postpone"},{"text":"特殊情况的档案处理","icon":"ban","path":"guide/pubmed/ban"},{"text":"其他常见问题","icon":"faq","path":"guide/pubmed/faq"},{"text":"咨询与联系","icon":"phone","path":"guide/pubmed/contact"}]}],"images":[],"id":"guide/pubmed/index","scopeData":{"@type":"general","uniq_id":"guide/pubmed/index","title":"考研相关","digest":"受到很多同学的期望，Mr.Hope 于 2021 年 7 月 11 日增加此板块 由于考研专业数量远大于本科专业，且学院内部的专业也会存在较大差异，考研科目众多，所以 Mr.Hope 只计划做一些通用的内容。 如果您已经上岸，并愿意免费提供","thumbs":["https://mp.innenu.com/img/inNENU.jpg"],"tags":[]}}