{"title":"2021 级辅导员","author":"Mr.Hope","time":"2021年8月1日","shareable":true,"content":[{"tag":"p","text":["如果您有问题需要联系您的辅导员，请按照如下操作。","打开录取通知书内的新生手册并翻到档案接收一页，在大部分情况下档案接收人的姓名即是您的辅导员姓名，后方的电话即是辅导员的电话。"],"style":"text-indent: 1.5em; "},{"tag":"img","src":"https://mp.innenu.com/img/prepare/benbu-contact.jpg","desc":"本部"},{"tag":"img","src":"https://mp.innenu.com/img/prepare/jingyue-contact.jpg","desc":"净月"}],"images":["https://mp.innenu.com/img/prepare/benbu-contact.jpg","https://mp.innenu.com/img/prepare/jingyue-contact.jpg"],"id":"guide/prepare/counselor/2021","scopeData":{"@type":"general","uniq_id":"guide/prepare/counselor/2021","cover":"https://mp.innenu.com/img/prepare/benbu-contact.jpg","title":"2021 级辅导员","digest":"如果您有问题需要联系您的辅导员，请按照如下操作。 打开录取通知书内的新生手册并翻到档案接收一页，在大部分情况下档案接收人的姓名即是您的辅导员姓名，后方的电话即是辅导员的电话。","thumbs":["https://mp.innenu.com/img/prepare/benbu-contact.jpg","https://mp.innenu.com/img/prepare/jingyue-contact.jpg"],"tags":[]}}