{"title":"常见名词与相应政策","author":"Mr.Hope","time":"2021年6月27日","grey":true,"shareable":true,"content":[{"tag":"list","content":[{"text":"五险一金","path":"guide/job/defination//insurance"},{"text":"试用期和见习期","path":"guide/job/defination//internship"}]}],"images":[],"id":"guide/job/defination/index","scopeData":{"@type":"general","uniq_id":"guide/job/defination/index","title":"常见名词与相应政策","digest":"","thumbs":["https://mp.innenu.com/img/inNENU.jpg"],"tags":[]}}