{"title":"快递","author":"Mr.Hope","time":"2020年8月14日","shareable":true,"content":[{"tag":"text","type":"p","text":["因为疫情原因，开学学校会封校，请尽量选择在校内有快递点的快递。"],"style":"text-indent: 1.5em; "},{"tag":"title","text":"本部"},{"tag":"copy","header":"邮寄地址","text":"吉林省长春市南岭街道人民大街 5268 号"},{"tag":"copy","header":"邮编","text":"130024"},{"tag":"title","text":"净月"},{"tag":"copy","header":"邮寄地址","text":"吉林省长春市净月大街 2555 号"},{"tag":"copy","header":"邮编","text":"130117"},{"tag":"title","text":"快递详情"},{"tag":"list","header":false,"content":[{"text":"本部","path":"guide/life/express/benbu"},{"text":"净月","path":"guide/life/express/jingyue"}]}],"images":[],"id":"guide/life/express/index","scopeData":{"@type":"general","uniq_id":"guide/life/express/index","title":"快递","digest":"因为疫情原因，开学学校会封校，请尽量选择在校内有快递点的快递。","thumbs":["https://mp.innenu.com/img/inNENU.jpg"],"tags":["本部","净月","快递详情"]}}