{"title":"水彩系介绍","desc":"来源: 美术学院官网\n内容更新于: 2019年05月22日","time":"2021年7月4","shareable":true,"content":[{"tag":"title","text":"专业介绍"},{"tag":"p","text":["东北师范大学美术学院水彩画系成立于2001年，是我国高等美术院校中第一个设立的水彩画系。","在东北师范大学美术系建系之初，美术系基础课色彩训练以水彩画为媒介，确立了水彩画在美术系教学体系中的重要地位，1992年水彩画被正式设立为专业方向。在几十年的专业发展过程中，陈曦光先生、高殿才先生、张连贵先生、徐基仁先生等几位老教师以及历届院领导不懈努力，使水彩专业在良好的环境下不断发展，2001年成就了国内首个水彩画系的建立，从本科教学到研究生培养建立了一整套科学的人才培养体系。","水彩画系现有教师10人，其中教授3人，副教授3人，硕士研究生导师6人，讲师4人。教师中具有研究生学历者7人，在读博士4人，有国外留学经历的3人。教师队伍梯队建设合理，学术层次较高，在创作上呈现出艺术风格多元化的倾向。教师作品入选国家级展览达数十人次，并获得诸多奖项，在各类学术期刊上发表学术论文数十篇，并承担及参与国家级、省级项目多项。本科生和研究生也有多人次入选国家级展览。经过多年的发展建设，水彩画系的教学科研水平不断提升，成为中国水彩画界独具学术面貌和社会影响的群体。至2011年止，已培养了11届毕业生约400人，成为活跃在各专业院校的水彩画教学与研究岗位以及相关各艺术领域的中坚力量。","水彩画系的发展引起了国内外各界的关注。台湾的陈进兴先生为了纪念逝去的高殿才老师，鼓励水彩画系学生努力学习，特设了“高殿才水彩奖学金”。在中国美术家协会和我校师生的共同努力下，2009年中国美术家学会与我校共同创办《当代中国水彩》，作为水彩艺委会核心期刊，为国内水彩画理论研究、学术交流提供了良好的平台。","当下水彩画系正处于一个传承与发展并重的时期，学科建设和教学改革面临新的契机，水性材料概念的拓展与综合，艺术观念的开放与包容是专业发展的主要研究课题，依托美术学院的整体优势，以学科融合、资源共享为途径，培养符合时代精神要求、掌握艺术规律的人才是水彩画系的发展目标。"],"style":"text-indent: 1.5em; "}],"images":[],"id":"intro/school/art/watercolor","scopeData":{"@type":"general","uniq_id":"intro/school/art/watercolor","title":"水彩系介绍","digest":"东北师范大学美术学院水彩画系成立于2001年，是我国高等美术院校中第一个设立的水彩画系。 在东北师范大学美术系建系之初，美术系基础课色彩训练以水彩画为媒介，确立了水彩画在美术系教学体系中的重要地位，1992年水彩画被正式设立为专业方向。在几","thumbs":["https://mp.innenu.com/img/inNENU.jpg"],"tags":["专业介绍"]}}