{"title":"资助","grey":true,"author":"Mr.Hope","time":"2020年2月22日","shareable":true,"content":[{"tag":"text","type":"p","heading":"关于资助","text":["作为一所倡导“尊重的教育”理念的师范大学，学校一直十分重视家庭经济困难学生的资助工作，构建了以国家助学贷款为主体，勤工助学为主导，“奖、贷、助、补、减”五位一体的家庭经济困难学生资助工作体系，并成立了专门从事资助工作的机构——学生资助管理中心。所以即便您有经济困难，在收到大学录取通知书的时候，面对学费和生活费，也不必担心。"],"style":"text-indent: 1.5em; "},{"tag":"list","content":[{"text":"资助体系介绍","icon":"/module/icon/info.svg","path":"guide/subsidize/intro"},{"text":"资助申请流程","icon":"/module/icon/subsidizeAuthentication.svg","path":"guide/subsidize/application"},{"text":"资助工作机构","icon":"/icon/intro/office.svg","path":"guide/subsidize/agency"}]}],"images":[],"id":"guide/subsidize/index","scopeData":{"@type":"general","uniq_id":"guide/subsidize/index","title":"资助","digest":"关于资助 作为一所倡导“尊重的教育”理念的师范大学，学校一直十分重视家庭经济困难学生的资助工作，构建了以国家助学贷款为主体，勤工助学为主导，“奖、贷、助、补、减”五位一体的家庭经济困难学生资助工作体系，并成立了专门从事资助工作的机构——学生","thumbs":["https://mp.innenu.com/img/inNENU.jpg"],"tags":[]}}