{"title":"外国语学院","grey":true,"author":"Mr.Hope","time":"2020年8月5日","shareable":true,"content":[{"tag":"list","content":[{"text":"学院简介","icon":"about","path":"intro/school/foreign/intro"},{"text":"专业介绍","icon":"info","path":"intro/school/foreign/enroll"}]}],"images":[],"id":"intro/school/foreign/index","scopeData":{"@type":"general","uniq_id":"intro/school/foreign/index","title":"外国语学院","digest":"","thumbs":["https://mp.innenu.com/img/inNENU.jpg"],"tags":[]}}