{"category":[{"path":"general","name":"校区"},{"path":"gate","name":"校门"},{"path":"dorm","name":"寝室"},{"path":"school","name":"学院"},{"path":"building","name":"建筑"},{"path":"facility","name":"设施"},{"path":"scenery","name":"风景"},{"path":"sports","name":"运动场地"}],"marker":{"all":[{"id":0,"latitude":43.82738,"longitude":125.4274,"name":"净月校区","detail":"中国吉林省长春市南关区净月大街2555号","path":"general/index"},{"id":1,"latitude":43.82853,"longitude":125.43107,"name":"净月校区一号门","detail":"东北师范大学净月校区一号门","path":"gate/gate1"},{"id":2,"latitude":43.82886,"longitude":125.42689,"name":"净月校区二号门","detail":"东北师范大学净月校区二号门","path":"gate/gate2"},{"id":3,"latitude":43.82789,"longitude":125.42381,"name":"净月校区三号门","detail":"东北师范大学净月校区三号门","path":"gate/gate3"},{"id":4,"latitude":43.82661,"longitude":125.41988,"name":"净月校区四号门","detail":"东北师范大学净月校区四号门","path":"gate/gate4"},{"id":5,"latitude":43.8248713856,"longitude":125.4177331924,"name":"净月校区五号门","detail":"东北师范大学净月校区五号门","path":"gate/gate5"},{"id":6,"latitude":43.824736,"longitude":125.421456,"name":"春华公寓","detail":"东北师范大学春华公寓","path":"dorm/spring"},{"id":7,"latitude":43.825324,"longitude":125.423039,"name":"夏华公寓","detail":"东北师范大学夏华公寓","path":"dorm/summer"},{"id":8,"latitude":43.82491,"longitude":125.423892,"name":"秋华公寓","detail":"东北师范大学秋华公寓","path":"dorm/autumn"},{"id":9,"latitude":43.824732,"longitude":125.425748,"name":"冬华公寓","detail":"东北师范大学冬华公寓","path":"dorm/winter"},{"id":10,"latitude":43.826837,"longitude":125.422744,"name":"日华公寓","detail":"东北师范大学日华公寓","path":"dorm/sun"},{"id":11,"latitude":43.826706,"longitude":125.42166,"name":"月华公寓","detail":"东北师范大学月华公寓","path":"dorm/moon"},{"id":12,"latitude":43.825932,"longitude":125.422803,"name":"星华公寓","detail":"东北师范大学星华公寓","path":"dorm/star"},{"id":13,"latitude":43.825467,"longitude":125.421204,"name":"光华公寓","detail":"东北师范大学光华公寓","path":"dorm/light"},{"id":14,"latitude":43.82776,"longitude":125.42727,"name":"经济与管理学院","detail":"东北师范大学经济与管理学院","path":"school/economy"},{"id":15,"latitude":43.82748,"longitude":125.42448,"name":"民族教育学院","detail":"东北师范大学民族教育学院","path":"school/people"},{"id":16,"latitude":43.82714,"longitude":125.42598,"name":"政法学院","detail":"东北师范大学政法学院","path":"school/politics"},{"id":17,"latitude":43.82637,"longitude":125.42704,"name":"传媒科学学院","detail":"东北师范大学传媒科学学院","path":"school/media"},{"id":18,"latitude":43.8263497881,"longitude":125.4271048307,"name":"传媒科学学院教学楼","detail":"东北师范大学传媒科学学院教学楼","path":"school/media"},{"id":19,"latitude":43.82651,"longitude":125.42935,"title":"东北师范大学音乐学院","name":"音乐学院","detail":"东北师范大学音乐学院","path":"school/music"},{"id":20,"latitude":43.82614,"longitude":125.42558,"name":"净月校区外国语学院","detail":"东北师范大学净月校区外国语学院","path":"school/art"},{"id":21,"latitude":43.82564,"longitude":125.42814,"name":"净月校区美术学院油画系","detail":"东北师范大学净月校区美术学院油画系","path":"school/art"},{"id":22,"latitude":43.82532,"longitude":125.42952,"name":"净月校区美术学院雕塑系","detail":"东北师范大学净月校区美术学院雕塑系","path":"school/art"},{"id":23,"latitude":43.8251152084,"longitude":125.4289072752,"name":"净月校区美术学院服装教学楼","detail":"东北师范大学净月校区美术学院服装教学楼","path":"school/art"},{"id":24,"latitude":43.82572,"longitude":125.42695,"name":"净月校区软件学院","detail":"东北师范大学净月校区软件学院","path":"school/ist"},{"id":25,"latitude":43.82841,"longitude":125.42667,"name":"净月校区纽瓦克学院","detail":"东北师范大学净月校区纽瓦克学院","path":"school/newark"},{"id":26,"latitude":43.8279558644,"longitude":125.4254311323,"name":"净月校区留学生教育学院","detail":"东北师范大学净月校区留学生教育学院"},{"id":27,"latitude":43.8261408015,"longitude":125.4205870628,"name":"净月校区留学生外国留学生预科部","detail":"东北师范大学净月校区外国留学生预科部"},{"id":28,"latitude":43.82609,"longitude":125.42431,"name":"净月校区图书馆","detail":"东北师范大学净月校区图书馆","path":"building/library"},{"id":29,"latitude":43.825463525,"longitude":125.421000123,"name":"净月校区光华楼","detail":"东北师范大学净月校区光华楼"},{"id":30,"latitude":43.826485242,"longitude":125.4239934683,"name":"净月校区学生社团联合会","detail":"东北师范大学净月校区学生社团联合会"},{"id":31,"latitude":43.8253551601,"longitude":125.4271531105,"name":"净月校区学生学术期刊社","detail":"东北师范大学净月校区学术期刊社"},{"id":32,"latitude":43.824791,"longitude":125.426178,"name":"净月校区综合教学楼","detail":"东北师范大学净月校区综合教学楼"},{"id":33,"latitude":43.826562644,"longitude":125.4334563017,"name":"净月校区校园管理科","detail":"东北师范大学净月校区校园管理科"},{"id":34,"latitude":43.82704,"longitude":125.42385,"name":"净月校区中快餐厅","detail":"东北师范大学净月校区中快餐厅"},{"id":35,"latitude":43.82543,"longitude":125.42424,"name":"净月校区学生二食堂","detail":"东北师范大学净月校区学生二食堂"},{"id":36,"latitude":43.82599,"longitude":125.42091,"name":"净月校区浴池","detail":"东北师范大学净月校区浴池"},{"id":37,"latitude":43.825722826,"longitude":125.424438715,"name":"净月校区卫生所","detail":"东北师范大学净月校区卫生所"},{"id":38,"latitude":43.8276540028,"longitude":125.4286766052,"name":"净月校区旭日广场","detail":"东北师范大学净月校区旭日广场"},{"id":39,"latitude":43.8274605009,"longitude":125.4255920649,"name":"净月校区牡丹园","detail":"东北师范大学净月校区牡丹园"},{"id":40,"latitude":43.8282383746,"longitude":125.4300552607,"name":"净月校区林园","detail":"东北师范大学净月校区林园"},{"id":41,"latitude":43.8244146989,"longitude":125.4207158089,"name":"净月校区田径场","detail":"东北师范大学净月校区田径场"},{"id":42,"latitude":43.8239038249,"longitude":125.4219603539,"name":"净月校区足球场","detail":"东北师范大学净月校区足球场"},{"id":43,"latitude":43.8238844735,"longitude":125.4226791859,"name":"净月校区篮球场","detail":"东北师范大学净月校区篮球场"},{"id":44,"latitude":43.8238844735,"longitude":125.4240846634,"name":"净月校区网球场","detail":"东北师范大学净月校区网球场"},{"id":45,"latitude":43.823919306,"longitude":125.4245567322,"name":"净月校区排球场","detail":"东北师范大学净月校区排球场"},{"id":46,"latitude":43.8241166896,"longitude":125.4242831469,"name":"净月校区轮滑场","detail":"东北师范大学净月校区轮滑场"}],"general":[{"id":0,"latitude":43.82738,"longitude":125.4274,"name":"净月校区","detail":"中国吉林省长春市南关区净月大街2555号","path":"general/index"}],"gate":[{"id":1,"latitude":43.82853,"longitude":125.43107,"name":"净月校区一号门","detail":"东北师范大学净月校区一号门","path":"gate/gate1"},{"id":2,"latitude":43.82886,"longitude":125.42689,"name":"净月校区二号门","detail":"东北师范大学净月校区二号门","path":"gate/gate2"},{"id":3,"latitude":43.82789,"longitude":125.42381,"name":"净月校区三号门","detail":"东北师范大学净月校区三号门","path":"gate/gate3"},{"id":4,"latitude":43.82661,"longitude":125.41988,"name":"净月校区四号门","detail":"东北师范大学净月校区四号门","path":"gate/gate4"},{"id":5,"latitude":43.8248713856,"longitude":125.4177331924,"name":"净月校区五号门","detail":"东北师范大学净月校区五号门","path":"gate/gate5"}],"dorm":[{"id":6,"latitude":43.824736,"longitude":125.421456,"name":"春华公寓","detail":"东北师范大学春华公寓","path":"dorm/spring"},{"id":7,"latitude":43.825324,"longitude":125.423039,"name":"夏华公寓","detail":"东北师范大学夏华公寓","path":"dorm/summer"},{"id":8,"latitude":43.82491,"longitude":125.423892,"name":"秋华公寓","detail":"东北师范大学秋华公寓","path":"dorm/autumn"},{"id":9,"latitude":43.824732,"longitude":125.425748,"name":"冬华公寓","detail":"东北师范大学冬华公寓","path":"dorm/winter"},{"id":10,"latitude":43.826837,"longitude":125.422744,"name":"日华公寓","detail":"东北师范大学日华公寓","path":"dorm/sun"},{"id":11,"latitude":43.826706,"longitude":125.42166,"name":"月华公寓","detail":"东北师范大学月华公寓","path":"dorm/moon"},{"id":12,"latitude":43.825932,"longitude":125.422803,"name":"星华公寓","detail":"东北师范大学星华公寓","path":"dorm/star"},{"id":13,"latitude":43.825467,"longitude":125.421204,"name":"光华公寓","detail":"东北师范大学光华公寓","path":"dorm/light"}],"school":[{"id":14,"latitude":43.82776,"longitude":125.42727,"name":"经济与管理学院","detail":"东北师范大学经济与管理学院","path":"school/economy"},{"id":15,"latitude":43.82748,"longitude":125.42448,"name":"民族教育学院","detail":"东北师范大学民族教育学院","path":"school/people"},{"id":16,"latitude":43.82714,"longitude":125.42598,"name":"政法学院","detail":"东北师范大学政法学院","path":"school/politics"},{"id":17,"latitude":43.82637,"longitude":125.42704,"name":"传媒科学学院","detail":"东北师范大学传媒科学学院","path":"school/media"},{"id":18,"latitude":43.8263497881,"longitude":125.4271048307,"name":"传媒科学学院教学楼","detail":"东北师范大学传媒科学学院教学楼","path":"school/media"},{"id":19,"latitude":43.82651,"longitude":125.42935,"title":"东北师范大学音乐学院","name":"音乐学院","detail":"东北师范大学音乐学院","path":"school/music"},{"id":20,"latitude":43.82614,"longitude":125.42558,"name":"净月校区外国语学院","detail":"东北师范大学净月校区外国语学院","path":"school/art"},{"id":21,"latitude":43.82564,"longitude":125.42814,"name":"净月校区美术学院油画系","detail":"东北师范大学净月校区美术学院油画系","path":"school/art"},{"id":22,"latitude":43.82532,"longitude":125.42952,"name":"净月校区美术学院雕塑系","detail":"东北师范大学净月校区美术学院雕塑系","path":"school/art"},{"id":23,"latitude":43.8251152084,"longitude":125.4289072752,"name":"净月校区美术学院服装教学楼","detail":"东北师范大学净月校区美术学院服装教学楼","path":"school/art"},{"id":24,"latitude":43.82572,"longitude":125.42695,"name":"净月校区软件学院","detail":"东北师范大学净月校区软件学院","path":"school/ist"},{"id":25,"latitude":43.82841,"longitude":125.42667,"name":"净月校区纽瓦克学院","detail":"东北师范大学净月校区纽瓦克学院","path":"school/newark"},{"id":26,"latitude":43.8279558644,"longitude":125.4254311323,"name":"净月校区留学生教育学院","detail":"东北师范大学净月校区留学生教育学院"},{"id":27,"latitude":43.8261408015,"longitude":125.4205870628,"name":"净月校区留学生外国留学生预科部","detail":"东北师范大学净月校区外国留学生预科部"}],"building":[{"id":28,"latitude":43.82609,"longitude":125.42431,"name":"净月校区图书馆","detail":"东北师范大学净月校区图书馆","path":"building/library"},{"id":29,"latitude":43.825463525,"longitude":125.421000123,"name":"净月校区光华楼","detail":"东北师范大学净月校区光华楼"},{"id":30,"latitude":43.826485242,"longitude":125.4239934683,"name":"净月校区学生社团联合会","detail":"东北师范大学净月校区学生社团联合会"},{"id":31,"latitude":43.8253551601,"longitude":125.4271531105,"name":"净月校区学生学术期刊社","detail":"东北师范大学净月校区学术期刊社"},{"id":32,"latitude":43.824791,"longitude":125.426178,"name":"净月校区综合教学楼","detail":"东北师范大学净月校区综合教学楼"},{"id":33,"latitude":43.826562644,"longitude":125.4334563017,"name":"净月校区校园管理科","detail":"东北师范大学净月校区校园管理科"}],"facility":[{"id":34,"latitude":43.82704,"longitude":125.42385,"name":"净月校区中快餐厅","detail":"东北师范大学净月校区中快餐厅"},{"id":35,"latitude":43.82543,"longitude":125.42424,"name":"净月校区学生二食堂","detail":"东北师范大学净月校区学生二食堂"},{"id":36,"latitude":43.82599,"longitude":125.42091,"name":"净月校区浴池","detail":"东北师范大学净月校区浴池"},{"id":37,"latitude":43.825722826,"longitude":125.424438715,"name":"净月校区卫生所","detail":"东北师范大学净月校区卫生所"}],"scenery":[{"id":38,"latitude":43.8276540028,"longitude":125.4286766052,"name":"净月校区旭日广场","detail":"东北师范大学净月校区旭日广场"},{"id":39,"latitude":43.8274605009,"longitude":125.4255920649,"name":"净月校区牡丹园","detail":"东北师范大学净月校区牡丹园"},{"id":40,"latitude":43.8282383746,"longitude":125.4300552607,"name":"净月校区林园","detail":"东北师范大学净月校区林园"}],"sports":[{"id":41,"latitude":43.8244146989,"longitude":125.4207158089,"name":"净月校区田径场","detail":"东北师范大学净月校区田径场"},{"id":42,"latitude":43.8239038249,"longitude":125.4219603539,"name":"净月校区足球场","detail":"东北师范大学净月校区足球场"},{"id":43,"latitude":43.8238844735,"longitude":125.4226791859,"name":"净月校区篮球场","detail":"东北师范大学净月校区篮球场"},{"id":44,"latitude":43.8238844735,"longitude":125.4240846634,"name":"净月校区网球场","detail":"东北师范大学净月校区网球场"},{"id":45,"latitude":43.823919306,"longitude":125.4245567322,"name":"净月校区排球场","detail":"东北师范大学净月校区排球场"},{"id":46,"latitude":43.8241166896,"longitude":125.4242831469,"name":"净月校区轮滑场","detail":"东北师范大学净月校区轮滑场"}]}}