{"title":"文学院专业","author":"Mr.Hope","time":"2021年7月8日","shareable":true,"content":[{"tag":"title","text":"本科招生概况"},{"tag":"ul","text":["开设 汉语言文学(公费师范) 与 汉语言文学 两个专业。","汉语言文学学费为 ￥3850/年。"]},{"tag":"text","heading":"专业介绍视频"},{"tag":"media","type":"video","src":"http://zsb.nenu.edu.cn/__local/3/0D/44/0771C19C44955999EC5E94626C1_DD99B728_F176376.mp4?e=.mp4"},{"tag":"list","header":"本科专业介绍","content":[{"text":"汉语言文学","path":"intro/school/chinese/chinese"},{"text":"汉语言文学(公费师范)","path":"intro/school/chinese/chinese-normal"}]},{"tag":"title","text":"硕士研究生招生概况"},{"tag":"img","src":"https://mp.innenu.com/img/enroll/chinese-master.png","desc":"2021 年招生情况"},{"tag":"copy","header":"书目清单","text":"http://chinese.nenu.edu.cn/book"},{"tag":"list","header":"硕士专业介绍","content":[{"text":"中国古代文学","path":"intro/school/chinese/ancient-chinese"},{"text":"中国现当代文学","path":"intro/school/chinese/present-chinese"},{"text":"中国现当代文学","path":"intro/school/chinese/present-chinese"},{"text":"汉语言文字学","path":"intro/school/chinese/character"},{"text":"文艺学","path":"intro/school/chinese/literature"},{"text":"比较文学与世界文学","path":"intro/school/chinese/world-literature"},{"text":"语言学及应用语言学","path":"intro/school/chinese/language"},{"text":"对外汉语","path":"intro/school/chinese/foreign"},{"text":"语文教育学","path":"intro/school/chinese/education"},{"text":"中国古典文献学","path":"intro/school/chinese/ancient-lit"},{"text":"广播电视 (创意写作)","path":"intro/school/chinese/broadcast"},{"text":"学科教学 (语文)","path":"intro/school/chinese/teach"}]},{"tag":"phone","header":"硕士研究生招生咨询电话","fName":"茂东","lName":"孙","num":"0431-85098572","org":"东北师范大学文学院","title":"硕士研究生招生负责人","street":"吉林省长春市人民大街5268号","postCode":"130024","email":"sunmd108@nenu.edu.cn"},{"tag":"phone","header":"中国古典文献学硕士研究生招生咨询电话","fName":"德浩","lName":"才","num":"0431-85099796","org":"东北师范大学文学院","title":"中国古典文献学硕士研究生招生负责人","street":"吉林省长春市人民大街5268号","postCode":"130024"}],"images":["https://mp.innenu.com/img/enroll/chinese-master.png"],"id":"intro/school/chinese/enroll","scopeData":{"@type":"general","uniq_id":"intro/school/chinese/enroll","cover":"https://mp.innenu.com/img/enroll/chinese-master.png","title":"文学院专业","digest":"开设 汉语言文学(公费师范) 与 汉语言文学 两个专业。 汉语言文学学费为 ￥3850/年。专业介绍视频 ","thumbs":["https://mp.innenu.com/img/enroll/chinese-master.png"],"tags":["本科招生概况","硕士研究生招生概况"]}}