{"title":"文学院","grey":true,"author":"Mr.Hope","time":"2021年7月18日","shareable":true,"content":[{"tag":"list","content":[{"text":"学院简介","icon":"about","path":"intro/school/chinese/intro"},{"text":"专业介绍","icon":"intro","path":"intro/school/chinese/enroll"}]},{"tag":"copy","header":"官网地址","text":"http://chinese.nenu.edu.cn/home"}],"images":[],"id":"intro/school/chinese/index","scopeData":{"@type":"general","uniq_id":"intro/school/chinese/index","title":"文学院","digest":"","thumbs":["https://mp.innenu.com/img/inNENU.jpg"],"tags":[]}}