{"title":"人文地理与城乡规划","desc":"来源: 地理科学学院官网","time":"2020年8月6日","shareable":true,"content":[{"tag":"title","text":"培养目标"},{"tag":"text","type":"p","text":["主要培养具备地理科学基本素养，掌握人文地理学与城乡规划的基本理论、基本知识、基本技能，能在科研机构、企事业单位和行政管理部门从事城乡规划与管理、土地规划、区域规划与管理的科研、教学与管理专门人才。"],"style":"text-indent: 1.5em; "},{"tag":"title","text":"主干课程"},{"tag":"text","type":"ul","text":["高等数学","自然地理学","人文地理学","经济地理学","城市地理学","城市规划原理","区域分析与规划","城市详细规划","中国经济地理","世界经济地理","旅游地理学","计算机制图","建筑学基础","城市地理信息系统","村镇规划"]},{"tag":"title","text":"就业方向"},{"tag":"text","type":"p","text":["从事城乡规划相关的研究与管理工作，或攻读人文地理学、城乡规划及相关专业研究生。"],"style":"text-indent: 1.5em; "}],"images":[],"id":"intro/school/geography/culture","scopeData":{"@type":"general","uniq_id":"intro/school/geography/culture","title":"人文地理与城乡规划","digest":"主要培养具备地理科学基本素养，掌握人文地理学与城乡规划的基本理论、基本知识、基本技能，能在科研机构、企事业单位和行政管理部门从事城乡规划与管理、土地规划、区域规划与管理的科研、教学与管理专门人才。高等数学 自然地理学 人文地理学 经济地理学","thumbs":["https://mp.innenu.com/img/inNENU.jpg"],"tags":["培养目标","主干课程","就业方向"]}}