{"title":"供电时间","author":"Mr.Hope","time":"2021年7月4","shareable":true,"content":[{"tag":"title","text":"本部校区供电时间"},{"tag":"text","heading":"平时供电时间","text":["三舍 ABC 区:","· 早: 06:00 — 08:00","· 中: 12:00 — 13:30","· 晚: 15:30 — 23:00","体育公寓:","· 早: 06:00 — 08:00","· 中: 11:00 — 13:30","· 晚: 16:30 — 22:10"]},{"tag":"ul","heading":"周末供电时间","text":["本部三舍 ABC 为 06:00 — 23:00","体育公寓同平时供电时间"]},{"tag":"title","text":"净月校区供电时间"},{"tag":"ul","heading":"平时供电时间","text":["早: 06:00 — 08:00","中: 12:00 — 13:00","晚: 15:30 — 23:00"]},{"tag":"text","heading":"周末供电时间","text":["6:00 — 23:00"]},{"tag":"title","text":"研究生供电时间"},{"tag":"text","text":["研究生宿舍全天供电。(别气 QAQ)"]}],"images":[],"id":"guide/dorm/electricity/time","scopeData":{"@type":"general","uniq_id":"guide/dorm/electricity/time","title":"供电时间","digest":"平时供电时间 三舍 ABC 区: · 早: 06:00 — 08:00 · 中: 12:00 — 13:30 · 晚: 15:30 — 23:00 体育公寓: · 早: 06:00 — 08:00 · 中: 11:00 — 13:30 · ","thumbs":["https://mp.innenu.com/img/inNENU.jpg"],"tags":["本部校区供电时间","净月校区供电时间","研究生供电时间"]}}