{"title":"化学(师范类)","author":"Mr.Hope","time":"2021年7月23日","desc":"","shareable":true,"content":[{"tag":"title","text":"培养目标"},{"tag":"p","text":["本专业培养具有公民意识和社会责任感的德智体美全面发展的、富有创新精神、实践能力的高素质中学化学教师，能够胜任中学化学教学工作和化学教学研究工作。"],"style":"text-indent: 1.5em; "},{"tag":"title","text":"培养要求"},{"tag":"ul","text":["系统掌握扎实的化学理论知识和实验能力。","具有综合运用多种手段和方法提出、分析和解决问题能力。","拥有高尚的教师职业情操，乐于从教。","掌握有关教育的基本知识、理论和教学技能，具有教育实践能力以及教育创新的意识和能力。","了解化学教育研究的一般过程与方法，了解化学教育研究论文的写作规范。","具有广博的知识和开阔的视野以及集体合作和组织协调能力。","掌握运用现代信息技术获取相关信息的基本方法。","具有使用至少一门外语有效地表达和交流思想的能力。"]}],"images":[],"id":"intro/school/chemistry/normal","scopeData":{"@type":"general","uniq_id":"intro/school/chemistry/normal","title":"化学(师范类)","digest":"本专业培养具有公民意识和社会责任感的德智体美全面发展的、富有创新精神、实践能力的高素质中学化学教师，能够胜任中学化学教学工作和化学教学研究工作。系统掌握扎实的化学理论知识和实验能力。 具有综合运用多种手段和方法提出、分析和解决问题能力。 拥","thumbs":["https://mp.innenu.com/img/inNENU.jpg"],"tags":["培养目标","培养要求"]}}