{"title":"历史信息","grey":true,"author":"Mr.Hope","time":"2021年6月25日","shareable":true,"content":[{"tag":"list","header":"本科招生情况","content":[{"text":"2020 年本科开设专业","icon":"info","path":"intro/enroll//major/2020"},{"text":"2019 年本科开设专业","icon":"info","path":"intro/enroll//major/2019"},{"text":"本科招生查询","icon":"search","path":"intro/enroll//search"}]},{"tag":"list","header":"本科招生章程","content":[{"text":"2020 年本科招生章程","icon":"info","path":"intro/enroll//rule/2020"},{"text":"2019 年本科招生章程","icon":"info","path":"intro/enroll//rule/2019"}]},{"tag":"copy","header":"往年分数线","text":"http://bkzsw.nenu.edu.cn/col_000018_000170.html"}],"images":[],"id":"intro/enroll/history","scopeData":{"@type":"general","uniq_id":"intro/enroll/history","title":"历史信息","digest":"","thumbs":["https://mp.innenu.com/img/inNENU.jpg"],"tags":[]}}