{"title":"报到流程","author":"沈竞泽、Mr.Hope","time":"2021年7月9日","shareable":true,"content":[{"tag":"text","type":"tip","text":["报到时间为 2021 年 8 月 18 日 (是否包含 17 日以及报道具体时间段等待进一步通知)","学校通常会在新生报到前 10 天左右开会确定新生报到的具体的工作安排，所以目前 Mr.Hope 现在没法给您地点和具体的接待时间。"]},{"tag":"title","text":"大体流程"},{"tag":"text","text":["(本部)到北门入口处/(净月)图书馆门前那找自己学院的摆台处进行登记、领取一卡通、宿舍钥匙"],"align":"text-align: center;"},{"tag":"text","text":["↓"],"align":"text-align: center;","style":"font-weight: 500;font-size: 20px;"},{"tag":"text","text":["到宿舍放置行李"],"align":"text-align: center;"},{"tag":"text","text":["↓"],"align":"text-align: center;","style":"font-weight: 500;font-size: 20px;"},{"tag":"text","text":["在宿舍一楼的自助终端机处绑定银行卡、修改密码、充值"],"align":"text-align: center;"},{"tag":"text","text":["↓"],"align":"text-align: center;","style":"font-weight: 500;font-size: 20px;"},{"tag":"text","text":["晚上按时归寝等待导员查寝"],"align":"text-align: center;"},{"tag":"p","type":"warning","heading":"因故不能按时报到","text":["须提供相关证明向录取学院请假，请假时间一般不得超过两周。","未请假或逾期不报到者除因不可抗力等正当事由外，视为自动放弃入学资格。"],"style":"text-indent: 1.5em; "}],"images":[],"id":"guide/check/flow","scopeData":{"@type":"general","uniq_id":"guide/check/flow","title":"报到流程","digest":"报到时间为 2021 年 8 月 18 日 (是否包含 17 日以及报道具体时间段等待进一步通知) 学校通常会在新生报到前 10 天左右开会确定新生报到的具体的工作安排，所以目前 Mr.Hope 现在没法给您地点和具体的接待时间。(本部)到","thumbs":["https://mp.innenu.com/img/inNENU.jpg"],"tags":["大体流程"]}}