{"title":"报到时间地点","author":"Mr.Hope","time":"2021年7月18日","shareable":true,"content":[{"tag":"title","text":"报到时间"},{"tag":"text","text":["报到时间为 2021 年 8 月 18 日 (报道具体时间段等待进一步通知，根据往年经验应为 8:00 - 22:00)","另外，由于疫情原因封校，预计家长将禁止🚫进入校园，校方会安排摆渡车🛺为大家运送行李。"]},{"tag":"title","text":"可以早到么"},{"tag":"text","heading":"不可以","text":["新冠疫情对学校的安全管控提出了新的挑战，为了学生安全着想，学校现在采取封校策略。学校不允许提前入校，也就是提前到会被拒之门外。"]},{"tag":"title","text":"报到(接待)时间"},{"tag":"text","heading":"2021年接待","text":["等待官方进一步通知"]},{"tag":"text","heading":"2020年接待","text":["2020 年 9 月 4 日 12:00 - 22:00","2020 年 9 月 5 日 6:00 - 22:00"]},{"tag":"title","text":"报到(接待)地点"},{"tag":"text","text":["本部校区在北门(动植物公园对面)进门的街道"]},{"tag":"text","text":["净月校区在净月图书馆门前广场"]},{"tag":"img","src":"https://mp.innenu.com/img/check/jingyue-stage.jpg"}],"images":["https://mp.innenu.com/img/check/jingyue-stage.jpg"],"id":"guide/check/location-and-time","scopeData":{"@type":"general","uniq_id":"guide/check/location-and-time","cover":"https://mp.innenu.com/img/check/jingyue-stage.jpg","title":"报到时间地点","digest":"报到时间为 2021 年 8 月 18 日 (报道具体时间段等待进一步通知，根据往年经验应为 8:00 - 22:00) 另外，由于疫情原因封校，预计家长将禁止🚫进入校园，校方会安排摆渡车🛺为大家运送行李。不可以 新冠疫情对学校的安全管","thumbs":["https://mp.innenu.com/img/check/jingyue-stage.jpg"],"tags":["报到时间","可以早到么","报到(接待)时间","报到(接待)地点"]}}