{"title":"其他注意事项","author":"Mr.Hope","time":"2020年9月1日","shareable":true,"content":[{"tag":"title","text":"户口迁移"},{"tag":"ol","text":["新生户口迁移采取自愿原则，请慎重考虑。(大部分人不用迁户口的)","迁移户口的学生请于入学当年报到时集体统一申报落户，过后不予办理。","需要落户的本科新生，在办理其他报到手续后，辅导员统一收取学生落户相关手续。\n省外学生: 《录取通知书》复印件、《户口迁移证》和二代居民身份证复印件；省内学生: 《录取通知书》复印件、户口本复印件、户口本复印首页和自页各一份；另附新生落户名单。","办理入学户口迁移使用全国统一的户口迁移证:\n  ①迁移证不允许涂改；\n  ②户口迁移证姓名一栏必须与通知书上的姓名一致；出生地、籍贯要具体到市或县一级；\n  ③迁移证要加盖农业或非农业章。","户口迁移地点录取到本部校区各学院的新生，户口迁到吉林省长春市南关区南岭街派出所，咨询电话: 0431-85099938\n录取到净月校区各学院的新生，户口迁到吉林省长春市南关区净月大街2555号东北师范大学，咨询电话: 0431-84536111。","迁移流程(来源于网络)"]},{"tag":"img","src":"https://mp.innenu.com/img/check/hukou-in.jpg"},{"tag":"img","src":"https://mp.innenu.com/img/check/hukou-out.jpg"},{"tag":"title","text":"保险费"},{"tag":"p","text":["我校学生统一参加“城镇居民基本医疗保险”和“大学生补充医疗保险”。新生入学后由学校统一组织办理。(缴费标准: 城镇居民基本医疗保险 200 元/人/年。大学生补充医疗保险 40 元/人/年)"],"style":"text-indent: 1.5em; "},{"tag":"text","text":["不清楚疫情原因补充险价格会不会有变动，补充险请以实际收取为准。"],"style":"font-size: 14px;color: #888;"},{"tag":"title","text":"其他"},{"tag":"p","text":["学生注册、办理学生证、领取校徽、领取教材、领取图书借阅卡片等由各学院按相关部门通知统一办理。"],"style":"text-indent: 1.5em; "}],"images":["https://mp.innenu.com/img/check/hukou-in.jpg","https://mp.innenu.com/img/check/hukou-out.jpg"],"id":"guide/check/others","scopeData":{"@type":"general","uniq_id":"guide/check/others","cover":"https://mp.innenu.com/img/check/hukou-in.jpg","title":"其他注意事项","digest":"新生户口迁移采取自愿原则，请慎重考虑。(大部分人不用迁户口的) 迁移户口的学生请于入学当年报到时集体统一申报落户，过后不予办理。 需要落户的本科新生，在办理其他报到手续后，辅导员统一收取学生落户相关手续。\n省外学生: 《录取通知书》复印件、","thumbs":["https://mp.innenu.com/img/check/hukou-in.jpg","https://mp.innenu.com/img/check/hukou-out.jpg"],"tags":["户口迁移","保险费","其他"]}}