[{"time":2.516,"text":"毕业快乐"},{"time":4.988,"text":"改编自: 阴天快乐"},{"time":7.556,"text":"演唱: 冯瑶"},{"time":10.748,"text":"歌词制作: Mr.Hope、李楚珺"},{"time":14.828,"text":"  张晓文、郑思阳"},{"time":17.132,"text":"青春它像什么"},{"time":20.924,"text":"我又该问谁呢"},{"time":24.62,"text":"人民大街到了尽头"},{"time":27.62,"text":"该往哪儿走"},{"time":32.012,"text":"思念和不舍"},{"time":34.772,"text":"又涌上了心头"},{"time":38.468,"text":"也许我记不住"},{"time":40.316,"text":"可是也忘不掉那时候"},{"time":43.868,"text":"那种秘密的快乐"},{"time":50.684,"text":"听毕业说什么"},{"time":54.044,"text":"在静湖边的我"},{"time":58.004,"text":"想抱着他讲"},{"time":60.164,"text":"说无论如何"},{"time":61.988,"text":"毕业快乐"},{"time":65.252,"text":"叫毕业别闹了"},{"time":68.972,"text":"在我梦里那么久那么久了"},{"time":73.148,"text":"我一抬头 就看见你"},{"time":76.628,"text":"那个酒窝"},{"time":79.556},{"time":92.924,"text":"也许从此以后"},{"time":96.62,"text":"再见变成奢求"},{"time":100.268,"text":"我们何时还能一起"},{"time":103.412,"text":"同开一扇门"},{"time":107.66,"text":"荷花就要开了"},{"time":110.468,"text":"留给别人看了"},{"time":114.164,"text":"原来我忽略的"},{"time":116.012,"text":"如今想纪念也没用"},{"time":119.612,"text":"那些时光的因果"},{"time":124.316,"text":"听毕业说什么"},{"time":128.036,"text":"在钟楼下的我"},{"time":131.9,"text":"潇洒对他讲"},{"time":133.796,"text":"说无论如何"},{"time":135.668,"text":"毕业快乐"},{"time":139.004,"text":"叫毕业别闹了"},{"time":142.82,"text":"一起走过那么远那么远了"},{"time":146.924,"text":"你一抬头 还能看到"},{"time":150.38,"text":"当时的我"},{"time":155.708,"text":"过去穿过了现在"},{"time":158.42,"text":"绕过了未来"},{"time":160.268,"text":"放在心海中"},{"time":163.1,"text":"转眼我们笑声"},{"time":165.308,"text":"变成照片"},{"time":170.492,"text":"离愁装满了酒杯"},{"time":173.204,"text":"变成了眼泪"},{"time":174.644,"text":"湿了谁的脸"},{"time":177.908,"text":"你一声再见"},{"time":179.204,"text":"说了千万遍"},{"time":183.212,"text":"听毕业说什么"},{"time":187.052,"text":"在你心里的我"},{"time":191.228,"text":"最后的一刻"},{"time":193.028,"text":"回忆着曾经"},{"time":194.876,"text":"笑语欢歌"},{"time":198.284,"text":"叫毕业别闹了"},{"time":201.908,"text":"走就走了"},{"time":203.204,"text":"怕什么见不到呢"},{"time":205.94,"text":"我知道的"},{"time":207.596,"text":"远方有你"},{"time":209.708,"text":"会幸福的"},{"time":214.196}]