{"title":"新生问答","author":"Mr.Hope","time":"2021年8月4日","grey":true,"shareable":true,"content":[{"tag":"list","header":"报道之前","content":[{"text":"录取相关","icon":"enroll","path":"guide/faq/enroll"},{"text":"疫情相关","icon":"virus","path":"guide/epidemic/manage"},{"text":"录取通知书相关","icon":"letter","path":"guide/faq/admission-notice"}]},{"tag":"list","header":"新生报到","content":[{"text":"到校相关","icon":"plane","path":"guide/faq/arrival"},{"text":"报到相关","icon":"check","path":"guide/faq/check"}]},{"tag":"list","header":"校园生活","content":[{"text":"寝室相关","icon":"dorm","path":"guide/faq/dorm"},{"text":"浴池相关","icon":"bath","path":"guide/faq/bath"},{"text":"生活相关","icon":"life","path":"guide/faq/life"},{"text":"放假安排","icon":"calendar","path":"guide/faq/vacation"}]}],"images":[],"id":"guide/faq/index","scopeData":{"@type":"general","uniq_id":"guide/faq/index","title":"新生问答","digest":"","thumbs":["https://mp.innenu.com/img/inNENU.jpg"],"tags":[]}}