{"title":"和室友的关系","author":"Mr.Hope","time":"2020年9月2日","shareable":true,"content":[{"tag":"title","text":"更新中"},{"tag":"text","type":"p","heading":"更新中","text":["更新中..."],"style":"text-indent: 1.5em; "}],"images":[],"id":"guide/advice/relationship/roommate","scopeData":{"@type":"general","uniq_id":"guide/advice/relationship/roommate","title":"和室友的关系","digest":"更新中 更新中...","thumbs":["https://mp.innenu.com/img/inNENU.jpg"],"tags":["更新中"]}}