{"title":"学校基础数据","desc":"来源: 东北师范大学信息公开网","time":"2020年8月23日","shareable":true,"content":[{"tag":"title","text":"办学条件"},{"tag":"text","type":"ul","text":["占地面积1,674,773平方米","图书馆藏书量390.67万册","电子图书238万册","教学用计算机11,668台","固定资产总额405，808万元","教学科研仪器设备69,898万元"]},{"tag":"title","text":"学生情况"},{"tag":"text","type":"ul","text":["各类全日制在校学生28,024人","本科生14,173人","博士、硕士研究生12,689人","全日制长期在校留学生1071人"]},{"tag":"title","text":"教职工情况"},{"tag":"text","type":"ul","text":["专任教师1579人","长江学者14人","国家杰出青年基金获得者4人","教授488人","博士生导师445人","行政人员628人","教辅人员352人","工勤人员62人","离退休人员2,065人"]},{"tag":"title","text":"学科情况"},{"tag":"text","type":"ul","text":["学院23个","博士后流动站22个","博士学位授权一级学科22个","博士学位授权二级学科2个","硕士学位授权一级学科38个","本科专业78个","一流学科6个","国家重点学科5个","吉林省重点学科34个","省、部级设置的研究(院/所/中心)、实验室90个"]}],"images":[],"id":"intro/about/public/basic","scopeData":{"@type":"general","uniq_id":"intro/about/public/basic","title":"学校基础数据","digest":"占地面积1,674,773平方米 图书馆藏书量390.67万册 电子图书238万册 教学用计算机11,668台 固定资产总额405，808万元 教学科研仪器设备69,898万元各类全日制在校学生28,024人 本科生14,173人 博士、硕","thumbs":["https://mp.innenu.com/img/inNENU.jpg"],"tags":["办学条件","学生情况","教职工情况","学科情况"]}}