{"title":"领导机构","desc":"2021年3月16日更新，由学校办公室提供","time":"2021年6月25日","shareable":true,"content":[{"tag":"title","text":"党　委"},{"tag":"text","heading":"书　记","text":["杨晓慧"]},{"tag":"copy","header":"书记信箱","text":"shuji@nenu.edu.cn"},{"tag":"copy","header":"个人介绍","text":"https://www.nenu.edu.cn/info/1007/9244.htm"},{"tag":"ul","heading":"副书记","text":["刘益春","王  延","马晓燕","兰恒斌"]},{"tag":"ul","heading":"常　委","text":["杨晓慧","刘益春","王  延","马晓燕","韩东育","郭建华","兰恒斌","常　青","王占仁","徐海阳","柏维春","严蔚刚","艾春明"]},{"tag":"title","text":"行  政"},{"tag":"text","heading":"校  长","text":["刘益春"]},{"tag":"copy","header":"校长信箱","text":"xiaozhang@nenu.edu.cn"},{"tag":"copy","header":"个人介绍","text":"https://www.nenu.edu.cn/info/1007/9243.htm"},{"tag":"phone","header":"校长公开电话","fName":"校长公开电话","num":"0431-85098666","org":"东北师范大学"},{"tag":"ul","heading":"副校长","text":["马晓燕","韩东育","郭建华","常  青","王占仁","徐海阳"]},{"tag":"ul","heading":"校长助理","text":["于　伟","薛利锋"]},{"tag":"title","text":"纪　委"},{"tag":"text","heading":"书　记","text":["兰恒斌"]}],"images":[],"id":"intro/about/public/leader","scopeData":{"@type":"general","uniq_id":"intro/about/public/leader","title":"领导机构","digest":"书　记 杨晓慧副书记 刘益春 王  延 马晓燕 兰恒斌常　委 杨晓慧 刘益春 王  延 马晓燕 韩东育 郭建华 兰恒斌 常　青 王占仁 徐海阳 柏维春 严蔚刚 艾春明校  长 刘益春副校长 马晓燕 韩东育 郭建华 常  青 王占仁 徐海阳校","thumbs":["https://mp.innenu.com/img/inNENU.jpg"],"tags":["党　委","行  政","纪　委"]}}