{"title":"化学学院专业","author":"Mr.Hope","time":"2021年7月3日","shareable":true,"content":[{"tag":"title","text":"本科招生概况"},{"tag":"ul","text":["生物科学(公费师范): ￥0/年","生物科学类: ￥3850/年"]},{"tag":"p","text":["2020 年生命科学学院开始大类招生，生物学类会在开学后分为生物科学和生物技术两个专业。"],"style":"text-indent: 1.5em; "},{"tag":"text","text":["2020级目前尚未分流，分流据学院院长说计划于大二结束"],"style":"color: #888;font-size: 14px;"},{"tag":"title","text":"专业介绍视频"},{"tag":"media","type":"video","src":"http://zsb.nenu.edu.cn/__local/3/2B/A8/EFAC87FF34B43020087E5E41285_6C2F4F91_DB5B6DE.mp4?e=.mp4"},{"tag":"title","text":"硕士研究生招生概况"},{"tag":"img","src":"https://mp.innenu.com/img/enroll/biology-master.png","desc":"2021 年招生情况"},{"tag":"phone","header":"招生负责人","fName":"丹平","lName":"刘","num":"0431-85099590","org":"东北师范大学生命科学学院","title":"硕士研究生招生负责人","street":"吉林省长春市人民大街5268号","postCode":"130024","email":"liudp669@nenu.edu.cn"}],"images":["https://mp.innenu.com/img/enroll/biology-master.png"],"id":"intro/school/biology/enroll","scopeData":{"@type":"general","uniq_id":"intro/school/biology/enroll","cover":"https://mp.innenu.com/img/enroll/biology-master.png","title":"化学学院专业","digest":"生物科学(公费师范): ￥0/年 生物科学类: ￥3850/年2020 年生命科学学院开始大类招生，生物学类会在开学后分为生物科学和生物技术两个专业。2020级目前尚未分流，分流据学院院长说计划于大二结束","thumbs":["https://mp.innenu.com/img/enroll/biology-master.png"],"tags":["本科招生概况","专业介绍视频","硕士研究生招生概况"]}}