{"title":"环境学院","grey":true,"author":"Mr.Hope","time":"2020年8月5日","shareable":true,"content":[{"tag":"list","content":[{"text":"学院简介","icon":"about","base64Icon":"about","path":"intro/school/environment/intro"},{"text":"专业介绍","icon":"info","base64Icon":"info","path":"intro/school/environment/enroll"}]}],"images":[],"id":"intro/school/environment/index","scopeData":{"@type":"general","uniq_id":"intro/school/environment/index","title":"环境学院","digest":"","thumbs":["https://mp.innenu.com/img/inNENU.jpg"],"tags":[]}}