{"title":"新生课程考试与作业","author":"Mr.Hope","time":"2021年7月4","shareable":true,"content":[{"tag":"title","text":"课程考试"},{"tag":"text","type":"p","heading":"考试","text":["在学习完所有的在线课程后，可以点击在线考试进行考试。"],"style":"text-indent: 1.5em; "},{"tag":"text","type":"p","text":["之后请留存好成绩(截图)并打印，开学交给新生辅导员。要求成绩达到 60 分以上。"],"style":"text-indent: 1.5em; "},{"tag":"img","src":"https://mp.innenu.com/img/prepare/yiban-mobile-exam1.jpg","desc":"真不难，Mr.Hope 花两分半随手 86 分"},{"tag":"text","heading":"注意事项","text":["每个人有 20 次考试的机会。"]},{"tag":"title","text":"作业"},{"tag":"text","text":["点击在线作业进行作业的作答。"]},{"tag":"ol","heading":"注意事项","text":["该作业不评分，字数也无任何要求。","与其说是一个作业更不如说是一个问卷调查。","可以写的少，但是请仔细斟酌你们写的内容，因为你们的辅导员、学院和学校都可能会看。"]}],"images":["https://mp.innenu.com/img/prepare/yiban-mobile-exam1.jpg"],"id":"guide/prepare/yiban/exam","scopeData":{"@type":"general","uniq_id":"guide/prepare/yiban/exam","cover":"https://mp.innenu.com/img/prepare/yiban-mobile-exam1.jpg","title":"新生课程考试与作业","digest":"考试 在学习完所有的在线课程后，可以点击在线考试进行考试。之后请留存好成绩(截图)并打印，开学交给新生辅导员。要求成绩达到 60 分以上。注意事项 每个人有 20 次考试的机会。点击在线作业进行作业的作答。","thumbs":["https://mp.innenu.com/img/prepare/yiban-mobile-exam1.jpg"],"tags":["课程考试","作业"]}}