{"title":"新生课程学习","author":"Mr.Hope","time":"2020年8月26日","grey":true,"shareable":true,"content":[{"tag":"list","content":[{"text":"注册账号","icon":"/icon/guide/account.svg","path":"guide/prepare/yiban/register"},{"text":"课程添加","icon":"/icon/guide/course.svg","path":"guide/prepare/yiban/add"},{"text":"课程学习","icon":"/icon/guide/study.svg","path":"guide/prepare/yiban/study"},{"text":"课程作业与考试","icon":"/icon/guide/test.svg","path":"guide/prepare/yiban/exam"}]}],"images":[],"id":"guide/prepare/yiban/index","scopeData":{"@type":"general","uniq_id":"guide/prepare/yiban/index","title":"新生课程学习","digest":"","thumbs":["https://mp.innenu.com/img/inNENU.jpg"],"tags":[]}}