{"title":"学位","author":"Mr.Hope","time":"2020年8月8日","grey":true,"shareable":true,"content":[{"tag":"list","content":[{"text":"双学位与辅修","icon":"/icon/guide/degree.svg","path":"guide/degree/double-degree"},{"text":"第二学士学位","icon":"/icon/guide/degree.svg","path":"guide/degree/second-degree"}]},{"tag":"list","header":"转专业","content":[{"text":"东北师范大学全日制本科生转专业实施办法","icon":"/module/icon/info.svg","path":"guide/degree/change-major/rule"},{"text":"本科生转专业实施办法解读","icon":"/icon/about.svg","path":"guide/degree/change-major/explain"},{"text":"Mr.Hope 的一些个人建议","icon":"/module/icon/skill.svg","path":"guide/degree/change-major/advice"}]},{"tag":"doc","name":"各专业准入细则","url":"https://mp.innenu.com/file/study/switchMajor.pdf","icon":"pdf"}],"images":[],"id":"guide/degree/index","scopeData":{"@type":"general","uniq_id":"guide/degree/index","title":"学位","digest":"","thumbs":["https://mp.innenu.com/img/inNENU.jpg"],"tags":[]}}