{"title":"学位","author":"Mr.Hope","time":"2020年8月8日","grey":true,"shareable":true,"content":[{"tag":"list","content":[{"text":"双学位与辅修","icon":"degree","path":"guide/degree//double-degree"},{"text":"第二学士学位","icon":"degree","path":"guide/degree//second-degree"},{"text":"公费师范生介绍","icon":"teacher","path":"guide/degree//free-normal"},{"text":"优师计划介绍","icon":"teacher","path":"guide/degree//great-normal"}]},{"tag":"list","header":"转专业","content":[{"text":"东北师范大学全日制本科生转专业实施办法","icon":"info","path":"guide/degree//change-major/rule"},{"text":"本科生转专业实施办法解读","icon":"about","path":"guide/degree//change-major/explain"},{"text":"Mr.Hope の个人建议","icon":"advice","path":"guide/degree//change-major/advice"}]},{"tag":"doc","name":"各专业准入细则","url":"https://mp.innenu.com/file/study/switchMajor.pdf","icon":"pdf"}],"images":[],"id":"guide/degree/index","scopeData":{"@type":"general","uniq_id":"guide/degree/index","title":"学位","digest":"","thumbs":["https://mp.innenu.com/img/inNENU.jpg"],"tags":[]}}