{"title":"地理科学学院专业","author":"Mr.Hope","time":"2020年8月6日","shareable":true,"content":[{"tag":"title","text":"本科招生概况"},{"tag":"text","type":"p","text":["地理科学学院现设有地理科学(公费师范)、地理科学、人文地理与城乡规划、地理信息科学四个专业。"],"style":"text-indent: 1.5em; "},{"tag":"list","header":"各专业介绍","content":[{"text":"地理科学(公费师范)","path":"intro/school/geography//geography-free"},{"text":"地理科学类","path":"intro/school/geography//class"}]},{"tag":"title","text":"研究生专业设置"},{"tag":"img","src":"https://mp.innenu.com/img/school/geography-degree-info.png"},{"tag":"title","text":"硕士研究生招生概况"},{"tag":"img","src":"https://mp.innenu.com/img/school/geography-master.png"},{"tag":"text","heading":"相关介绍"},{"tag":"doc","name":"地理学一级学科学术学位硕士研究生培养方案","url":"https://mp.innenu.com/file/study/geography-dlx.pdf","icon":"pdf"},{"tag":"doc","name":"城乡规划学一级学科学术学位硕士研究生培养方案","url":"https://mp.innenu.com/file/study/geography-cxghx.pdf","icon":"pdf"},{"tag":"doc","name":"土地资源管理专业学术学位硕士研究生培养方案","url":"https://mp.innenu.com/file/study/geography-tdzy.pdf","icon":"pdf"},{"tag":"doc","name":"区域经济学专业学术学位硕士研究生培养方案","url":"https://mp.innenu.com/file/study/geography-qyjjx.pdf","icon":"pdf"},{"tag":"doc","name":"旅游管理专业学术学位硕士研究生培养方案","url":"https://mp.innenu.com/file/study/geography-lygl.pdf","icon":"pdf"},{"tag":"doc","name":"课程与教学论专业(地理)学术学位硕士研究生培养方案","url":"https://mp.innenu.com/file/study/geography-040102.pdf","icon":"pdf"},{"tag":"doc","name":"地理科学学院全职硕导教师简介","url":"https://mp.innenu.com/file/study/geography-teacher.pdf","icon":"pdf"},{"tag":"phone","header":"硕士研究生招生咨询电话","fName":"存铭","lName":"邹","num":"0431-85099550","org":"东北师范大学地理科学学院","title":"硕士研究生招生负责人","street":"吉林省长春市人民大街5268号","postCode":"130024","email":"zoucm100@nenu.edu.cn"},{"tag":"title","text":"博士生相关介绍"},{"tag":"doc","name":"自然地理专业博士学位研究生培养方案","url":"https://mp.innenu.com/file/study/geography-zrdl.pdf","icon":"pdf"},{"tag":"doc","name":"人文地理学专业博士学位研究生培养方案","url":"https://mp.innenu.com/file/study/geography-rwdl.pdf","icon":"pdf"},{"tag":"doc","name":"区域经济学专业博士学位研究生培养方案","url":"https://mp.innenu.com/file/study/geography-tdzy.pdf","icon":"pdf"},{"tag":"doc","name":"城市与区域规划专业博士学位研究生培养方案","url":"https://mp.innenu.com/file/study/geography-csyqygh.pdf","icon":"pdf"},{"tag":"doc","name":"地图学与地理信息系统专业博士学位研究生培养方案","url":"https://mp.innenu.com/file/study/geography-dtx.pdf","icon":"pdf"}],"images":["https://mp.innenu.com/img/school/geography-degree-info.png","https://mp.innenu.com/img/school/geography-master.png"],"id":"intro/school/geography/enroll","scopeData":{"@type":"general","uniq_id":"intro/school/geography/enroll","cover":"https://mp.innenu.com/img/school/geography-degree-info.png","title":"地理科学学院专业","digest":"地理科学学院现设有地理科学(公费师范)、地理科学、人文地理与城乡规划、地理信息科学四个专业。相关介绍 ","thumbs":["https://mp.innenu.com/img/school/geography-degree-info.png","https://mp.innenu.com/img/school/geography-master.png"],"tags":["本科招生概况","研究生专业设置","硕士研究生招生概况","博士生相关介绍"]}}