{"title":"军训","author":"Mr.Hope","time":"2021年7月4","shareable":true,"content":[{"tag":"title","text":"关于军训"},{"tag":"text","type":"danger","text":["2020 年由于疫情原因已经确定开学不军训，具体的军训时和军训安排请等待日后通知。"]},{"tag":"text","text":["通常情况下，新生军训会在报到后立即进行，为期 14 天。"]},{"tag":"p","heading":"军训是否重要","text":["当然重要!!! 军训是一门课程，1学分! 是有成绩的! 它是必修课，所以挂科只能重修(也就是再来一遍)，否则不能毕业! 考核方式通常为分组考核队列，其他连队的教官打分。"],"style":"text-indent: 1.5em; "},{"tag":"text","type":"warning","text":["涂防晒! 涂防晒! 涂防晒! 重要的事情说三遍"]},{"tag":"ul","type":"tip","heading":"Mr.Hope の碎碎念","text":["记得准备自己的水瓶/壶","晚上洗过衣服后马上休息，中午午休也尽量回寝室睡个简短的午觉，保持充足的体力精力防止中暑","认真吃饭"]},{"tag":"p","heading":"军训强度","text":["这个不用太担心，因为东师的情况，女生比例较大，军训不会有特别强的体能消耗，教官也不会对教员特别严格。"],"style":"text-indent: 1.5em; "},{"tag":"title","text":"无法参加军训"},{"tag":"p","text":["如果您因为身体原因无法参加军训，学校予以支持。您可以提出申请。","申请通过后，您需要在军训期间参加军事理论课程班(俗称保健班)的学习。","最终进行军训成绩的评定时，您的成绩最高不超过 80 分。"],"style":"text-indent: 1.5em; "},{"tag":"p","heading":"所需材料","text":["长春市三甲医院的检测报告及医生的诊断证明。"],"style":"text-indent: 1.5em; "},{"tag":"text","type":"danger","text":["请注意生源地医院开的证明都是无效的，必须到长春以后前往三甲医院再次进行检测并请医生开具诊断证明(需要盖医院院章)。"]},{"tag":"text","type":"info","heading":"为什么一定要长春市三甲医院","text":["这是为了防止同学们提前在生源地开好假证明。、"]},{"tag":"text","type":"tip","heading":"Mr.Hope の小提示","text":["请您尽量把当地的检测的相关资料带过来 (尤其是费用较高的)，然后在长春这边挂号时出示给医生。","记得强调自己是学生并讲清自己只需要医生出具诊断书，大部分情况下医生可以直接为你开具，少数特殊情况下配合相关资料，您也可能只会需要做一些费用较低的基础检测让医生定诊就可以开出诊断。"]},{"tag":"text","type":"warning","text":["由于军训强度不高，除非同学们身体有特殊情况外，不建议大家去申请理论学习。一是因为保健班最高的分数也只有80分；二是上交的诊断证明以及身情况说明会被记录到档案中，在以后的就业中可能会有影响；三是如果以一些长期的身体原因为理由申请的话，大一大二的体育课选课可能也会受到影响，只能选择特定时间段的保健班。如果保健班的时间和专业课有冲突就可能需要等到大三大四补上体育课。"]},{"tag":"list","header":false,"content":[{"text":"更多军训详情","icon":"more","path":"guide/activity/military/detail"}]}],"images":[],"id":"guide/activity/military/intro","scopeData":{"@type":"general","uniq_id":"guide/activity/military/intro","title":"军训","digest":"2020 年由于疫情原因已经确定开学不军训，具体的军训时和军训安排请等待日后通知。通常情况下，新生军训会在报到后立即进行，为期 14 天。军训是否重要 当然重要!!! 军训是一门课程，1学分! 是有成绩的! 它是必修课，所以挂科只能重修(也","thumbs":["https://mp.innenu.com/img/inNENU.jpg"],"tags":["关于军训","无法参加军训"]}}