{"title":"数学类介绍","author":"Mr.Hope","time":"2020年8月6日","shareable":true,"content":[{"tag":"title","text":"专业简介"},{"tag":"ul","text":["2020 年开始数学与统计学院大类招生。","数学类所有学费均为 3850 元/年。"]},{"tag":"list","header":false,"content":[{"text":"数学与应用数学","path":"intro/school/math/math"},{"text":"统计学","path":"intro/school/math/statistics"}]}],"images":[],"id":"intro/school/math/class","scopeData":{"@type":"general","uniq_id":"intro/school/math/class","title":"数学类介绍","digest":"2020 年开始数学与统计学院大类招生。 数学类所有学费均为 3850 元/年。","thumbs":["https://mp.innenu.com/img/inNENU.jpg"],"tags":["专业简介"]}}