{"title":"净月校内超市","author":"Mr.Hope","time":"2020年8月31日","shareable":true,"content":[{"tag":"title","text":"校内"},{"tag":"text","text":["净月超市位于校区二食堂一楼"]},{"tag":"phone","header":"服务电话","num":"13159611100","fName":"净月超市服务电话","org":"东北师范大学"},{"tag":"text","text":["身处本部的 Mr.Hope 希望好心人提供净月超市的照片和介绍。请戳右下角。"],"style":"font-size: 13px;"},{"tag":"p","heading":"超市周边","text":["净月净月超市周边包括干果店、打印店、水果店、饮品店、仿吾书店、眼镜店、服装店、药店、移动运营店、电脑维修店等。"],"style":"text-indent: 1.5em; "}],"images":[],"id":"guide/shop/jingyue","scopeData":{"@type":"general","uniq_id":"guide/shop/jingyue","title":"净月校内超市","digest":"净月超市位于校区二食堂一楼身处本部的 Mr.Hope 希望好心人提供净月超市的照片和介绍。请戳右下角。超市周边 净月净月超市周边包括干果店、打印店、水果店、饮品店、仿吾书店、眼镜店、服装店、药店、移动运营店、电脑维修店等。","thumbs":["https://mp.innenu.com/img/inNENU.jpg"],"tags":["校内"]}}