{"title":"一食堂","desc":"概况部分来自东北师范大学后勤保障部官网\n特别鸣谢苏凛提供相关照片和信息","author":"Mr.Hope","time":"2021年7月24日","shareable":true,"content":[{"tag":"p","heading":"概况","text":["净月校区学生一食堂2000年8月建成投入使用，共三层，使用面积9000平方米，与图书馆和日华公寓相邻，最后装修于 2018 年。学生一食堂一层为特色档口区，能容纳920人就餐；二层为基本伙食区，能容纳928人就餐；三层为清真餐厅、教工餐厅。","学生一食堂位于日华公寓与民族教育学院中间，是很多宿舍同学上学路上的必经处。一食堂内除了正常的餐饮窗口外，还配有校园卡自助服务机（二楼，之后会具体介绍）、冰淇淋窗口（一楼小姑娘冰淇淋）、烘焙坊、小超市（几乎只有水饮）以及部分运营商服务厅。"],"style":"text-indent: 1.5em; "},{"tag":"phone","header":"服务电话","num":"0431-84536088","fName":"一食堂服务电话","org":"东北师范大学"},{"tag":"title","text":"一楼"},{"tag":"ul","heading":"南侧","text":["五谷渔粉","川锦汇麻辣拌","面荏","金日升烤盘","孙氏杭州小笼包","小当家民间瓦罐汤","F+肥牛饭","川天椒麻辣烫"]},{"tag":"ul","heading":"北侧","text":["小姑娘冰淇淋","飘番刀削面","陕西面馆","掉渣饼","老夫子早餐店","盛月轩鸡排饭","老北京鸡肉卷饼","哈尔滨水饺","重庆鸡公煲"]},{"tag":"img","src":"https://mp.innenu.com/img/dining/dining1-1f-1.jpg"},{"tag":"img","src":"https://mp.innenu.com/img/dining/dining1-1f-2.jpg"},{"tag":"text","heading":"价位与供应时间","text":["价格 7-16 元左右。开放时间大致为 7:00-20:00 (每个档口开关时间不定，视具体情况而定)"]},{"tag":"title","text":"二楼"},{"tag":"text","text":["二楼进门前侧有基本餐，右侧进去还有麻辣香锅，再往左转是普通餐。"]},{"tag":"ul","heading":"北侧","text":["百合饭包","艾可奇汉堡","麻辣香锅","SandWich","水果捞","饮品店","罗小生自选火锅"]},{"tag":"ul","heading":"基本餐供应时间","text":["早: 6:30 - 8:30","午: 11:00 - 12:30","晚: 16:30 - 18:00"]},{"tag":"img","src":"https://mp.innenu.com/img/dining/dining44.png"},{"tag":"title","text":"三楼"},{"tag":"text","text":["三楼共分为两个部分，一个是前面大厅的餐厅，一个是后面的清真餐厅。"]},{"tag":"p","heading":"大厅","text":["大厅的早饭和午饭都为自助餐，种类丰富，价格亲民。","供应时间:\n早: 6:30-10:00\n午: 11:00-12: 30\n晚饭可点餐，并承接大小型聚餐和活动"],"style":"text-indent: 1.5em; "},{"tag":"img","src":"https://mp.innenu.com/img/dining/dining45.png"},{"tag":"img","src":"https://mp.innenu.com/img/dining/dining46.png","desc":"大厅"},{"tag":"text","heading":"清真餐厅","text":["从三楼餐厅侧面进去，也可以从清真餐厅大门上楼。","供应时间: 7:00 - 20:00"]},{"tag":"img","src":"https://mp.innenu.com/img/dining/dining47.png","desc":"清真餐厅"}],"images":["https://mp.innenu.com/img/dining/dining1-1f-1.jpg","https://mp.innenu.com/img/dining/dining1-1f-2.jpg","https://mp.innenu.com/img/dining/dining44.png","https://mp.innenu.com/img/dining/dining45.png","https://mp.innenu.com/img/dining/dining46.png","https://mp.innenu.com/img/dining/dining47.png"],"id":"guide/dining/dining-1","scopeData":{"@type":"general","uniq_id":"guide/dining/dining-1","cover":"https://mp.innenu.com/img/dining/dining1-1f-1.jpg","title":"一食堂","digest":"概况 净月校区学生一食堂2000年8月建成投入使用，共三层，使用面积9000平方米，与图书馆和日华公寓相邻，最后装修于 2018 年。学生一食堂一层为特色档口区，能容纳920人就餐；二层为基本伙食区，能容纳928人就餐；三层为清真餐厅、教工","thumbs":["https://mp.innenu.com/img/dining/dining1-1f-1.jpg","https://mp.innenu.com/img/dining/dining1-1f-2.jpg","https://mp.innenu.com/img/dining/dining44.png","https://mp.innenu.com/img/dining/dining45.png","https://mp.innenu.com/img/dining/dining46.png","https://mp.innenu.com/img/dining/dining47.png"],"tags":["一楼","二楼","三楼"]}}