{"title":"心理学院招生","desc":"研究生招生信息来自研究生院","author":"Mr.Hope","time":"2021年7月11日","shareable":true,"content":[{"tag":"title","text":"本科专业"},{"tag":"ul","text":["心理学专业，招生类别为师范类，授予心理学理学学士学位。","学费为 3850 元/年。"]},{"tag":"list","header":false,"content":[{"text":"心理学","path":"intro/school/psychology/psychology"},{"text":"心理学(公费师范)","path":"intro/school/psychology/normal"}]},{"tag":"text","heading":"专业介绍视频"},{"tag":"media","type":"video","src":"http://zsb.nenu.edu.cn/__local/B/35/B1/E4AFCA2A39D5861EE36422F5FA5_140E9CE4_ECB601C.mp4?e=.mp4"},{"tag":"title","text":"研究生专业"},{"tag":"ul","heading":"硕士","text":["基础心理学专业，为学术学位，授予教育学硕士学位。","发展与教育心理学专业，为学术学位，授予教育学硕士学位。","应用心理学专业，为学术学位，授予教育学硕士学位。","心理健康教育专业，为专业学位，授予教育学专业学位。","应用心理专业，为专业学位，授予心理学硕士专业学位。"]},{"tag":"ul","heading":"博士","text":["基础心理学专业，为学术学位，授予教育学博士学位。","发展与教育心理学专业，为学术学位，授予教育学博士学位。"]},{"tag":"text","heading":"硕士研究生招生概况"},{"tag":"img","src":"https://mp.innenu.com/img/enroll/psychology-master.png","desc":"2021年招生信息"},{"tag":"phone","header":"硕士研究生招生咨询电话","fName":"超","lName":"毕","num":"0431-85098465","org":"东北师范大学心理学院","title":"硕士研究生招生负责人","street":"吉林省长春市人民大街5268号","postCode":"130024","email":"bic537@nenu.edu.cn"},{"tag":"text","heading":"相关文件"},{"tag":"doc","name":"基础心理学培养方案","url":"https://mp.innenu.com/file/courseplan/psychology-base.pdf","icon":"pdf"},{"tag":"doc","name":"发展与教育心理学培养方案","url":"https://mp.innenu.com/file/courseplan/psychology-develop.pdf","icon":"pdf"}],"images":["https://mp.innenu.com/img/enroll/psychology-master.png"],"id":"intro/school/psychology/enroll","scopeData":{"@type":"general","uniq_id":"intro/school/psychology/enroll","cover":"https://mp.innenu.com/img/enroll/psychology-master.png","title":"心理学院招生","digest":"心理学专业，招生类别为师范类，授予心理学理学学士学位。 学费为 3850 元/年。专业介绍视频 硕士 基础心理学专业，为学术学位，授予教育学硕士学位。 发展与教育心理学专业，为学术学位，授予教育学硕士学位。 应用心理学专业，为学术学位，授予","thumbs":["https://mp.innenu.com/img/enroll/psychology-master.png"],"tags":["本科专业","研究生专业"]}}