{"title":"功率限制","author":"Mr.Hope","time":"2021年7月4","shareable":true,"content":[{"tag":"title","text":"功率限制"},{"tag":"ul","text":["寝室总功率限制为 500W","寝室内单个用电设备不能超过 100W。","超过限制后会立即断电，3 分钟之后恢复供电，断电四次以后不能自动恢复需人工介入。"]},{"tag":"title","text":"Mr.Hope の 解释"},{"tag":"ul","text":["总功率限制在 500W 这个条件相信大家肯定会遵守。","寝室内单个用电设备不能超过 100W 的直观意思实际上为寝室电流瞬间增长不得超过 0.5A。学生寝室为了计费和检测都有电流监控装置，如果检测到您在很短时间(1 - 3 秒左右)电流幅度增长超过 0.5A，就会直接跳闸。所以大家不能接入功率过大的用电设备。","请注意，多次断电一旦锁死，计电办的阿姨是没有权利给您打开的，这就不是小事了。您会面临一个重要的问题: 如何证明自己跳闸不是因为自己违规用电。如果因为灯管短路或插座短接，有维修记录的情况下，还是比较好办的。否则虽然学校在没有证据的情况下不会给您处分，但是会给予您批评教育，毕竟有正当理由怀疑您进行了违规用电操作。","如果您是因为使用违章电器导致的寝室跳闸，而且学生处查到了您的违章电器或有他人举报，您将会被给予处分。严重者会被强制退宿，只能住在外面走读，相关材料也会写入您的档案，后果还是挺严重的。"]},{"tag":"text","type":"p","heading":"关于笔记本的问题","text":["近期有很多同学向我询问，自己的笔记本适配器功率达到了 150W 以上，担心无法使用。这个大家请不要担心。下面由我来尽量给大家解释一下(文科生还是看不懂的话我也没办法)","寝室对单个用电器的检测的核心是电流变化，或者说电路上电流的功率变动。只有在几秒内电流变动超过 0.5A ，也就是寝室内用电器功率变化在几秒内增长超过 110W 才会跳闸。","对于笔记本来说，变压器的额定功率都会超出笔记本的最大功耗(性能全部拉满 + 充电)，也就是说一个 180W 适配器的本子，全负载工作可能只有 140W，同时充电的情况下才有 160+W。但是笔记本的功耗是很大程度上由笔记本当时的运算量(性能使用比例)决定的。换句话来说，您正常打开机器，笔记本会只有 20W - 30W 左右的功率。随着您打开软件的增多，它的功耗会慢慢上升。如果您进行游戏或使用软件进行复杂计算时，笔记本的运算量通常不会突然之间在几秒之内一下拉到最大值。在打开游戏时，您会经历边载入边渲染的过程，此时 CPU(中央处理器)、GPU(显卡)应该会以 40% 左右的性能运行一段时间，此时以 180W 适配的笔记本为例，功耗通常在 50W - 80W 左右。之后进入游戏游玩时功耗会进一步上升。另外诸如 Matlab 这种运算软件，它并不会充分调用 GPU，而是以 CPU 为主，另外它在开始运算的时候通常需要进行数秒的矩阵装配，写入内存的活动。换言之，一个笔记本电脑在总功率小于 150W 的情况，因为本身待机功耗就有 20W - 30W，在日常使用中也不会出现在1秒之内让机器满载的极端情况(甚至是死机，通常也只会拉满单个 CPU 或 GPU)。Mr.Hope 本人使用的笔记本适配器额定功率也为 180W，从未发生过跳闸，所以请大家放心使用。","另外需要特别注意，适配器功率超过 200W 的笔记本，原则上的确存在在特定使用情况下，功率波动超过 110W 的可能的。至于是否会出现跳闸还有待测验(2020年以前这种功率的本子通常都在两万元以上)。台式机超过 250W 后，会有一定的日常使用运行游戏、程序发生跳闸的概率。"],"style":"text-indent: 1.5em; "}],"images":[],"id":"guide/dorm/electricity/power","scopeData":{"@type":"general","uniq_id":"guide/dorm/electricity/power","title":"功率限制","digest":"关于笔记本的问题 近期有很多同学向我询问，自己的笔记本适配器功率达到了 150W 以上，担心无法使用。这个大家请不要担心。下面由我来尽量给大家解释一下(文科生还是看不懂的话我也没办法) 寝室对单个用电器的检测的核心是电流变化，或者说电路上电","thumbs":["https://mp.innenu.com/img/inNENU.jpg"],"tags":["功率限制","Mr.Hope の 解释"]}}