{"title":"体育学院招生","author":"Mr.Hope","time":"2020年8月6日","shareable":true,"content":[{"tag":"title","text":"本科招生概况"},{"tag":"text","type":"ul","heading":"体育学院","text":["体育教育(公费师范): ￥0/年","体育教育: ￥4620/年","运动训练: ￥9000/年","武术与民族传统体育: ￥9000/年"]},{"tag":"title","text":"硕士招生概况"},{"tag":"img","src":"https://mp.innenu.com/img/school/pe-master.png"},{"tag":"text","heading":"硕士研究生招生咨询电话"},{"tag":"phone","fName":"郭","lName":"艳红","num":"0431-85099879","org":"东北师范大物理学院","title":"硕士研究生招生负责人","street":"吉林省长春市人民大街5268号","postCode":"130024","email":"guoyh672@nenu.edu.cn"}],"images":["https://mp.innenu.com/img/school/pe-master.png"],"id":"intro/school/pe/enroll","scopeData":{"@type":"general","uniq_id":"intro/school/pe/enroll","cover":"https://mp.innenu.com/img/school/pe-master.png","title":"体育学院招生","digest":"体育学院 体育教育(公费师范): ￥0/年 体育教育: ￥4620/年 运动训练: ￥9000/年 武术与民族传统体育: ￥9000/年硕士研究生招生咨询电话 ","thumbs":["https://mp.innenu.com/img/school/pe-master.png"],"tags":["本科招生概况","硕士招生概况"]}}