{"title":"体育学院","grey":true,"author":"Mr.Hope","time":"2021年7月9日","shareable":true,"content":[{"tag":"list","content":[{"text":"学院简介","icon":"about","path":"intro/school/pe/intro"},{"text":"专业介绍","icon":"info","path":"intro/school/pe/enroll"},{"text":"学科建设","icon":"degree","path":"intro/school/pe/subject"}]},{"tag":"copy","header":"官网地址","text":"https://pe.nenu.edu.cn/"}],"images":[],"id":"intro/school/pe/index","scopeData":{"@type":"general","uniq_id":"intro/school/pe/index","title":"体育学院","digest":"","thumbs":["https://mp.innenu.com/img/inNENU.jpg"],"tags":[]}}