{"title":"体育学院介绍","desc":"来源: 东北师范大学体育学院官网","time":"2020年8月14日","shareable":true,"content":[{"tag":"swiper","url":["https://mp.innenu.com/img/school/PE.jpg","https://mp.innenu.com/img/school/PE1.jpg","https://mp.innenu.com/img/school/PE2.jpg","https://mp.innenu.com/img/school/PE3.jpg"]},{"tag":"title","text":"师资力量"},{"tag":"text","type":"p","text":["学院现有体育教育训练学,体育人文社会学,运动人体科学三方面的专任教师教授18人，并且在田径，篮球，乒羽网球体操，冰雪教研室，武术与民族传统体育，体育人文社会学教研室，课程与教学论教研室等多位副教授专任教师。"],"style":"text-indent: 1.5em; "},{"tag":"title","text":"学科建设"},{"tag":"text","type":"p","text":["体育学一级学科被评为吉林省十二五高等学校优势特色重点学科。体育教育专业被评为吉林省高等学校十二五特色专业。","学科建设历史悠久、学科发展理念先进、学科培养目标明确我院体育学科已有64年的发展历史，1984年起开始招收培养硕士研究生，1992年，被评为吉林省重点发展学科。2003年获得体育教育训练学博士学位授予权，目前具有体育教育训练学、体育人文社会学、运动人体科学、民族传统体育学4个硕士授权点。学院始终坚持“立足为基础教育服务”的学科发展理念，坚持“教育教学基本功扎实、运动基本技术技能精湛、科研学术作风严谨”的学科培养目标。培养了近万名本、专科学生和1000多名硕士研究生，以及一批高水平的科研专家、学者，国家优秀运动员、教练员、体育管理人才，被誉为优秀体育教师的摇篮。"],"style":"text-indent: 1.5em; "},{"tag":"title","text":"人才培养"},{"tag":"text","type":"p","text":["多年来，该学科注重人才培养、引进和交流，聘请了多位国务院体育学科评议组成员为我院兼职教授和特聘教授，形成了稳固、高效的学术团队。","与日本、俄罗斯、韩国等国家的多所相同研究领域的著名大学建立合作与交流关系，形成了良好的国际学术交流和信息共享平台。","同国家体育总局、各省市体育局合作，在国内首先构建了以世界一流冰雪运动项目为研究对象的高起点的、稳定的、前沿研究领域。","依托国家教育部学生体育联合会和研究型综合师范大学的有利资源，构建了我国学校体育、学校竞技体育发展研究的良好平台。"],"style":"text-indent: 1.5em; "},{"tag":"title","text":"联系方式"},{"tag":"text","type":"ul","text":["地址: 吉林省长春市人民大街5268号","邮政编码: 130024","邮箱: pe@nenu.edu.cn","电话: 0431-85099598"]},{"tag":"phone","fName":"体育学院","num":"0431-85099598","org":"东北师范大学","street":"吉林省长春市人民大街5268号","hostNum":"0431-85099598","postCode":"130024","email":"pe@nenu.edu.cn"}],"images":[],"id":"intro/school/pe/intro","scopeData":{"@type":"general","uniq_id":"intro/school/pe/intro","title":"体育学院介绍","digest":"学院现有体育教育训练学,体育人文社会学,运动人体科学三方面的专任教师教授18人，并且在田径，篮球，乒羽网球体操，冰雪教研室，武术与民族传统体育，体育人文社会学教研室，课程与教学论教研室等多位副教授专任教师。体育学一级学科被评为吉林省十二五高","thumbs":["https://mp.innenu.com/img/inNENU.jpg"],"tags":["师资力量","学科建设","人才培养","联系方式"]}}