{"title":"新生课程学习","author":"Mr.Hope","time":"2021年7月23日","grey":true,"shareable":true,"content":[{"tag":"text","type":"warning","text":["请注意，目前既无法完成校方认证，课程邀请码也未被公开。","根据学生处往年的一贯作风，他们恐怕会等到录取全部结束之后统一在易班上导入新生的数据，而不会和招生办联动每天一导。","所以目前已经收到录取通知书的同学们，你们还没发完成新生课程学习，请耐心等待。","可以完成校方认证且课程邀请码公开后，此页面会进行更新，同时 Mr.Hope 会在自己的两个新生群内发公告通知。"]},{"tag":"list","content":[{"text":"注册账号","icon":"account","path":"guide/prepare/yiban/register"},{"text":"课程添加","icon":"course","path":"guide/prepare/yiban/add"},{"text":"课程学习","icon":"study","path":"guide/prepare/yiban/study"},{"text":"课程作业与考试","icon":"test","path":"guide/prepare/yiban/exam"}]}],"images":[],"id":"guide/prepare/yiban/index","scopeData":{"@type":"general","uniq_id":"guide/prepare/yiban/index","title":"新生课程学习","digest":"请注意，目前既无法完成校方认证，课程邀请码也未被公开。 根据学生处往年的一贯作风，他们恐怕会等到录取全部结束之后统一在易班上导入新生的数据，而不会和招生办联动每天一导。 所以目前已经收到录取通知书的同学们，你们还没发完成新生课程学习，请耐心","thumbs":["https://mp.innenu.com/img/inNENU.jpg"],"tags":[]}}