{"title":"报到","grey":true,"author":"Mr.Hope","time":"2020年9月1日","shareable":true,"content":[{"tag":"list","header":"报道要求","content":[{"text":"新生报到需要满足的条件","icon":"/module/icon/info.svg","path":"guide/check/requirement"}]},{"tag":"list","header":"到校路线","content":[{"text":"专业所在校区","icon":"/module/icon/gate.svg","path":"guide/check/locate"},{"text":"坐火车到校","icon":"/module/icon/train.svg","path":"guide/check/arrival/train/index"},{"text":"坐飞机到校","icon":"/module/icon/plane.svg","path":"guide/check/arrival/plane/index"},{"text":"关于打车","icon":"/module/icon/taxi.svg","path":"guide/check/arrival/taxi"},{"text":"关于接站","icon":"/module/icon/pickup.svg","path":"guide/check/arrival/pickup"},{"text":"提示: 请妥善保管好出行车票，以备学校后期追踪调查。"}]},{"tag":"list","header":"报到流程","content":[{"text":"报到时间地点","icon":"/module/icon/time.svg","path":"guide/check/location-and-time"},{"text":"报到流程","icon":"/module/icon/flow.svg","path":"guide/check/flow"},{"text":"缴费相关","icon":"/module/icon/pay.svg","path":"guide/check/pay/index"},{"text":"绿色通道","icon":"/module/icon/greenTunnel.svg","path":"guide/check/green-channel"}]},{"tag":"list","header":"相关事务","content":[{"text":"使用校园卡","icon":"/icon/guide/card.svg","path":"guide/card/prepare"},{"text":"防盗防骗攻略","icon":"/module/icon/safe.svg","path":"guide/check/guard"},{"text":"入学体检","icon":"/module/icon/medical-exam.svg","path":"guide/check/medical-examination"},{"text":"党团组织关系迁移","icon":"/icon/intro/league.svg","path":"guide/check/league"},{"text":"户口迁移、保险与其他","icon":"/module/icon/more.svg","path":"guide/check/others"}]},{"tag":"list","header":"防盗防骗攻略","content":[{"text":"防盗防骗攻略","icon":"/module/icon/safe.svg","path":"guide/check/guard"}]}],"images":[],"id":"guide/check/index","scopeData":{"@type":"general","uniq_id":"guide/check/index","title":"报到","digest":"","thumbs":["https://mp.innenu.com/img/inNENU.jpg"],"tags":[]}}