{"title":"报到时间地点","author":"Mr.Hope","time":"2021年7月4","shareable":true,"content":[{"tag":"title","text":"报到时间"},{"tag":"text","text":["2020 年 9 月 4 日 12:00 - 22:00","2020 年 9 月 5 日 6:00 - 22:00","另外，由于疫情原因封校，家长将禁止进入校园，学校会安排摆渡车为大家运送行李。"]},{"tag":"title","text":"可以早到么"},{"tag":"text","heading":"不可以","text":["今年的新冠疫情对学校的安全管控提出了新的挑战，为了学生安全着想，学校现在采取封校策略。学校不允许提前入校，也就是提前到会被拒之门外。"]},{"tag":"title","text":"报到(接待)时间"},{"tag":"text","text":["2020 年 9 月 4 日 12:00 - 22:00","2020 年 9 月 5 日 6:00 - 22:00"]},{"tag":"title","text":"报到(接待)地点"},{"tag":"text","type":"p","text":["本部校区在北门(动植物公园对面)进门的街道"],"style":"text-indent: 1.5em; "},{"tag":"text","type":"p","text":["净月校区在净月图书馆门前广场"],"style":"text-indent: 1.5em; "},{"tag":"img","src":"https://mp.innenu.com/img/check/jingyue-stage.jpg"}],"images":["https://mp.innenu.com/img/check/jingyue-stage.jpg"],"id":"guide/check/location-and-time","scopeData":{"@type":"general","uniq_id":"guide/check/location-and-time","cover":"https://mp.innenu.com/img/check/jingyue-stage.jpg","title":"报到时间地点","digest":"2020 年 9 月 4 日 12:00 - 22:00 2020 年 9 月 5 日 6:00 - 22:00 另外，由于疫情原因封校，家长将禁止进入校园，学校会安排摆渡车为大家运送行李。不可以 今年的新冠疫情对学校的安全管控提出了新的挑","thumbs":["https://mp.innenu.com/img/check/jingyue-stage.jpg"],"tags":["报到时间","可以早到么","报到(接待)时间","报到(接待)地点"]}}