{"title":"入学体检","author":"Mr.Hope","time":"2021年7月9日","shareable":true,"content":[{"tag":"title","text":"体检费用"},{"tag":"text","text":["体检费为 55 元/人"]},{"tag":"title","text":"体检注意事项"},{"tag":"ol","text":["自己找时间去体检。准时参加。每个学生体检时带通知单中性笔，填好姓名学院及专业。","买体检表时先出示一卡通。","没有参加上新生体检的同学校医院将统一安排时间补检。","民族教育学院新生因报到时间晚，将随新生补检时一起进行，时间另行通知。","请注意空腹采血。"]},{"tag":"title","text":"体检时间"},{"tag":"text","text":["2021 年具体时间等待官方通知，通常是报道的那两天以及报道后的第三天。"]},{"tag":"text","heading":"2020年情况","text":["2020 年 9 月 5-6 日，12 - 13 日全天(8:00 － 16:30)为本科生体检。","本部与净月校区同时进行体检，要求空腹采血。"]}],"images":[],"id":"guide/check/medical-examination","scopeData":{"@type":"general","uniq_id":"guide/check/medical-examination","title":"入学体检","digest":"体检费为 55 元/人自己找时间去体检。准时参加。每个学生体检时带通知单中性笔，填好姓名学院及专业。 买体检表时先出示一卡通。 没有参加上新生体检的同学校医院将统一安排时间补检。 民族教育学院新生因报到时间晚，将随新生补检时一起进行，时间另","thumbs":["https://mp.innenu.com/img/inNENU.jpg"],"tags":["体检费用","体检注意事项","体检时间"]}}