{"title":"报到条件","author":"Mr.Hope","time":"2021年7月27日","shareable":true,"content":[{"tag":"p","text":["为了在新冠疫情下保证同学们的安全，学校对来校报到所需的材料进行了明确的要求。"],"style":"text-indent: 1.5em; "},{"tag":"title","text":"报道条件"},{"tag":"p","text":["2021年报道条件等待官方下发通知。"],"style":"text-indent: 1.5em; "},{"tag":"text","type":"tip","heading":"报道是否需要接种疫苗","text":["不需要。","一是家尚未全面放开未成年人接种，而新生中含有一定比例的未成年人；二是部分人有比较强的过敏体质或其他病症，不建议接种疫苗。","所以学校不会强制要求到校前接种疫苗。","另外新生入学后，学校会统一组织有意愿接种疫苗的同学开展疫苗接种工作，请同学和家长们放心。"]},{"tag":"ol","heading":"2020年报道条件","text":["报到须持有“吉事办”健康码(“吉祥码”)绿码和“东师e起战疫”码绿码，测温正常后方可入校。","中风险地区的学生持健康通行码“绿码”及7日内核酸检测阴性证明报到。","高风险地区的学生需持健康通行码“绿码”及7日内核酸检测阴性证明报到，到校后加测一次核酸检测。","本人或共同居住的家庭成员为确诊病例、核酸检测阳性者、疑似病例、密切接触者，已治愈、解除集中医学观察或居家观察的，须持7日内核酸检测阴性证明、健康通行码“绿码”报到，到校后加测一次核酸检测。","报到前14日内有发热、咳嗽、腹泻等症状的，痊愈后须持7日内核酸检测阴性证明，经批准后来校报到。","近期从境外返回的，严格落实境外返回人员管控措施，解除集中医学观察后，持健康通行码“绿码”、解除隔离告知书和7日内核酸检测阴性证明报到。"]},{"tag":"text","type":"info","heading":"提示","text":["以上条件按照教育部和属地管理要求制定，将视疫情发展和属地管理要求随时进行调整。请同学们务必逐一核对，确保顺利报到。"]}],"images":[],"id":"guide/check/requirement","scopeData":{"@type":"general","uniq_id":"guide/check/requirement","title":"报到条件","digest":"为了在新冠疫情下保证同学们的安全，学校对来校报到所需的材料进行了明确的要求。2021年报道条件等待官方下发通知。报道是否需要接种疫苗 不需要。 一是家尚未全面放开未成年人接种，而新生中含有一定比例的未成年人；二是部分人有比较强的过敏体质或其","thumbs":["https://mp.innenu.com/img/inNENU.jpg"],"tags":["报道条件"]}}