{"title":"学前教育专业","desc":"来源: 教育学部官网","time":"2021年7月7日","shareable":true,"content":[{"tag":"title","text":"专业简介"},{"tag":"p","text":["本专业旨在培养在专业理念与师德、专业知识和专业能力方面符合国家要求，能够独立承担幼儿园保育教育、管理和研究的卓越幼儿园教师，继续攻读相关学科硕士学位的研究性人才，以及其它与儿童事业有关的综合性人才。"],"style":"text-indent: 1.5em; "},{"tag":"title","text":"专业介绍视频"},{"tag":"media","type":"video","src":"http://zsb.nenu.edu.cn/__local/F/58/C1/31E191DD44866C57E375427500F_3088E1C5_C3B6CED.mp4?e=.mp4"},{"tag":"title","text":"主干课程"},{"tag":"ul","text":["普通心理学","教育概论","中外教育史","教育研究方法","人体解剖生理学","学前教育学","学前儿童心理学","学前儿童卫生学","幼儿游戏与指导","幼儿园课程论","比较学前教育","儿童行为观察与分析","学前教育评价"]},{"tag":"title","text":"就业方向"},{"tag":"p","text":["学前教育师资、学前教育科研人员和学前教育管理、培训、咨询、康复及与儿童相关工作的人员。"],"style":"text-indent: 1.5em; "}],"images":[],"id":"intro/school/education/before-school","scopeData":{"@type":"general","uniq_id":"intro/school/education/before-school","title":"学前教育专业","digest":"本专业旨在培养在专业理念与师德、专业知识和专业能力方面符合国家要求，能够独立承担幼儿园保育教育、管理和研究的卓越幼儿园教师，继续攻读相关学科硕士学位的研究性人才，以及其它与儿童事业有关的综合性人才。普通心理学 教育概论 中外教育史 教育研究","thumbs":["https://mp.innenu.com/img/inNENU.jpg"],"tags":["专业简介","专业介绍视频","主干课程","就业方向"]}}