{"title":"教育学类介绍","author":"Mr.Hope","time":"2020年8月6日","shareable":true,"content":[{"tag":"title","text":"专业简介"},{"tag":"text","type":"p","text":["教育学进行大类招生。学生在大一学年末，根据个人意愿和学院专业设置情况可向学前教育、小学教育和教育学三个专业分流。2018 级及以前有公共事业(教育)管理专业。"],"style":"text-indent: 1.5em; "},{"tag":"title","text":"学费价格"},{"tag":"text","type":"p","text":["教育学类学费均为 3850 元/年。"],"style":"text-indent: 1.5em; "},{"tag":"title","text":"专业介绍"},{"tag":"list","header":false,"content":[{"text":"小学教育","path":"intro/school/education/primary"},{"text":"学前教育","path":"intro/school/education/before-school"},{"text":"教育学","path":"intro/school/education/edu"},{"text":"公共事业(教育)管理","desc":"2019 年停招","path":"intro/school/education/public"}]}],"images":[],"id":"intro/school/education/class","scopeData":{"@type":"general","uniq_id":"intro/school/education/class","title":"教育学类介绍","digest":"教育学进行大类招生。学生在大一学年末，根据个人意愿和学院专业设置情况可向学前教育、小学教育和教育学三个专业分流。2018 级及以前有公共事业(教育)管理专业。教育学类学费均为 3850 元/年。","thumbs":["https://mp.innenu.com/img/inNENU.jpg"],"tags":["专业简介","学费价格","专业介绍"]}}