{"title":"历史文化学院","grey":true,"author":"Mr.Hope","time":"2020年8月5日","shareable":true,"content":[{"tag":"list","content":[{"text":"学院简介","icon":"/module/icon/about.svg","base64Icon":"about","path":"intro/school/history/intro"},{"text":"专业介绍","icon":"/module/icon/info.svg","base64Icon":"info","path":"intro/school/history/enroll"},{"text":"学科简介","icon":"/module/icon/bookshelf.svg","base64Icon":"bookshelf","path":"intro/school/history/subject"}]}],"images":[],"id":"intro/school/history/index","scopeData":{"@type":"general","uniq_id":"intro/school/history/index","title":"历史文化学院","digest":"","thumbs":["https://mp.innenu.com/img/inNENU.jpg"],"tags":[]}}