{"title":"易班注册流程","author":"Mr.Hope","time":"2021年7月9日","shareable":true,"content":[{"tag":"title","text":"Web 端注册认证流程"},{"tag":"text","text":["首先打开浏览器访问 https://www.yiban.cn/。点右上角的【注册】按钮。"]},{"tag":"copy","text":"https://www.yiban.cn/"},{"tag":"img","src":"https://mp.innenu.com/img/prepare/yiban-pc-mainpage.jpg"},{"tag":"text","text":["按照要求输入手机号与验证码，设置密码后点击下一步。"]},{"tag":"img","src":"https://mp.innenu.com/img/prepare/yiban-pc-register.png"},{"tag":"text","text":["直接点击【马上去校方认证】"]},{"tag":"img","src":"https://mp.innenu.com/img/prepare/yiban-pc-verify.png"},{"tag":"ul","text":["填写真实姓名","学校选择东北师范大学(请不要选择 “东北师范大学人文学院”)"]},{"tag":"img","src":"https://mp.innenu.com/img/prepare/yiban-pc-school.png"},{"tag":"ul","text":["填写学号。(学号为录取通知书编号，2021 开头的 10 位数字)","点击【立即认证】，完成校方认证。"]},{"tag":"img","src":"https://mp.innenu.com/img/prepare/yiban-pc-verify2.png"},{"tag":"text","text":["校方认证成功后，页面应为"]},{"tag":"img","src":"https://mp.innenu.com/img/prepare/yiban-pc-verifyed.png"},{"tag":"title","text":"客户端注册认证流程"},{"tag":"copy","header":"客户端下载地址","text":"http://s1.yiban.cn/yiban_20200702_4711.apk"},{"tag":"ul","heading":"注册流程","text":["点击【新用户注册】进行注册。"]},{"tag":"img","src":"https://mp.innenu.com/img/prepare/yiban-mobile-register1.png"},{"tag":"ul","text":["输入手机号，获取并输入短信验证码，设置密码"]},{"tag":"img","src":"https://mp.innenu.com/img/prepare/yiban-mobile-register2.png"},{"tag":"ul","text":["直接点击【马上去校方认证】"]},{"tag":"img","src":"https://mp.innenu.com/img/prepare/yiban-mobile-register3.png"},{"tag":"ul","text":["填写学校(东北师范大学)、真实姓名和学号(录取通知书编号，2021 开头的 10 位数字)","点击【立即认证】，完成校方认证。"]},{"tag":"img","src":"https://mp.innenu.com/img/prepare/yiban-mobile-register4.png"}],"images":["https://mp.innenu.com/img/prepare/yiban-pc-mainpage.jpg","https://mp.innenu.com/img/prepare/yiban-pc-register.png","https://mp.innenu.com/img/prepare/yiban-pc-verify.png","https://mp.innenu.com/img/prepare/yiban-pc-school.png","https://mp.innenu.com/img/prepare/yiban-pc-verify2.png","https://mp.innenu.com/img/prepare/yiban-pc-verifyed.png","https://mp.innenu.com/img/prepare/yiban-mobile-register1.png","https://mp.innenu.com/img/prepare/yiban-mobile-register2.png","https://mp.innenu.com/img/prepare/yiban-mobile-register3.png","https://mp.innenu.com/img/prepare/yiban-mobile-register4.png"],"id":"guide/prepare/yiban/register","scopeData":{"@type":"general","uniq_id":"guide/prepare/yiban/register","cover":"https://mp.innenu.com/img/prepare/yiban-pc-mainpage.jpg","title":"易班注册流程","digest":"首先打开浏览器访问 https://www.yiban.cn/。点右上角的【注册】按钮。按照要求输入手机号与验证码，设置密码后点击下一步。直接点击【马上去校方认证】填写真实姓名 学校选择东北师范大学(请不要选择 “东北师范大学人文学院”)填","thumbs":["https://mp.innenu.com/img/prepare/yiban-pc-mainpage.jpg","https://mp.innenu.com/img/prepare/yiban-pc-register.png","https://mp.innenu.com/img/prepare/yiban-pc-verify.png","https://mp.innenu.com/img/prepare/yiban-pc-school.png","https://mp.innenu.com/img/prepare/yiban-pc-verify2.png","https://mp.innenu.com/img/prepare/yiban-pc-verifyed.png","https://mp.innenu.com/img/prepare/yiban-mobile-register1.png","https://mp.innenu.com/img/prepare/yiban-mobile-register2.png","https://mp.innenu.com/img/prepare/yiban-mobile-register3.png","https://mp.innenu.com/img/prepare/yiban-mobile-register4.png"],"tags":["Web 端注册认证流程","客户端注册认证流程"]}}