{"title":"设计学类介绍","time":"2021年7月9日","shareable":true,"content":[{"tag":"title","text":"专业简介"},{"tag":"p","text":["设计学类采取大类招生，会在大一上学期结束时分专业，共有四个专业，分别为: 服装设计、环境艺术设计、数字媒体设计、视觉传达设计。"],"style":"text-indent: 1.5em; "},{"tag":"list","header":"院系介绍","content":[{"text":"环境艺术设计","path":"intro/school/art/environment"},{"text":"视觉传达设计","path":"intro/school/art/visual"},{"text":"服装设计","path":"intro/school/art/fashion"},{"text":"数字媒体设计","path":"intro/school/art/media"}]}],"images":[],"id":"intro/school/art/design","scopeData":{"@type":"general","uniq_id":"intro/school/art/design","title":"设计学类介绍","digest":"设计学类采取大类招生，会在大一上学期结束时分专业，共有四个专业，分别为: 服装设计、环境艺术设计、数字媒体设计、视觉传达设计。","thumbs":["https://mp.innenu.com/img/inNENU.jpg"],"tags":["专业简介"]}}