{"title":"学校机构说明","grey":true,"author":"Mr.Hope","time":"2020年9月1日","shareable":true,"content":[{"tag":"list","content":[{"text":"党委学生工作部","icon":"student","base64Icon":"student","path":"intro/apartment/student/index"},{"text":"学生心理健康教育中心","icon":"psychology","base64Icon":"psychology","path":"intro/apartment/psychology"},{"text":"学校办公室","icon":"office","base64Icon":"office","path":"intro/apartment/office"},{"text":"校团委","icon":"league","base64Icon":"league","path":"intro/apartment/youthLeague"},{"text":"后勤管理处","icon":"wrench","base64Icon":"wrench","path":"intro/apartment/logistics"},{"text":"校医院","icon":"about","base64Icon":"about","path":"intro/apartment/hospital/index"},{"text":"保卫科","icon":"shield","base64Icon":"shield","path":"intro/apartment/defend"},{"text":"其他机构正在制作中","icon":"more","base64Icon":"more"}]}],"images":[],"id":"intro/apartment/index","scopeData":{"@type":"general","uniq_id":"intro/apartment/index","title":"学校机构说明","digest":"","thumbs":["https://mp.innenu.com/img/inNENU.jpg"],"tags":[]}}