{"title":"政法学院","grey":true,"author":"Mr.Hope","time":"2020年8月6日","shareable":true,"content":[{"tag":"list","content":[{"text":"学院简介","icon":"about","path":"intro/school/politics//intro"},{"text":"专业介绍","icon":"info","path":"intro/school/politics//enroll"}]}],"images":[],"id":"intro/school/politics/index","scopeData":{"@type":"general","uniq_id":"intro/school/politics/index","title":"政法学院","digest":"","thumbs":["https://mp.innenu.com/img/inNENU.jpg"],"tags":[]}}