{"title":"学科介绍","author":"Mr.Hope","time":"2021年7月9日","shareable":true,"content":[{"tag":"title","text":"学科建设"},{"tag":"p","text":["学院建院以来，不断加强学科建设，坚持多学科交叉融合，积极探寻学院办学的学科生长点。学院目前拥有政治学一级学科博士点，法学、公共管理学一级学科硕士点；同时拥有政治学、法学吉林省优势重点学科，思想政治教育国家级本科特色专业，思想政治教育、法学、行政管理学吉林省特色品牌专业。","根据2017年度上海软科发布的中国最好学科排名情况，学院政治学、法学、公共管理学全部进入中国最好学科排名前50%，其中，政治学学科进入前25%，教育部第四轮学科评估，政治学学科排名为前25%。"],"style":"text-indent: 1.5em; "}],"images":[],"id":"intro/school/politics/subject","scopeData":{"@type":"general","uniq_id":"intro/school/politics/subject","title":"学科介绍","digest":"学院建院以来，不断加强学科建设，坚持多学科交叉融合，积极探寻学院办学的学科生长点。学院目前拥有政治学一级学科博士点，法学、公共管理学一级学科硕士点；同时拥有政治学、法学吉林省优势重点学科，思想政治教育国家级本科特色专业，思想政治教育、法学、","thumbs":["https://mp.innenu.com/img/inNENU.jpg"],"tags":["学科建设"]}}