{"title":"化学学院专业","author":"Mr.Hope","time":"2020年8月6日","shareable":true,"content":[{"tag":"title","text":"本科招生概况"},{"tag":"text","type":"ul","text":["生物科学(公费师范): ￥0/年","生物科学类: ￥3850/年"]},{"tag":"text","type":"p","text":["2020 年生命科学学院开始大类招生，生物学类会在开学后分为生物科学和生物技术两个专业。"],"style":"text-indent: 1.5em; "},{"tag":"text","text":["更多介绍还待补充"],"style":"color: #888;font-size: 14px;"},{"tag":"title","text":"硕士研究生招生概况"},{"tag":"img","src":"https://mp.innenu.com/img/school/biology-master.png"},{"tag":"text","heading":"招生负责人"},{"tag":"phone","fName":"刘","lName":"丹平","num":"0431-85099590","org":"东北师范大学生命科学学院","title":"硕士研究生招生负责人","street":"吉林省长春市人民大街5268号","postCode":"130024","email":"liudp669@nenu.edu.cn"}],"images":["https://mp.innenu.com/img/school/biology-master.png"],"id":"intro/school/biology/enroll","scopeData":{"@type":"general","uniq_id":"intro/school/biology/enroll","cover":"https://mp.innenu.com/img/school/biology-master.png","title":"化学学院专业","digest":"生物科学(公费师范): ￥0/年 生物科学类: ￥3850/年2020 年生命科学学院开始大类招生，生物学类会在开学后分为生物科学和生物技术两个专业。更多介绍还待补充招生负责人 ","thumbs":["https://mp.innenu.com/img/school/biology-master.png"],"tags":["本科招生概况","硕士研究生招生概况"]}}