{"title":"校园网","grey":true,"author":"Mr.Hope","time":"2020年9月1日","shareable":true,"content":[{"tag":"text","heading":"校园网简介","type":"p","text":["当您在校内时，可以使用校园网来进行上网。由于校园内人数众多，在日常使用时，可能会偶尔出现网速波动、延迟上升、网络不稳的情况，请您不要惊慌，这太正常了，就像您每天都要吃饭喝水一样。(•̀ω•́)✧","不过总体上来说，除了晚上用网高峰期可能网速不会太高，延迟会上升到 50ms - 100ms(毕竟寝室楼那么多人)之外，其他的都挺好。(仅代表本部)","很多系统只针对校园网内部开放，比如图书馆数据库、选课系统、本科教学服务系统等。"],"style":"text-indent: 1.5em; "},{"tag":"list","header":"了解更多","content":[{"text":"认证相关","icon":"/icon/about.svg","base64Icon":"about","path":"guide/network/authorize"},{"text":"有线上网","icon":"/module/icon/ethernet.svg","base64Icon":"ethernet","path":"guide/network/lan"},{"text":"无线上网","icon":"/module/icon/wifi.svg","base64Icon":"wifi","path":"guide/network/wlan"},{"text":"计费","icon":"/module/icon/pay.svg","base64Icon":"pay","path":"guide/network/fee"},{"text":"统一身份认证","icon":"/icon/about.svg","base64Icon":"about","path":"guide/account/authorize"}]},{"tag":"list","header":"校外访问","content":[{"text":"VPN 介绍","icon":"/module/icon/vpn.svg","base64Icon":"vpn","path":"guide/network/vpn"},{"text":"校外访问知网","icon":"/module/icon/cnki.svg","base64Icon":"cnki","path":"guide/network/CNKI"}]}],"images":[],"id":"guide/network/index","scopeData":{"@type":"general","uniq_id":"guide/network/index","title":"校园网","digest":"校园网简介 当您在校内时，可以使用校园网来进行上网。由于校园内人数众多，在日常使用时，可能会偶尔出现网速波动、延迟上升、网络不稳的情况，请您不要惊慌，这太正常了，就像您每天都要吃饭喝水一样。(•̀ω•́)✧ 不过总体上来说，除了晚上用网高峰","thumbs":["https://mp.innenu.com/img/inNENU.jpg"],"tags":[]}}