{"title":"寝室选择","author":"Mr.Hope","time":"2021年7月15日","shareable":true,"content":[{"tag":"text","type":"info","heading":"是否可以自主选择寝室","text":["不可以"]},{"tag":"title","text":"寝室分配"},{"tag":"p","text":["寝室的具体分配由辅导员全权负责，会在开学前分好。","分配寝室的主要原则为男女分寝和同专业同寝。另外大部分学院分配寝室的原则均为同地不同室，也就是说您的老乡不会成为您的室友。在满足条件的情况下，辅导员会完全随机分配(毕竟也都不认识你们)。","同地不同室的分配有助于寝室之间关系和睦，大家也能够更加了解并尊重其他地区同学的生活习惯，减少寝室之间因地域不同、生活习惯不同、做事风格不同等原因造成的冲突和对立的可能。"],"style":"text-indent: 1.5em; "},{"tag":"title","text":"住宿费"},{"tag":"p","text":["寝室不可选择，只能等学校分配结果。住宿费和寝室环境、寝室面积和寝室楼层挂钩。根据住宿条件的不同，在 600 - 1200 元之间。"],"style":"text-indent: 1.5em; "}],"images":[],"id":"guide/dorm/choose","scopeData":{"@type":"general","uniq_id":"guide/dorm/choose","title":"寝室选择","digest":"是否可以自主选择寝室 不可以寝室的具体分配由辅导员全权负责，会在开学前分好。 分配寝室的主要原则为男女分寝和同专业同寝。另外大部分学院分配寝室的原则均为同地不同室，也就是说您的老乡不会成为您的室友。在满足条件的情况下，辅导员会完全随机分配(","thumbs":["https://mp.innenu.com/img/inNENU.jpg"],"tags":["寝室分配","住宿费"]}}