{"title":"经济与管理学院介绍","desc":"来源: 东北师范大学经济与管理学院官网","shareable":true,"content":[{"tag":"title","text":"学院简介"},{"tag":"p","text":["东北师范大学是国内较早开设经济管理学科的高校之一，最早可追溯至 1986 年成立的经济管理系。历经国际工商管理学院(1994 年成立)、商学院和经济学院(2004 年分立)。2019 年 8 月经济与管理学院成立，目前是东北师范大学办学规模最大的学院。"],"style":"text-indent: 1.5em; "},{"tag":"media","type":"video","src":"http://bs.nenu.edu.cn/__local/4/EC/2D/C5B50CEA39BD5EFFEE9FCEBD788_C8A431AF_3E9A38.mp4?e=.mp4"},{"tag":"title","text":"师资力量"},{"tag":"p","text":["学院拥有一批潜心教学和扎根中国大地做研究的教师队伍。专任教师 77 人，教授 24 人，副教授 36 人，博士生导师 17 人，其中 50% 以上的教师有海外交流学习经历。"],"style":"text-indent: 1.5em; "},{"tag":"title","text":"学科建设"},{"tag":"p","text":["学院目前设有企业管理系、会计学、金融学、经济学四个系，开设人力资源管理、市场营销、会计学、金融学和经济学5个本科专业，其中会计学专业设有教育部批准的与美国南伊利诺伊大学合作的中美合作项目。学院“以本为本”，人才培养质量得到社会的高度认可。学院的会计学专业为国家级特色专业，金融学为国家一流本科专业，人力资源管理专业为吉林省特色专业。","学院设有工商管理、应用经济学、理论经济学三个一级学科硕士点、拥有工商管理硕士(MBA)、会计硕士(MPAcc)、金融硕士和保险硕士4个专业学位硕士点，拥有应用经济学一级学科博士授权点和应用经济学、理论经济学博士后科研流动站。工商管理和应用经济学为吉林省十三五特色高水平A类建设学科，理论经济学吉林省十三五特色高水平B类建设学科。","以教为本，以研为翼。学院有着浓厚的学术研究氛围与能力，近五年来学院教师先后承担国家社科基金重点项目、社科基金面上项目、国家自然科学基金项目、教育部人文社科基金项目 30 余项；在《经济研究》、《管理世界》等学术期刊发表高水平论文近百余篇。利用学科优势，学院教师承担地方政府、省内外企业委托研究项目近百项。","根植东北师范大学的厚德广誉和红色基因，我院为国家和社会培养了一大批“学高身正”的经济与管理人才，得到了社会和用人单位的高度认可，其中有中国各行业领先企业的高级经理人，有德欣仁厚的创业者，有扎根中国大地知名学者和一心为民的政府高级公务人员。"],"style":"text-indent: 1.5em; "},{"tag":"title","text":"联系方式"},{"tag":"ul","text":["地址: 长春市净月大街2555号","邮政编码: 130117","电话: 0431-84536036"]},{"tag":"phone","fName":"经济与管理学院","num":"0431-84536036","org":"东北师范大学","street":"吉林省长春市净月大街 2555 号","postCode":"130117"}],"images":[],"id":"intro/school/economy/intro","scopeData":{"@type":"general","uniq_id":"intro/school/economy/intro","title":"经济与管理学院介绍","digest":"东北师范大学是国内较早开设经济管理学科的高校之一，最早可追溯至 1986 年成立的经济管理系。历经国际工商管理学院(1994 年成立)、商学院和经济学院(2004 年分立)。2019 年 8 月经济与管理学院成立，目前是东北师范大学办学规模","thumbs":["https://mp.innenu.com/img/inNENU.jpg"],"tags":["学院简介","师资力量","学科建设","联系方式"]}}