{"title":"国际政治专业","desc":"来源: 政法学院官网","time":"2021年7月4","shareable":true,"content":[{"tag":"title","text":"专业目标"},{"tag":"p","text":["旨在培养面向国际社会和我国现代化建设，从事企事业单位、政府机关、新闻媒体的涉外管理、宣传、服务、咨询、报道等工作的具有国际政治、国际关系基本知识和较强实践能力的通用型涉外人才。"],"style":"text-indent: 1.5em; "},{"tag":"title","text":"专业介绍"},{"tag":"p","text":["国际政治本科专业于2002年11月获教育部批准，2003年正式面向全国招生。国际政治属非师范专业，基础学制4年，旨在“培养面向世界、具有扎实理论功底、较强实践能力和较高外语水平的通用型涉外人才”。课程体系设置遵循国际政治专业教育教学一般规律，并结合我校所处地理区位特点而突出东北亚研究特色，结构合理、特色鲜明。国际政治专业教师的科研领域主要集中在区域合作理论与实践研究、东北亚研究、文化与国际政治研究、大国关系研究、冷战与国际关系研究等领域，近年来承担省部级以上科研项目9项，出版专著8部，发表CSSCI论文20余篇。重视国内外学术交流，每年均有教师参加国际学术会议。积极参与“全国高校国际政治研究会”的学术和教学研究活动，高英彤教授担任该会常务理事，王媛为理事。","在教育教学实践中，国际政治专业高度重视学生培养，从建立伊始，就确立了“强化外语、强化指导、强化实践”的学生培养方针，并取得了显著成果。毕业生就业率较高，在就业单位受到普遍好评。"],"style":"text-indent: 1.5em; "},{"tag":"title","text":"就业方向"},{"tag":"p","text":["企事业单位、政府机关、新闻媒体的涉外管理、宣传、服务、咨询、报道等岗位。"],"style":"text-indent: 1.5em; "}],"images":[],"id":"intro/school/politics/international","scopeData":{"@type":"general","uniq_id":"intro/school/politics/international","title":"国际政治专业","digest":"旨在培养面向国际社会和我国现代化建设，从事企事业单位、政府机关、新闻媒体的涉外管理、宣传、服务、咨询、报道等工作的具有国际政治、国际关系基本知识和较强实践能力的通用型涉外人才。国际政治本科专业于2002年11月获教育部批准，2003年正式面","thumbs":["https://mp.innenu.com/img/inNENU.jpg"],"tags":["专业目标","专业介绍","就业方向"]}}