{"title":"考试","grey":true,"author":"Mr.Hope","time":"2020年7月17日","shareable":true,"content":[{"tag":"list","header":"体测","content":[{"text":"体测简介","icon":"/module/icon/basketball.svg","base64Icon":"basketball","path":"guide/exam/pe-test/intro"},{"text":"测试成绩说明","icon":"/module/icon/info.svg","base64Icon":"info","path":"guide/exam/pe-test/explain"},{"text":"测试项目评分表","icon":"/module/icon/score.svg","base64Icon":"score","path":"guide/exam/pe-test/score"},{"text":"申请免测/缓测的条件及程序","icon":"/module/icon/apply.svg","base64Icon":"apply","path":"guide/exam/pe-test/exempt"}]},{"tag":"list","header":"英语","content":[{"text":"分班考试","icon":"/module/icon/test.svg","base64Icon":"test","path":"guide/exam/grading-exam"},{"text":"东北师范大学英语水平测试","desc":"DET","icon":"/module/icon/english.svg","base64Icon":"english","path":"guide/course/english/DET"},{"text":"四六级报考","icon":"/module/icon/CET.svg","base64Icon":"CET","path":"guide/exam/CET"}]},{"tag":"list","header":"计算机","content":[{"text":"计算机等级考试说明","icon":"/module/icon/office.svg","base64Icon":"office","path":"guide/exam/NCRE/intro"}]}],"images":[],"id":"guide/exam/index","scopeData":{"@type":"general","uniq_id":"guide/exam/index","title":"考试","digest":"","thumbs":["https://mp.innenu.com/img/inNENU.jpg"],"tags":[]}}