{"title":"就业","author":"Mr.Hope","time":"2021年6月27日","grey":true,"shareable":true,"content":[{"tag":"list","header":"常见问题","content":[{"text":"毕业生常见问题","icon":"faq","path":"guide/job/graduate"},{"text":"毕业材料及办理相关部门","icon":"apartment","path":"guide/job/apartment"}]},{"tag":"list","header":"签约协议","content":[{"text":"就业协议书介绍","icon":"about","desc":"三方协议","path":"guide/job/agreement/intro"},{"text":"就业协议签订指南","icon":"advice","path":"guide/job/agreement/instruction"},{"text":"签订注意事项","icon":"info","path":"guide/job/agreement/attention"}]}],"images":[],"id":"guide/job/index","scopeData":{"@type":"general","uniq_id":"guide/job/index","title":"就业","digest":"","thumbs":["https://mp.innenu.com/img/inNENU.jpg"],"tags":[]}}