{"title":"就业","author":"Mr.Hope","time":"2021年6月27日","grey":true,"shareable":true,"content":[{"tag":"list","header":"常见问题","content":[{"text":"毕业生常见问题","icon":"faq","path":"guide/job/graduate"},{"text":"毕业材料及办理相关部门","icon":"apartment","path":"guide/job/apartment"},{"text":"毕业推荐表","icon":"gpa","path":"guide/job/recommendation"}]},{"tag":"list","header":"签约协议","content":[{"text":"就业协议书介绍","icon":"about","desc":"三方协议","path":"guide/job/agreement/intro"},{"text":"就业协议签订指南","icon":"advice","path":"guide/job/agreement/instruction"},{"text":"签订注意事项","icon":"info","path":"guide/job/agreement/attention"}]},{"tag":"list","header":"常见名词与相应政策","content":[{"text":"五险一金","path":"guide/job/defination/insurance"},{"text":"试用期和见习期","path":"guide/job/defination/internship"},{"text":"合同","path":"guide/job/defination/contract"},{"text":"灵活就业","path":"guide/job/defination/flexible"},{"text":"灵活就业","path":"guide/job/defination/flexible"},{"text":"人事代理制度","path":"guide/job/defination/personnel-agency"}]},{"tag":"list","header":"派遣","content":[{"text":"派遣介绍","path":"guide/job/dispatch/intro"},{"text":"报到证","path":"guide/job/dispatch/dispath-id"},{"text":"改派","path":"guide/job/dispatch/change"},{"text":"丢失报到证","path":"guide/job/dispatch/lost"}]}],"images":[],"id":"guide/job/index","scopeData":{"@type":"general","uniq_id":"guide/job/index","title":"就业","digest":"","thumbs":["https://mp.innenu.com/img/inNENU.jpg"],"tags":[]}}