{"title":"二食堂","desc":"概况部分来自东北师范大学后勤保障部官网\n特别鸣谢苏凛提供相关照片和信息","author":"Mr.Hope","time":"2021年7月24日","shareable":true,"content":[{"tag":"p","heading":"概况","text":["净月校区学生二食堂于2002年8月建成投入使用，共两层，使用面积6000平方米，与图书馆和夏华楼相邻，由吉林省美晨商务有限公司经营管理至今。二食堂于 2019 年暑假期间进行了装修，学生二食堂二层为基本伙食区，能容纳800人就餐；三层全部为特色档口区，能容纳1000人就餐。","服务电话:"],"style":"text-indent: 1.5em; "},{"tag":"phone","num":"0431-84536056","fName":"二食堂服务电话","org":"东北师范大学"},{"tag":"img","src":"https://mp.innenu.com/img/dining/jingyueDining2.jfif"},{"tag":"title","text":"一楼"},{"tag":"text","text":["快递中心、超市、复印店、美妆店、杂货店、电子设备维修店"]},{"tag":"title","text":"二楼"},{"tag":"text","text":["主要为基本餐，还有一家“不二格米粉”。"]},{"tag":"text","type":"tip","text":["米粉超级好吃"]},{"tag":"text","heading":"基本餐供应时间","text":["早: 06:30 — 08:30 (供应包子、饼、粥、豆浆等)","午: 11:00 — 12:30","晚: 16:00 — 18:00","米饭 ￥0.5/碗，素菜 ￥1-3/份，荤菜 ￥3-4/半份，吃一顿一荤两素的午晚餐大约是 ￥7，吃一顿小菜 + 包子 + 粥的早餐大概在 ￥5。"]},{"tag":"img","src":"https://mp.innenu.com/img/dining/jingyueDining2Basic.png"},{"tag":"title","text":"三楼"},{"tag":"text","heading":"营业时间","text":["6:00 - 22:00"]},{"tag":"img","src":"https://mp.innenu.com/img/dining/jingyueDining2Window.png","desc":"二食堂三楼平面图"},{"tag":"img","src":"https://mp.innenu.com/img/dining/jingyueDining2Env.jfif"},{"tag":"img","src":"https://mp.innenu.com/img/dining/jingyueDining2Env2.jfif"},{"tag":"p","text":["二食堂三楼选择较多，口味也不错，可以自己一个人吃，几个人一起吃也可以点炒菜，价格适中，价位在 7-15 元左右，吃一顿饭平均需要 10 元。(还有插座可以充电或者在人少时自习)"],"style":"text-indent: 1.5em; "},{"tag":"ul","heading":"店家","text":["灌汤小笼包","麻辣汇","炸鸡汉堡","烤肉木桶饭","香煎扒肉饭","旋转小火锅"]},{"tag":"img","src":"https://mp.innenu.com/img/dining/jingyueDining2-3F.jfif"}],"images":["https://mp.innenu.com/img/dining/jingyueDining2.jfif","https://mp.innenu.com/img/dining/jingyueDining2Basic.png","https://mp.innenu.com/img/dining/jingyueDining2Window.png","https://mp.innenu.com/img/dining/jingyueDining2Env.jfif","https://mp.innenu.com/img/dining/jingyueDining2Env2.jfif","https://mp.innenu.com/img/dining/jingyueDining2-3F.jfif"],"id":"guide/dining/dining-2","scopeData":{"@type":"general","uniq_id":"guide/dining/dining-2","cover":"https://mp.innenu.com/img/dining/jingyueDining2.jfif","title":"二食堂","digest":"概况 净月校区学生二食堂于2002年8月建成投入使用，共两层，使用面积6000平方米，与图书馆和夏华楼相邻，由吉林省美晨商务有限公司经营管理至今。二食堂于 2019 年暑假期间进行了装修，学生二食堂二层为基本伙食区，能容纳800人就餐；三层","thumbs":["https://mp.innenu.com/img/dining/jingyueDining2.jfif","https://mp.innenu.com/img/dining/jingyueDining2Basic.png","https://mp.innenu.com/img/dining/jingyueDining2Window.png","https://mp.innenu.com/img/dining/jingyueDining2Env.jfif","https://mp.innenu.com/img/dining/jingyueDining2Env2.jfif","https://mp.innenu.com/img/dining/jingyueDining2-3F.jfif"],"tags":["一楼","二楼","三楼"]}}