{"title":"附属幼儿园北门","author":"Mr.Hope","time":"2020年9月1日","content":[{"tag":"title","text":"简介"},{"tag":"p","text":["这个门是位于幼儿园西侧的小门，该门出去就是自由大路。"],"style":"text-indent: 1.5em; "}],"images":[],"id":"map/benbu/gate/llittle-north","scopeData":{"@type":"general","uniq_id":"map/benbu/gate/llittle-north","title":"附属幼儿园北门","digest":"这个门是位于幼儿园西侧的小门，该门出去就是自由大路。","thumbs":["https://mp.innenu.com/img/inNENU.jpg"],"tags":["简介"]}}