{"title":"音乐学院招生","author":"Mr.Hope","time":"2021年7月9日","shareable":true,"content":[{"tag":"title","text":"本科招生情况"},{"tag":"ul","text":["音乐学院设有音乐学(声乐)、音乐学(声乐,师范)、音乐学(钢琴)、音乐学(钢琴,师范)、音乐学(器乐)、舞蹈编导六个专业。","学费均为 12000 元/年"]},{"tag":"text","heading":"专业介绍视频"},{"tag":"media","type":"video","src":"http://zsb.nenu.edu.cn/__local/5/2B/23/1F7FB8F33E6AC2D2D7C5594DAD5_8C4A13F1_12D41BC7.mp4?e=.mp4"},{"tag":"title","text":"硕士研究生招生概况"},{"tag":"img","src":"https://mp.innenu.com/img/enroll/music-master.png","desc":"2021年招生信息"},{"tag":"phone","header":"硕士研究生招生咨询电话","fName":"志伟","lName":"孙","num":"0431-84536636","org":"东北师范大学音乐学院","title":"硕士研究生招生负责人","street":"吉林省长春市净月大街 2555 号","postCode":"130117","email":"sunzw223@nenu.edu.cn"}],"images":["https://mp.innenu.com/img/enroll/music-master.png"],"id":"intro/school/music/enroll","scopeData":{"@type":"general","uniq_id":"intro/school/music/enroll","cover":"https://mp.innenu.com/img/enroll/music-master.png","title":"音乐学院招生","digest":"音乐学院设有音乐学(声乐)、音乐学(声乐,师范)、音乐学(钢琴)、音乐学(钢琴,师范)、音乐学(器乐)、舞蹈编导六个专业。 学费均为 12000 元/年专业介绍视频 ","thumbs":["https://mp.innenu.com/img/enroll/music-master.png"],"tags":["本科招生情况","硕士研究生招生概况"]}}