{"title":"轨道交通运营地点及时间","author":"Mr.Hope","time":"2021年7月15日","shareable":true,"content":[{"tag":"title","text":"一号线"},{"tag":"img","src":"https://mp.innenu.com/img/check/subway-schedule.jpg","desc":"地铁一号线运营时间"},{"tag":"img","src":"https://mp.innenu.com/img/check/subway-stop.jpg","desc":"地铁一号线途经站点"},{"tag":"title","text":"二号线"},{"tag":"text","text":["制作中..."]}],"images":["https://mp.innenu.com/img/check/subway-schedule.jpg","https://mp.innenu.com/img/check/subway-stop.jpg"],"id":"guide/life/traffic/open-time","scopeData":{"@type":"general","uniq_id":"guide/life/traffic/open-time","cover":"https://mp.innenu.com/img/check/subway-schedule.jpg","title":"轨道交通运营地点及时间","digest":"制作中...","thumbs":["https://mp.innenu.com/img/check/subway-schedule.jpg","https://mp.innenu.com/img/check/subway-stop.jpg"],"tags":["一号线","二号线"]}}