{"title":"马克思主义学部","author":"Mr.Hope","time":"2020年9月1日","photo":["https://mp.innenu.com/img/school/marxism.jpg","https://mp.innenu.com/img/school/marxism1.jpg"],"content":[{"tag":"list","content":[{"text":"学院简介","path":"intro/school/marx/intro"},{"text":"招生介绍","path":"intro/school/marx/enroll"}]}],"images":[],"id":"map/benbu/school/marx","scopeData":{"@type":"general","uniq_id":"map/benbu/school/marx","title":"马克思主义学部","digest":"","thumbs":["https://mp.innenu.com/img/inNENU.jpg"],"tags":[]}}