{"title":"DET","author":"Mr.Hope","time":"2021年7月4","shareable":true,"content":[{"tag":"text","type":"p","text":["DET，全称东北师范大学英语水平测试。根据《东北师范大学大学外语教学计划》(见附件 1)要求，从 2015 级开始本科生在读期间，需通过“东北师范大学英语水平测试”(DET)(普通类、术科类)，否则无法获得东北师范大学学士学位证书。"],"style":"text-indent: 1.5em; "},{"tag":"text","text":["也就是说，如果一直无法通过(不及格)这个考试是没法拿到学位证的。"],"style":"color: red;font-size: 14px;"},{"tag":"title","text":"测试对象"},{"tag":"ul","text":["大学英语水平测试(普通类)主体测试对象: 2017级、2018、2019级、2020级非术科类专业的学生。","大学英语水平测试(术科类)主体测试对象: 2017级、2018级、2019级、2020级术科类专业以及民族班的学生。"]},{"tag":"text","text":["注: 术科类专业以及民族班范围定义如下:"],"style":"color: #888;font-size: 14px;"},{"tag":"ol","text":["按照艺术、体育类录取的学生","按照高水平运动员录取的学生","少数民族预科班(民考民)二年升入的学生","新疆、西藏内地班录取的学生","西藏地区按照少数民族录取线录取的学生"],"style":"color: #888;font-size: 14px;"},{"tag":"text","text":["另外，外国语学院、高考外语语种非英语以及中外合作办学类专业(计算机科学与技术(中美合作)除外)的学生不需参加此项考试。"]},{"tag":"title","text":"报名方式"},{"tag":"ol","text":["非大一年级学生自愿报名参加。报名方式为登录本科教学服务系统进入“考试管理”，点击“专项考试报名”，选择参加对应英语水平测试即可。","9 月大学英语水平测试同时具有英语分级教学的测试功能，因此大一年级学生除外国语学院、高考外语语种非英语以及中外合作办学类专业(计算机科学与技术(中美合作)除外)的学生不需参加此项考试外，其他学生须全部参加考试。报名手续由学校统一进行，无须单独报名。"]},{"tag":"title","text":"考场查询"},{"tag":"text","text":["凡参加大学英语水平测试的学生须登录“本科教学服务系统”查询考场安排。"]},{"tag":"title","text":"相关要求"},{"tag":"text","text":["参加考试的学生，须持本人身份证、学生证(校园一卡通)、准考证按时参加考试，无身份证的不得参加考试。"]}],"images":[],"id":"guide/course/english/DET","scopeData":{"@type":"general","uniq_id":"guide/course/english/DET","title":"DET","digest":"DET，全称东北师范大学英语水平测试。根据《东北师范大学大学外语教学计划》(见附件 1)要求，从 2015 级开始本科生在读期间，需通过“东北师范大学英语水平测试”(DET)(普通类、术科类)，否则无法获得东北师范大学学士学位证书。也就是说","thumbs":["https://mp.innenu.com/img/inNENU.jpg"],"tags":["测试对象","报名方式","考场查询","相关要求"]}}