{"title":"本部浴池","author":"Mr.Hope","time":"2021年7月9日","shareable":true,"content":[{"tag":"title","text":"本部地址"},{"tag":"text","text":["学生八舍旁，幼儿园园长培训中心后侧(二楼可以自带吹风机吹头发)。"]},{"tag":"img","src":"https://mp.innenu.com/img/bath/benbu-main.jpg","desc":"本部浴池"},{"tag":"card","type":"web","src":"http://mmbiz.qpic.cn/mmbiz_jpg/s67UCDghNJlhlibFzkZkUTRngzoqWHf1njyuWJRdy2UdGAWn70nUoXQsd6D4qPErpeSXRzesicsAXKbibBl0Et3Ow/0?wx_fmt=jpeg","url":"https://mp.weixin.qq.com/s/GnuYJvu6MHkjzx6vV96D8g","title":"叮! 您有一份浴池攻略请查收!","desc":"听说新开张的浴池挺不错呦~","logo":"https://mp.innenu.com/img/nenuyouth.png","name":"东师青年"},{"tag":"title","text":"开放时间"},{"tag":"text","text":["8:00 ~ 22:00","每月15日、30日上午检修"]},{"tag":"title","text":"校外浴池"},{"tag":"p","text":["三舍东边就是吉林省雪立方摩尔运动中心有限公司，内部洗浴条件很不错，有隔间，带学生证可以打折，价格是洗浴 ￥18/人，搓澡 ￥12/人。"],"style":"text-indent: 1.5em; "}],"images":["https://mp.innenu.com/img/bath/benbu-main.jpg"],"id":"guide/bath/benbu","scopeData":{"@type":"general","uniq_id":"guide/bath/benbu","cover":"https://mp.innenu.com/img/bath/benbu-main.jpg","title":"本部浴池","digest":"学生八舍旁，幼儿园园长培训中心后侧(二楼可以自带吹风机吹头发)。8:00 ~ 22:00 每月15日、30日上午检修三舍东边就是吉林省雪立方摩尔运动中心有限公司，内部洗浴条件很不错，有隔间，带学生证可以打折，价格是洗浴 ￥18/人，搓澡 ￥","thumbs":["https://mp.innenu.com/img/bath/benbu-main.jpg"],"tags":["本部地址","开放时间","校外浴池"]}}