{"title":"个人区域介绍","author":"Mr.Hope","time":"2021年7月4","shareable":true,"content":[{"tag":"title","text":"寝室设计"},{"tag":"text","type":"p","text":["均为上床下桌设计"],"style":"text-indent: 1.5em; "},{"tag":"title","text":"床铺"},{"tag":"ol","text":["床铺尺寸: 长 1.9m - 2m，宽 0.85m - 0.9m","床铺外侧护栏，尺寸为: 长 120cm 高24cm"]},{"tag":"text","text":["2m × 0.9m 是厂家给的数据，是算上了中间的木质床板 + 外围的金属框的。","床板的尺寸为 1.9m × 0.85m。","排除掉护栏，前后的蚊帐架后，实际可铺尺寸约为 1.94m × 0.86m","(尺寸仅供参考)"],"style":"color: #888;font-size: 14px;"},{"tag":"title","text":"衣柜"},{"tag":"text","type":"p","text":["桌边有衣柜，衣柜尺寸为 57cm × 56cm × 157cm。","衣柜同常见的普通衣柜，中上部有一横档，下部分空间有挂衣服的横梁。","衣柜门上有锁孔，可以自备小锁。"],"style":"text-indent: 1.5em; "},{"tag":"title","text":"书桌介绍"},{"tag":"text","type":"p","text":["寝室书桌长度约为 121cm，宽度约为 57cm，离地高 75cm。","寝室书桌靠墙一面有书架设计，桌下设有键盘板，膝盖处里面有一横档。","与柜子相对一侧有抽屉，抽屉设有锁孔。抽屉下方有空格，可放置行李箱(≤ 28 寸)"],"style":"text-indent: 1.5em; "},{"tag":"title","text":"供电"},{"tag":"text","type":"p","text":["每个床位脚边墙壁上均配备一三孔插座与一双孔插座用于供电。\"","寝室照明灯有三组，两个对着的床铺由一组灯照明，三组灯独立开关均在门口。"],"style":"text-indent: 1.5em; "},{"tag":"title","text":"现有物品"},{"tag":"text","type":"p","text":["寝室方面已经为同学们准备了褥子，就是那种在军营里常见的比较薄的绿褥子。至于被子、床单、枕头等，需要大家自行准备。"],"style":"text-indent: 1.5em; "},{"tag":"title","text":"体育学院"},{"tag":"text","type":"p","text":["由于实行半军事化管理，学院会在开学统一组织购买床单被罩，您只需要提前准备 200cm × 150cm 的被芯和 74cm × 48cm 的枕芯。"],"style":"text-indent: 1.5em; "},{"tag":"title","text":"Mr.Hope の提示"},{"tag":"ul","text":["寝室的抽屉和柜门上的锁孔较小，请勿备大锁(年年都有锁买大了锁眼插不进去的，虽然大铁锁看起来很安全，不至于、不至于)。","柜门和抽屉上锁的目的主要是防止外来人员混入寝室实施盗窃，也可以防止保卫处、学生处查寝时打开您的柜子、抽屉违禁物品(如果您不锁的话保卫处会一般拉开看一眼检查一下，一般不会翻)。所以请各位少爷小姐们务必务必务必不要掩耳盗铃，随手就把备用钥匙往您的褥子底下一压或者放在书架上hhh，那您还不如不锁了省得麻烦。"]}],"images":[],"id":"guide/dorm/detail/person","scopeData":{"@type":"general","uniq_id":"guide/dorm/detail/person","title":"个人区域介绍","digest":"均为上床下桌设计2m × 0.9m 是厂家给的数据，是算上了中间的木质床板 + 外围的金属框的。 床板的尺寸为 1.9m × 0.85m。 排除掉护栏，前后的蚊帐架后，实际可铺尺寸约为 1.94m × 0.86m (尺寸仅供参考)桌边有衣柜","thumbs":["https://mp.innenu.com/img/inNENU.jpg"],"tags":["寝室设计","床铺","衣柜","书桌介绍","供电","现有物品","体育学院","Mr.Hope の提示"]}}