{"title":"社团","author":"Mr.Hope","time":"2020年8月1日","grey":true,"shareable":true,"content":[{"tag":"list","header":"本部校区","content":[{"text":"卓音网络工作室","icon":"https://mp.innenu.com/img/corporation/joinin.png","path":"guide/association/joinin"},{"text":"大学生记者团","icon":"https://mp.innenu.com/img/corporation/jizhetuan.png","path":"guide/association/news-group"},{"text":"东北师范大学国际学生交流协会","icon":"https://mp.innenu.com/img/corporation/NISA.png","path":"guide/association/NISA"},{"text":"师说曲艺社","icon":"https://mp.innenu.com/img/corporation/quyi.png","path":"guide/association/shishuoquyi"},{"text":"青音吉他社","path":"guide/association/guitar"},{"text":"“V·梦”创新创业协会","path":"guide/association/Vdream"},{"text":"科技爱好者协会","path":"guide/association/technology"},{"text":"天宇协会","path":"guide/association/astronomy"}]},{"tag":"list","header":"净月校区","content":[{"text":"5A职业发展协会","icon":"https://mp.innenu.com/img/corporation/5Alogo.png","path":"guide/association/5A"},{"text":"师说曲艺社","icon":"https://mp.innenu.com/img/corporation/quyi.png","path":"guide/association/shishuoquyi"}]},{"tag":"card","type":"web","src":"http://mmbiz.qpic.cn/mmbiz_jpg/s67UCDghNJlAuMMiaXtJYEicDBPUsFsX0v1NNqGR9C0KDt5wvwUkYIVOaEptibm6tZgmCqSKXib4WzK4eC5N7IH1Mg/0?wx_fmt=jpeg","url":"https://mp.weixin.qq.com/s/Rxckd5aWI1iJ8C8ZLfaOkQ","title":"东师最全学生社团一览，快来pick你的心动选手吧!","desc":"校会妞带你看今日学生社团文化巡展精彩瞬间","logo":"https://mp.innenu.com/img/nenuyouth.png","name":"东师青年"},{"tag":"text","type":"p","heading":"入驻说明","text":["欢迎社团入驻本页面，请联系 QQ 1178522294"],"style":"text-indent: 1.5em; "},{"tag":"list","header":"本部入驻中...","content":[{"text":"爱创影视协会","path":"guide/association/update"},{"text":"一米阳光支教团","path":"guide/association/update"},{"text":"彩云支南公益支教团","path":"guide/association/update"},{"text":"数学建模协会","path":"guide/association/update"},{"text":"明日香公益支教团","path":"guide/association/update"},{"text":"绿色动力环保志愿者协会","path":"guide/association/update"},{"text":"锅庄舞协会","path":"guide/association/update"},{"text":"城乡规划协会","path":"guide/association/update"},{"text":"蒙你所爱支教团","path":"guide/association/update"},{"text":"棒垒球协会","path":"guide/association/update"},{"text":"Upset 花式篮球俱乐部","path":"guide/association/update"},{"text":"足球裁判协会","path":"guide/association/update"},{"text":"翩鸿汉服社","path":"guide/association/update"},{"text":"史学协会","path":"guide/association/update"},{"text":"爱踏足旅游协会","path":"guide/association/update"},{"text":"清雨坊书画协会","path":"guide/association/update"},{"text":"思鹄女子足球俱乐部","path":"guide/association/update"},{"text":"法研教育学习社","path":"guide/association/update"},{"text":"千格刀笔油画协会","path":"guide/association/update"},{"text":"塞上未来","path":"guide/association/update"},{"text":"“原”诗社","path":"guide/association/update"},{"text":"中华古诗词吟诵团","path":"guide/association/update"},{"text":"星星辽原支教团","path":"guide/association/update"},{"text":"公费师范生协会","path":"guide/association/update"},{"text":"绿窗文学社","path":"guide/association/update"},{"text":"辅仁国学社","path":"guide/association/update"},{"text":"花儿梦儿童文学协会","path":"guide/association/update"},{"text":"蜀于你支教团","path":"guide/association/update"},{"text":"豫见明天公益支教团","path":"guide/association/update"},{"text":"安之若素古风社团","path":"guide/association/update"},{"text":"红丝带志愿者协会","path":"guide/association/update"},{"text":"D.N.A协会","path":"guide/association/update"},{"text":"疯狂英语秀俱乐部","path":"guide/association/update"},{"text":"英语协会","path":"guide/association/update"},{"text":"全英议会辩论俱乐部","path":"guide/association/update"},{"text":"物理学术竞赛协会","path":"guide/association/update"},{"text":"爱智手工教具社","path":"guide/association/update"},{"text":"黔之行工艺支教团","path":"guide/association/update"},{"text":"心理协会","path":"guide/association/update"},{"text":"风信子心理社会服务社团","path":"guide/association/update"},{"text":"乐群学社","path":"guide/association/update"},{"text":"心桥手语社","path":"guide/association/update"},{"text":"口述历史协会","path":"guide/association/update"}]},{"tag":"list","header":"净月入驻中...","content":[{"text":"马列协会","path":"guide/association/update"},{"text":"三农学社","path":"guide/association/update"},{"text":"烛光映廉学社","path":"guide/association/update"},{"text":"模拟联合国协会","path":"guide/association/update"},{"text":"政法学“习”社","path":"guide/association/update"},{"text":"法学会","path":"guide/association/update"},{"text":"教师教育协会","path":"guide/association/update"},{"text":"心桥手语社","path":"guide/association/update"},{"text":"常青藤公益环保协会","path":"guide/association/update"},{"text":"Idea 精英汇","path":"guide/association/update"},{"text":"绘梦空间","path":"guide/association/update"},{"text":"逗号文学社","path":"guide/association/update"},{"text":"远方有你支教团","path":"guide/association/update"},{"text":"汉语国际传播协会","path":"guide/association/update"},{"text":"集英动漫社","path":"guide/association/update"},{"text":"胖猫滑板社","path":"guide/association/update"},{"text":"辩论协会","path":"guide/association/update"},{"text":"棋类协会","path":"guide/association/update"},{"text":"宇泽爱心公益学校","path":"guide/association/update"},{"text":"新番日语社","path":"guide/association/update"},{"text":"创行协会","path":"guide/association/update"},{"text":"天地人环保协会","path":"guide/association/update"},{"text":"新派电子商务","path":"guide/association/update"},{"text":"疯狂英语秀","path":"guide/association/update"},{"text":"东北师范大学英语协会","path":"guide/association/update"},{"text":"NOMO 合唱团","path":"guide/association/update"},{"text":"D 易音乐社","path":"guide/association/update"},{"text":"天宇协会","path":"guide/association/update"},{"text":"翩鸿汉服社","path":"guide/association/update"},{"text":"夏青朗诵社","path":"guide/association/update"},{"text":"纪录片研究所","path":"guide/association/update"},{"text":"Idea 爱电影协会","path":"guide/association/update"},{"text":"Easybroad 留学生服务协会","path":"guide/association/update"},{"text":"益行青年志愿社","path":"guide/association/update"}]}],"images":[],"id":"guide/association/index","scopeData":{"@type":"general","uniq_id":"guide/association/index","title":"社团","digest":"入驻说明 欢迎社团入驻本页面，请联系 QQ 1178522294","thumbs":["https://mp.innenu.com/img/inNENU.jpg"],"tags":[]}}