{"title":"教务处人员信息","author":"Mr.Hope","time":"2021年7月9日","shareable":true,"content":[{"tag":"list","content":[{"text":"教务处处长人员信息","path":"intro/apartment/course/info/leader"},{"text":"综合办公室","path":"intro/apartment/course/info/complex"},{"text":"教学建设与改革办公室","path":"intro/apartment/course/info/construct"},{"text":"教学运行管理办公室","path":"intro/apartment/course/info/run"},{"text":"学籍管理办公室","path":"intro/apartment/course/info/roll"},{"text":"教学质量管理办公室","path":"intro/apartment/course/info/quality"},{"text":"教学质量管理办公室","path":"intro/apartment/course/info/innovate"},{"text":"本科生招生办公室","path":"intro/apartment/course/info/enroll"},{"text":"净月教务管理办公室","path":"intro/apartment/course/info/jingyue"}]}],"images":[],"id":"intro/apartment/course/info/index","scopeData":{"@type":"general","uniq_id":"intro/apartment/course/info/index","title":"教务处人员信息","digest":"","thumbs":["https://mp.innenu.com/img/inNENU.jpg"],"tags":[]}}