{"title":"无线上网(Wifi)","author":"Mr.Hope","time":"2020年7月18日","shareable":true,"content":[{"tag":"title","text":"联网步骤"},{"tag":"img","src":"https://mp.innenu.com/img/network/wifi.jpg"},{"tag":"text","type":"ol","text":["开启手机/电脑等上的无线网(WLAN)功能，搜索可用无线网信号，搜索结果应该包含 iNENU 2G 与 iNENU 5G","如同时搜索到iNENU-2G、iNENU-5G，推荐连接iNENU-5G，速度体验更佳。","连接无线网后，您需要打开浏览器，输入认证网址可弹出用户认证页面","连网后，计费自动开始，如果网费余额用光则无法通过 WiFi 认证，只能连接上 WiFi 但不能上网。所以如果您发现无法上网，请先排除自己是否欠费。"]},{"tag":"list","header":"认证相关","content":[{"text":"校园网认证","icon":"about","path":"guide/network/authorize"}]},{"tag":"text","type":"ul","heading":"Mr.Hope の提示","text":["苹果手机用户连接 Wifi 时，请您耐心停留在 Wifi 设置页，等待苹果手机自动弹出认证网页界面，认证成功后点击完成方可退出设置。若长时间没有调出认证界面，您可尝试能否上网判断是否自动认证成功，无法上网又不弹出认证界面的情况请点击 Wifi 名称右侧的详情按钮，选择忽略此网络并重新进行连接。","iNENU visitor 是给校外访问我校的人员准备的，需要信息化办注册相关手机号才能使用，未注册的手机号无法登录，所以无需连接。","如果您未搜索到 iNENU-5G，说明您的终端无线适配器不支持 5G 频段或 5G 信号太弱无法搜索到，请您选择 iNENU-2G。","当 5G 信号不满格的时候，建议连接满格的2G，可能网速更高。"]},{"tag":"title","text":"覆盖范围"},{"tag":"text","type":"p","text":["目前学校大部分建筑已覆盖学校的 WiFi，学校校园也有近一半以上区域覆盖了校园网 Wifi，"],"style":"text-indent: 1.5em; "},{"tag":"title","text":"无线网优缺点"},{"tag":"text","type":"p","text":["无线网连接方便快捷，但会存在抖动大、偶发性延时与丢包率激增的情况。所以如果您想稳定地连接网络进行音视频通话或是游玩在线游戏，建议您选择有线网。"],"style":"text-indent: 1.5em; "}],"images":["https://mp.innenu.com/img/network/wifi.jpg"],"id":"guide/network/wlan","scopeData":{"@type":"general","uniq_id":"guide/network/wlan","cover":"https://mp.innenu.com/img/network/wifi.jpg","title":"无线上网(Wifi)","digest":"开启手机/电脑等上的无线网(WLAN)功能，搜索可用无线网信号，搜索结果应该包含 iNENU 2G 与 iNENU 5G 如同时搜索到iNENU-2G、iNENU-5G，推荐连接iNENU-5G，速度体验更佳。 连接无线网后，您需要打开浏览","thumbs":["https://mp.innenu.com/img/network/wifi.jpg"],"tags":["联网步骤","覆盖范围","无线网优缺点"]}}