{"title":"英语","desc":"","time":"2021年7月10日","shareable":true,"content":[{"tag":"title","text":"专业介绍"},{"tag":"p","text":["东北师范大学外国语学院英语专业始建于1960年，1981年英语专业开始招收硕士研究生，2000年增设博士点。该系具有良好的办学传统，坚实的学科基础，精良的师资队伍，在全国享有较高声誉。","英语系现有教师43人，其中教授14名、副教授21名，一半以上教师具有博士学位。英语系教师至今出版了多部在全国有较大影响的学术专著和教材，经常在 SSCI、A&HCI、CSSCI检索期刊发表学术论文，主持了多项国家级和省部级科研项目，多次荣获省级以上教研成果奖。"],"style":"text-indent: 1.5em; "},{"tag":"title","text":"专业方向"},{"tag":"p","text":["含英语语言文学与英语翻译两个专业方向。"],"style":"text-indent: 1.5em; "},{"tag":"p","heading":"英语语言文学","text":["旨在培养具有扎实的英语语言基础知识、较强的英语语言应用能力、良好的人文素质，且具有创新精神和独立从事科学研究能力的高层次研究型英语人才。","以培养高层次英语人才为目标，侧重高级语言技能及研究能力培养。开设听、说、读、写、译等实践技能课，语言学、应用语言学、语用学、系统功能语言学、英美文学、西方文学评论、英美诗歌、跨文化交际等专业理论课程。"],"style":"text-indent: 1.5em; "},{"tag":"p","heading":"英语翻译","text":["旨在培养具有扎实的英汉双语语言基础、娴熟的语言交际能力、广博的文化和商务知识、具有多方面的口、笔译能力，且具有独立承担外事、经贸、新闻媒体、文化与科技交流等方面的口、笔译及其它工作能力的应用型高级翻译人才。","以培养应用型高级翻译人才为目标，开设听、说、读、写等实践技能课，以及多种基础口、笔译课程，包括笔译基础、口译基础、翻译理论与实践、文学翻译、商务翻译、法律翻译、新闻广告翻译、英语演讲与辩论、中国文化传统、交替传译、同声传译等特色课程。"],"style":"text-indent: 1.5em; "},{"tag":"p","text":["本专业英语语言文学和英语翻译两个方向一、二年级课程一致，从第三学年起，设英语语言文学基地班，择优选择学生进入基地班学习，基地班实行本硕一体化培养，学习成绩优秀者可直接推荐免试攻读硕士研究生。"],"style":"text-indent: 1.5em; "}],"images":[],"id":"intro/school/foreign/english","scopeData":{"@type":"general","uniq_id":"intro/school/foreign/english","title":"英语","digest":"东北师范大学外国语学院英语专业始建于1960年，1981年英语专业开始招收硕士研究生，2000年增设博士点。该系具有良好的办学传统，坚实的学科基础，精良的师资队伍，在全国享有较高声誉。 英语系现有教师43人，其中教授14名、副教授21名，一","thumbs":["https://mp.innenu.com/img/inNENU.jpg"],"tags":["专业介绍","专业方向"]}}