{"title":"西北门","author":"Mr.Hope","time":"2020年8月1日","photo":["https://mp.innenu.com/img/scenery/benbu/gate/north-west.jpg"],"content":[{"tag":"title","text":"简介"},{"tag":"text","type":"p","text":["从这个门进去右手边是师大附属幼儿园。平时鲜有车通行。"],"style":"text-indent: 1.5em; "}],"images":[],"id":"map/benbu/gate/north-west","scopeData":{"@type":"general","uniq_id":"map/benbu/gate/north-west","title":"西北门","digest":"从这个门进去右手边是师大附属幼儿园。平时鲜有车通行。","thumbs":["https://mp.innenu.com/img/inNENU.jpg"],"tags":["简介"]}}