{"title":"南门","author":"Mr.Hope","time":"2020年8月1日","photo":["https://mp.innenu.com/img/scenery/benbu/gate/south1.jpg","https://mp.innenu.com/img/scenery/benbu/gate/south2.jpg"],"content":[{"tag":"title","text":"简介"},{"tag":"text","type":"p","text":["南门位于历史文化学院和综合实验楼附近，出了南门就是文昌路，附近有会有一些卖水果的商贩，也是德邦、天天快递、唯品会、当当的快递点。"],"style":"text-indent: 1.5em; "}],"images":[],"id":"map/benbu/gate/south","scopeData":{"@type":"general","uniq_id":"map/benbu/gate/south","title":"南门","digest":"南门位于历史文化学院和综合实验楼附近，出了南门就是文昌路，附近有会有一些卖水果的商贩，也是德邦、天天快递、唯品会、当当的快递点。","thumbs":["https://mp.innenu.com/img/inNENU.jpg"],"tags":["简介"]}}