{"title":"地理科学师范专业","desc":"来源: 地理科学学院官网","time":"2021年7月4","shareable":true,"content":[{"tag":"title","text":"培养目标"},{"tag":"p","text":["地理科学(公费师范)专业方向主要培养具有高尚的人文品格和坚实的科学素养、扎实的地理专业基础知识、宽广的地理科学视野、较强的地理思维和实践能力，掌握现代教育技术，并具有一定教研能力的高中地理教师。","本专业实行理科、文科兼招，本硕一体化培养，学生本科毕业后，经考核符合要求者可直接攻读教育硕士专业学位研究生。"],"style":"text-indent: 1.5em; "},{"tag":"title","text":"主干课程"},{"tag":"ul","text":["高等数学","地球概论","地图学","地质学","地貌学","水文学","气象与气候学","生物地理学","土壤地理学","综合自然地理学","经济地理学","人文地理学","地理信息系统","中国地理","世界地理","地理教学论"]},{"tag":"title","text":"就业方向"},{"tag":"p","text":["按国家师范生公费教育政策，从事基础地理教育教学工作。"],"style":"text-indent: 1.5em; "}],"images":[],"id":"intro/school/geography/geography-free","scopeData":{"@type":"general","uniq_id":"intro/school/geography/geography-free","title":"地理科学师范专业","digest":"地理科学(公费师范)专业方向主要培养具有高尚的人文品格和坚实的科学素养、扎实的地理专业基础知识、宽广的地理科学视野、较强的地理思维和实践能力，掌握现代教育技术，并具有一定教研能力的高中地理教师。 本专业实行理科、文科兼招，本硕一体化培养，学","thumbs":["https://mp.innenu.com/img/inNENU.jpg"],"tags":["培养目标","主干课程","就业方向"]}}