{"title":"地理科学师范专业","desc":"来源: 2021本科招生指南","time":"2021年7月25日","shareable":true,"content":[{"tag":"title","text":"专业简介"},{"tag":"p","text":["为公费师范方向，旨在培养具有良好的师德修养、深厚的人文与科学底蕴、优良的教师素养和地理情怀、扎实的地理专业基础、宽广的地理视野、系统的地理思维，具备较强的教研素质、实践能力与创新精神，掌握现代教育技术，具有一定国际交流能力，能胜任中学等基础教育岗位地理教学、教研及教育管理等相关工作的卓越地理教师。本专业理科、文科兼招，实行本硕- -体化培养，学生本科毕业后，经考核符合要求者可直接攻读教育硕士专业学位研究生。"],"style":"text-indent: 1.5em; "},{"tag":"title","text":"主干课程"},{"tag":"ul","text":["高等数学","地球概论","地图学","地貌学","水文学","气象与气候学","生物地理学","土壤地理学","综合自然地理学","经济地理学","人文地理学","地理信息系统","遥感概论","区域分析与规划","中国地理","世界地理","学校教育基础","现代教育技术","地理课程与教学论","中学地理教学设计"]},{"tag":"title","text":"就业方向"},{"tag":"p","text":["按国家公费师范生教育政策，从事地理基础教育教学工作。"],"style":"text-indent: 1.5em; "}],"images":[],"id":"intro/school/geography/normal","scopeData":{"@type":"general","uniq_id":"intro/school/geography/normal","title":"地理科学师范专业","digest":"为公费师范方向，旨在培养具有良好的师德修养、深厚的人文与科学底蕴、优良的教师素养和地理情怀、扎实的地理专业基础、宽广的地理视野、系统的地理思维，具备较强的教研素质、实践能力与创新精神，掌握现代教育技术，具有一定国际交流能力，能胜任中学等基础","thumbs":["https://mp.innenu.com/img/inNENU.jpg"],"tags":["专业简介","主干课程","就业方向"]}}