{"title":"卫生间","author":"Mr.Hope","time":"2020年8月16日","shareable":true,"content":[{"tag":"text","type":"ul","text":["卫生间处在公共区域，有阿姨定期打扫卫生，很整洁。","每个卫生间有七八个位置。"]},{"tag":"img","src":"https://mp.innenu.com/img/dorm/toilet.jpg"},{"tag":"img","src":"https://mp.innenu.com/img/dorm/toilet2.jpg"},{"tag":"title","text":"Mr.Hope の 吐槽"},{"tag":"text","type":"p","text":["公共卫生间意味着坑位有限，本部男寝这边(女寝我显然并不知道，您问我也没用，我真不知)碰上这一层楼大部分都有早课的情况下，你在 7:20 - 7:40 这个时间段内是很容易发现所有的门里面都有人蹲着的。(净月可能不会这样，因为不像本部 B 座都住满了一层 144 个人但只有 8 个坑位)"],"style":"text-indent: 1.5em; "}],"images":["https://mp.innenu.com/img/dorm/toilet.jpg","https://mp.innenu.com/img/dorm/toilet2.jpg"],"id":"guide/dorm/detail/toilet","scopeData":{"@type":"general","uniq_id":"guide/dorm/detail/toilet","cover":"https://mp.innenu.com/img/dorm/toilet.jpg","title":"卫生间","digest":"卫生间处在公共区域，有阿姨定期打扫卫生，很整洁。 每个卫生间有七八个位置。公共卫生间意味着坑位有限，本部男寝这边(女寝我显然并不知道，您问我也没用，我真不知)碰上这一层楼大部分都有早课的情况下，你在 7:20 - 7:40 这个时间段内是很","thumbs":["https://mp.innenu.com/img/dorm/toilet.jpg","https://mp.innenu.com/img/dorm/toilet2.jpg"],"tags":["Mr.Hope の 吐槽"]}}