{"title":"成绩单与成绩档案","author":"Mr.Hope","time":"2020年7月18日","shareable":true,"content":[{"tag":"title","text":"用途"},{"tag":"text","type":"p","text":["无论你考研、就业亦或出国留学，对方可能都会让你出示你的本科成绩单。成绩单和成绩档案也会在你毕业时装入你的个人档案。"],"style":"text-indent: 1.5em; "},{"tag":"title","text":"内容与区别"},{"tag":"text","type":"ol","text":["成绩单会包含所有你修过的课程，包括挂科课程的修读记录，并在其后注明对应标记。","成绩档案是你毕业时，修读过的所有课程及其对应的最高成绩、并在其后注明对应标记。"]},{"tag":"text","text":["补考标记为星号*，重修标记为三角号△"],"style":"font-size: 14px;color: #888;"},{"tag":"title","text":"例子"},{"tag":"text","type":"ol","heading":"假如你依次修读并获得了以下成绩","text":["课程A 期末考试 66 分","课程B 期末考试 54 分","课程B 补考(该科目有补考) 80 分","课程C 期末考试 81 分","课程A 期末考试(再次修读) 95 分","课程D 期末考试 30 分","课程D 补考 85 分","课程D 期末考试(再次修读) 80 分","课程D 期末考试(再次修读) 65 分"]},{"tag":"text","type":"ul","heading":"成绩单上","text":["课程A 66","课程B 54","课程B 60*","课程C 81","课程A 95△","课程D 30","课程D 85*","课程D 80△","课程D 65△"]},{"tag":"text","type":"ul","heading":"成绩档案上","text":["课程B 60*","课程C 81","课程A 95△","课程D 80△"]},{"tag":"text","type":"p","text":["一门补考通过的课重修后，只要重修通过，就会显示重修符号。","补考分数再高，也是 60 分，补考达不到 60 分就算挂科，并不是所有科目都有补考。"],"style":"text-indent: 1.5em; "},{"tag":"title","text":"注意"},{"tag":"text","type":"ol","text":["很多用人单位会要求你出示你的成绩单而不是成绩档案","即使你给出成绩档案，后面的符号也会暴露你的补考、重修状况","祝福大家大学四年下来没有挂科，成绩单上没有任何符号"]}],"images":[],"id":"guide/study/grade","scopeData":{"@type":"general","uniq_id":"guide/study/grade","title":"成绩单与成绩档案","digest":"无论你考研、就业亦或出国留学，对方可能都会让你出示你的本科成绩单。成绩单和成绩档案也会在你毕业时装入你的个人档案。成绩单会包含所有你修过的课程，包括挂科课程的修读记录，并在其后注明对应标记。 成绩档案是你毕业时，修读过的所有课程及其对应的最","thumbs":["https://mp.innenu.com/img/inNENU.jpg"],"tags":["用途","内容与区别","例子","注意"]}}