{"title":"就业协议","author":"Mr.Hope","time":"2021年7月11日","grey":true,"shareable":true,"content":[{"tag":"list","header":"签约协议","content":[{"text":"就业协议书介绍","icon":"about","desc":"三方协议","path":"guide/job/agreement/intro"},{"text":"就业协议签订指南","icon":"idea","path":"guide/job/agreement/instruction"},{"text":"签订注意事项","icon":"info","path":"guide/job/agreement/attention"},{"text":"协议丢失","icon":"lost","path":"guide/job/agreement/lost"},{"text":"违约","icon":"ban","path":"guide/job/agreement/break-contract"}]}],"images":[],"id":"guide/job/agreement/index","scopeData":{"@type":"general","uniq_id":"guide/job/agreement/index","title":"就业协议","digest":"","thumbs":["https://mp.innenu.com/img/inNENU.jpg"],"tags":[]}}