{"title":"数应(师范)专业","desc":"来源: 数学与统计学院官网","time":"2021年7月4","shareable":true,"content":[{"tag":"title","text":"专业目标"},{"tag":"p","text":["实行免费师范教育，主要培养中等数学教学和研究、教育管理的高素质专业化教育工作者。"],"style":"text-indent: 1.5em; "}],"images":[],"id":"intro/school/math/math-free","scopeData":{"@type":"general","uniq_id":"intro/school/math/math-free","title":"数应(师范)专业","digest":"实行免费师范教育，主要培养中等数学教学和研究、教育管理的高素质专业化教育工作者。","thumbs":["https://mp.innenu.com/img/inNENU.jpg"],"tags":["专业目标"]}}