{"title":"统计学专业","desc":"来源: 数学与统计学院官网","time":"2021年7月9日","shareable":true,"content":[{"tag":"title","text":"专业目标"},{"tag":"p","text":["非师范专业，培养能在企事业单位和经济、管理、卫生等部门从事统计调查、数据分析工作，或在科研部门从事研究和教学工作的高级专门人才。"],"style":"text-indent: 1.5em; "}],"images":[],"id":"intro/school/math/statistics","scopeData":{"@type":"general","uniq_id":"intro/school/math/statistics","title":"统计学专业","digest":"非师范专业，培养能在企事业单位和经济、管理、卫生等部门从事统计调查、数据分析工作，或在科研部门从事研究和教学工作的高级专门人才。","thumbs":["https://mp.innenu.com/img/inNENU.jpg"],"tags":["专业目标"]}}