{"title":"三舍 A","author":"Mr.Hope","time":"2020年9月1日","content":[{"tag":"title","text":"三舍 A"},{"tag":"text","type":"p","text":["住女生，共 15 层。入住外语学院英语系(包括公费师范生)、物理、文学、化学学院、环境学院(大一)学生。有电梯 4 台。一楼有自助终端机。"],"style":"text-indent: 1.5em; "},{"tag":"title","text":"门禁时间"},{"tag":"text","text":["6:00 - 22:30"]},{"tag":"title","text":"供电时间"},{"tag":"text","type":"ul","heading":"工作日","text":["早 6:00-8:00","中 12:00-13:30","晚 15:30-23:00"]},{"tag":"text","type":"ul","heading":"周末 - 6:00 - 23:00"},{"tag":"list","header":"寝室详细介绍","content":[{"text":"室内环境介绍","icon":"/module/icon/environment.svg","base64Icon":"environment","path":"guide/dorm/detail/env"},{"text":"个人区域介绍","icon":"/module/icon/environment.svg","base64Icon":"environment","path":"guide/dorm/detail/person"},{"text":"热水房","icon":"/module/icon/hot-water.svg","base64Icon":"hot-water","path":"guide/dorm/detail/hot-water"},{"text":"洗漱间","icon":"/module/icon/washing.svg","base64Icon":"washing","path":"guide/dorm/detail/washing"},{"text":"电梯","icon":"/module/icon/lift.svg","base64Icon":"lift","path":"guide/dorm/detail/lift"},{"text":"自习室","icon":"/module/icon/study.svg","base64Icon":"study","path":"guide/dorm/detail/self-study"},{"text":"卫生间","icon":"/module/icon/toilet.svg","base64Icon":"toilet","path":"guide/dorm/detail/toilet"},{"text":"洗衣机","icon":"/module/icon/washer.svg","base64Icon":"washer","path":"guide/dorm/detail/washer"}]},{"tag":"list","header":"寝室供电","content":[{"text":"供电时间","icon":"/module/icon/time.svg","base64Icon":"time","path":"guide/dorm/electricity/time"},{"text":"功率限制","icon":"/module/icon/power.svg","base64Icon":"power","path":"guide/dorm/electricity/power"},{"text":"缴纳电费","icon":"/module/icon/pay.svg","base64Icon":"pay","path":"guide/dorm/electricity/pay"}]},{"tag":"list","header":"寝室供网","content":[{"text":"寝室供网","icon":"/module/icon/network.svg","base64Icon":"network","path":"guide/dorm/network"}]},{"tag":"list","header":"规章制度","content":[{"text":"寝室门禁","icon":"/module/icon/door-guard.svg","base64Icon":"door-guard","path":"guide/dorm/door"},{"text":"走读与调宿","icon":"/module/icon/info.svg","base64Icon":"info","path":"guide/dorm/day-reading"},{"text":"违禁物品","icon":"/module/icon/ban.svg","base64Icon":"ban","path":"guide/dorm/ban"}]},{"tag":"list","content":[{"text":"Mr.Hope の建议","icon":"/module/icon/advice.svg","base64Icon":"advice","path":"guide/dorm/advice"}]}],"images":[],"id":"map/benbu/dorm/dorm3A","scopeData":{"@type":"general","uniq_id":"map/benbu/dorm/dorm3A","title":"三舍 A","digest":"住女生，共 15 层。入住外语学院英语系(包括公费师范生)、物理、文学、化学学院、环境学院(大一)学生。有电梯 4 台。一楼有自助终端机。6:00 - 22:30工作日 早 6:00-8:00 中 12:00-13:30 晚 15:30-2","thumbs":["https://mp.innenu.com/img/inNENU.jpg"],"tags":["三舍 A","门禁时间","供电时间"]}}