{"title":"G·R 美发沙龙","author":"Mr.Hope","time":"2021年7月4","shareable":true,"content":[{"tag":"title","text":"理发价格"},{"tag":"text","text":["剪发: ￥20/30","烫发/染发: ￥128起"]},{"tag":"text","heading":"会员卡","text":["剪发卡: 储值￥100元，剪发￥16","烫染卡: ￥300——八折 ￥500——7折 ￥1000——六折"]},{"tag":"title","text":"店铺环境"},{"tag":"img","src":"https://mp.innenu.com/img/life/GR1.jpg"},{"tag":"img","src":"https://mp.innenu.com/img/life/GR2.jpg"},{"tag":"img","src":"https://mp.innenu.com/img/life/GR3.jpg"},{"tag":"img","src":"https://mp.innenu.com/img/life/GR4.jpg"},{"tag":"p","heading":"活动","text":["开学期间办理剪发会员卡，当次剪发免费。"],"style":"text-indent: 1.5em; "}],"images":["https://mp.innenu.com/img/life/GR1.jpg","https://mp.innenu.com/img/life/GR2.jpg","https://mp.innenu.com/img/life/GR3.jpg","https://mp.innenu.com/img/life/GR4.jpg"],"id":"guide/life/ad/GR-haircut","scopeData":{"@type":"general","uniq_id":"guide/life/ad/GR-haircut","cover":"https://mp.innenu.com/img/life/GR1.jpg","title":"G·R 美发沙龙","digest":"剪发: ￥20/30 烫发/染发: ￥128起会员卡 剪发卡: 储值￥100元，剪发￥16 烫染卡: ￥300——八折 ￥500——7折 ￥1000——六折活动 开学期间办理剪发会员卡，当次剪发免费。","thumbs":["https://mp.innenu.com/img/life/GR1.jpg","https://mp.innenu.com/img/life/GR2.jpg","https://mp.innenu.com/img/life/GR3.jpg","https://mp.innenu.com/img/life/GR4.jpg"],"tags":["理发价格","店铺环境"]}}