{"name":"东师青年","logo":"http://mp.innenu.com/img/nenuyouth.png","desc":"东北师范大学校学生会官方微信公众号","follow":"https://mp.weixin.qq.com/s/BeK2n3irkKLO-67d5Or8Zw","authorized":false,"content":[{"cover":"http://mmbiz.qpic.cn/mmbiz_jpg/s67UCDghNJmUKUWjWosb0Cpq9zicNPCiay6vDVz2p633o0iavluM7Xvlibw1Gqjsn9YCGhUGdZHQRQTM9TEFQ4xyfA/0?wx_fmt=jpeg","title":"让信仰在实践中绽放青春光彩 | 全国学联二十七大代表陈奕燃","url":"https://mp.weixin.qq.com/s/kWkg_oDv_LEJJkSu5xitLw"},{"cover":"http://mmbiz.qpic.cn/mmbiz_jpg/s67UCDghNJkUBicbkZprCuY6kN4jxnPianbeeZhLrXN94bnJaMsn1fibsp1UmuEylVicyUAzcZMag7jXPtHlUC1mqw/0?wx_fmt=jpeg","title":"@2020届毕业生｜跃入人海，做一朵奔腾的浪花","desc":"愿你未来可期，鸿愿可成!","url":"https://mp.weixin.qq.com/s/LOucu2dQIyMY-a3EvYM9Zg"},{"cover":"http://mmbiz.qpic.cn/mmbiz_jpg/s67UCDghNJk9gibalnqN7YwatczyvwVnlsPtonyibIecGlpDhoEK25AQDbzXa1ZjMZ6cSmrfrYRC2YbF67UGK8EA/0?wx_fmt=jpeg","title":"毕业倒计时 | 感谢相遇 不说再见","desc":"心怀理想，奔赴山海。","url":"https://mp.weixin.qq.com/s/onO4JzwNsl1AcCHMVXYqww"},{"cover":"http://mmbiz.qpic.cn/mmbiz_jpg/s67UCDghNJk54P6hDibIuwu3NdMqibpJLEDMv2icE2gicDs0BPqYyumyN4jiaDubKfYnfqibB8YTvjb9r4ianaSTg5QMA/0?wx_fmt=jpeg","title":"五个月不见，东师你还好吗?","desc":"东师，我想你了。","url":"https://mp.weixin.qq.com/s/itQfPnuKRd137vtZJF-nmQ"},{"cover":"http://mmbiz.qpic.cn/mmbiz_jpg/s67UCDghNJlTHGdBjDVcEm7HElzjtibLKgwIgephMeriaoBw1vt5IsYP9GFs6OXlNvibRkMM480jf70Ke9xyqczlQ/0?wx_fmt=jpeg","title":"高考倒计时30天 | 我在东师等你来","desc":"高考倒计时30天，我们在东师等你来!","url":"https://mp.weixin.qq.com/s/wLmwq31sFdEuo7ph-Ji70g"},{"cover":"http://mmbiz.qpic.cn/mmbiz_jpg/s67UCDghNJlrljzr5ICujn2y1p7ic2hd0nBsWzIW6snXsudgfeCKMicUq8BPFaZTSQSIGibx7KG0ylCSoUzxbj8Cg/0?wx_fmt=jpeg","title":"520特辑｜一首东师版《喜欢你》唱到你心里～","desc":"我知道，你在期盼着我明日光景","url":"https://mp.weixin.qq.com/s/LT_38DGaOrBQVg1eyWFtwQ"},{"cover":"http://mmbiz.qpic.cn/mmbiz_jpg/s67UCDghNJkxdiby37bBxbb6aKKfX7NHg2FqN8JF5XpCMSZHwORekX6tMziceAh27b1CIibfTibMh0dpsEWdQ74ypA/0?wx_fmt=jpeg","title":"​云回归 | 东师校园的雪与花","desc":"校会君邀你来看『高清航拍』校园满园春色","url":"https://mp.weixin.qq.com/s/pMrstCY0wXkeKszYdwqDfQ"},{"cover":"http://mmbiz.qpic.cn/mmbiz_jpg/s67UCDghNJnVgUaVXicdEeg4WzOczoKrJKe8y8iafbXEWD4lhKrIT81KbxAialtbzzVH8xEtmfQpibzrbdBN7WKAyQ/0?wx_fmt=jpeg","title":"东师版《想见你》| 我知道你也和我一样在等那一首远方有你","desc":"所有的美好都将如期而至","url":"https://mp.weixin.qq.com/s/kN9DfvpVmbdef_vvmsLD1A"},{"cover":"http://mmbiz.qpic.cn/mmbiz_jpg/s67UCDghNJlKK74P6xcdCr3ulu0kYtmZDLM2kPMY40bRgGHnwDowqSaqWq4YuGyU6ZmcKFvbNk7QhIOZl4vHGw/0?wx_fmt=jpeg","title":"致所有东师姑娘的一封信","desc":"一封春天的来信","url":"https://mp.weixin.qq.com/s/n9wSEc0juNlh789SLSrj9A"},{"cover":"http://mmbiz.qpic.cn/mmbiz_jpg/s67UCDghNJmxLQkZsocPH9psxaRhv6S3oUHicC6zJzbdZd1wNlT5TArzo31ZE0C3FX0rcz4E5ZCaP6Xm8cukoeQ/0?wx_fmt=jpeg","title":"小寒 | 倾听《雪落下的声音》东师版","desc":"一起倾听雪落东师的声音","url":"https://mp.weixin.qq.com/s/NrETN-GXmL0t_kCag7k6uA"},{"cover":"http://mmbiz.qpic.cn/mmbiz_jpg/s67UCDghNJkdFmoUlVTo6MibTO1BRfIOMKhD3TsGryKIC5xwG92eodC2xa31DLMYGWJO0Ht8AibCG7NKElm6Nnag/0?wx_fmt=jpeg","title":"星光 | 东师青年的诗与远方","desc":"东师青年的诗与远方就是时代赋予的责任和担当。","url":"https://mp.weixin.qq.com/s/U9_k9vTo9-UjZmwFDQ6kPw"},{"cover":"http://mmbiz.qpic.cn/mmbiz_jpg/s67UCDghNJkWHyvncck8niakibcCe2WxND2DkbGDUNxMtHpptnLftc4icWEY75G0MVjmeSPGNBuG5f4YMLGBibAiaBg/0?wx_fmt=jpeg","title":"警告!东师雪人出没!","desc":"东师的雪人，从来不会让人失望。","url":"https://mp.weixin.qq.com/s/j_o7k_KlSG8WWoo56fMD9w"},{"cover":"http://mmbiz.qpic.cn/mmbiz_jpg/s67UCDghNJkh4MdplrPmmT1VPpJp1yeHoVUq3lxtqlLicvm76LXSRexiaztHiaABrDz4Cu1ghkg5FicjnkexHUDVhA/0?wx_fmt=jpeg","title":"闪亮 | 东师青年当选中国最美大学生","desc":"学好思政，讲好思政!","url":"https://mp.weixin.qq.com/s/Oy3_zFy7IUwvTiPz6s2CqA"},{"cover":"http://mmbiz.qpic.cn/mmbiz_jpg/s67UCDghNJkf9kgyh4kET13bLfNAUZ1NXSnqLuVbAfZhXiaQEVtTt9GeN5yoGYUX0hXia02oUq02NWiaF3Vp2e0Bg/0?wx_fmt=jpeg","title":"最美 | 东师青年签约大别山从教!","desc":"他是一名特战士兵，一名支教教师，一名东师青年!","url":"https://mp.weixin.qq.com/s/9oTUBBrgLHvH1t4mUrRVmg"},{"cover":"http://mmbiz.qpic.cn/mmbiz_jpg/s67UCDghNJk1LhM8xgVyic6iaNPkWuqNASOa1fwtN1LL78M8oMOAre1rRT6kyfmEX8MdFj7aQznX1ibkjQuDTPNmw/0?wx_fmt=jpeg","title":"东师的雪 | 你要的净月特辑来啦!","desc":"放假是不可能的。","url":"https://mp.weixin.qq.com/s/TLqvk2wxJDJkahPpToMW3A"},{"cover":"http://mmbiz.qpic.cn/mmbiz_jpg/s67UCDghNJmPaeDEFu25jGZWAQHnbQM1ThCPib7jWkiaPzpkP5dykica57p8FbGYJIIqMfhlRU5q5n3z2USCX0bibw/0?wx_fmt=jpeg","title":"东师初雪专辑｜冬天开始的样子","desc":"南方的孩子看雪，北方的孩子看南方孩子看雪","url":"https://mp.weixin.qq.com/s/CzxQcC7Y3N65lGKKVjYXZQ"},{"cover":"http://mmbiz.qpic.cn/mmbiz_jpg/s67UCDghNJnTduo0EicBxjzu52SiajvMqYvZAS1AoiaHZib1VU0Ta8su70wcpgvsM1wFJufd8PGCl857XKskMXHPOQ/0?wx_fmt=jpeg","title":"自豪! 海军北海舰队上的东师姑娘!","desc":"女孩到女兵，我爱了","url":"https://mp.weixin.qq.com/s/JXr_sjj41QLZYdPgaxovnw"},{"cover":"http://mmbiz.qpic.cn/mmbiz_jpg/s67UCDghNJn1L3D2KxqGK3HGyPId3a4BHGRdbfngianqHxAbbd7Ah7J5gMibMqya7D3JYBkBPjttNdPENK8J4PjQ/0?wx_fmt=jpeg","title":"是你吗?来看看大学生活真实图鉴","desc":"听说……大学生活其实是这样的，也太真实了吧!!","url":"https://mp.weixin.qq.com/s/QVdWCiloBGPh2NwN2bVO_g"},{"cover":"http://mmbiz.qpic.cn/mmbiz_jpg/s67UCDghNJnMGvMiciaAtkPpicrJTyOk4fjIWfd6A2c24gNuTia21jNuKukbw6LLicmn0iaGLW2MkANcdCPGmHIVJibLQ/0?wx_fmt=jpeg","title":"街拍丨PICK这一套初冬穿搭，你就是东师最靓的仔!","desc":"快来和校会妞一起学学好看的初冬穿搭，成为东师最靓的仔!","url":"https://mp.weixin.qq.com/s/Wlwacyu_VDLGHWnMHHUscw"},{"cover":"http://mmbiz.qpic.cn/mmbiz_jpg/s67UCDghNJkq2JxwTELmjABPIicicibIdpibKEparLLTJDovY9aCvVsonpc1hFfUwTZSZPBic3vnHjYS8XYIYNXIY3A/0?wx_fmt=jpeg","title":"骄傲! 国庆阅兵场上的东师青年!","desc":"受阅一次，光荣一生","url":"https://mp.weixin.qq.com/s/n4ZqPMLL-yfEfUnMJRHR7g"},{"cover":"http://mmbiz.qpic.cn/mmbiz_jpg/s67UCDghNJn6HicicS7pNbyUvFUoseDY6UflVdZnsGHWjY6iaBjRiad73hricE6ovg84y7MkcYwVNETJ9xwbXtRU1WQ/0?wx_fmt=jpeg","title":"我不管，我说是秋天就是秋天!","desc":"来和校会妞一起执笔绘清秋!","url":"https://mp.weixin.qq.com/s/PMo47cWXzIjxEF-QL_s9wQ"},{"cover":"http://mmbiz.qpic.cn/mmbiz_jpg/s67UCDghNJl1D7q5XAOibhOoIsdDDDn8ecbQxsEEXgxeyIbC7LcicRQLY8UAibjpLXWaurafPrEVoYaicYDAdpJ4jA/0?wx_fmt=jpeg","title":"东师第一高楼年度大戏 | 远方有你，不说再见","desc":"叫毕业别闹啦，想念你都那么久那么久啦","url":"https://mp.weixin.qq.com/s/3KPDpH8h9IKL8Gcf3zrhXA"},{"cover":"http://mmbiz.qpic.cn/mmbiz_jpg/s67UCDghNJlW0MtNnk5Ks8icYOsM1TdicOHVDq4TdtL4DcnCgASkialPnxzDgZrIAhp7hPn1BgbXC7aq3BxB1JqRg/0?wx_fmt=jpeg","title":"大家好，给大家介绍一下，这是我的大学@东北师范大学","desc":"这就是我的大学!","url":"https://mp.weixin.qq.com/s/LYL4SsEg2JfU8EIzBl0GmA"},{"cover":"http://mmbiz.qpic.cn/mmbiz_jpg/s67UCDghNJkVjibkJNqsRyR3VFELPj91xKbX3uicAMgjKaaOxsgfTcjb03VobvQ70pr0V6EIfe0c3zK6wYYicvnLg/0?wx_fmt=jpeg","title":"原来东师女生的睡衣长这样","desc":"深入女生宿舍，我们发现了这样的睡衣秀......","url":"https://mp.weixin.qq.com/s/mnLjM_7QED8XP2EnfjCzhw"},{"cover":"http://mmbiz.qpic.cn/mmbiz_jpg/s67UCDghNJkEplpNgdgTOgdy0lOg5oflj1sJlrdYOb6L7zahwP0tsKFLq6sI804qLItBBTgJ2y7CAg64LuaZKw/0?wx_fmt=jpeg","title":"女生节 | 我们，《等你下课》","desc":"“又到一年三月七  东师陪在你的身边”","url":"https://mp.weixin.qq.com/s/gluiFctPu_x9XGVb4CueNA"},{"cover":"http://mmbiz.qpic.cn/mmbiz_jpg/s67UCDghNJk9AyxsJCaFkKjnxic0YB3dZyXz4oQmuEQzyorNgNTmgBbtiaBSx5fDwh9PGPoCgkLopkQD2GlxghiaQ/0?wx_fmt=jpeg","title":"比全家桶还全的校运会推送来啦!!!","desc":"快来和校会妞回顾校运会的精彩!","url":"https://mp.weixin.qq.com/s/JuuIduZYT8N5KqagPzcpXw"},{"cover":"http://mmbiz.qpic.cn/mmbiz_jpg/s67UCDghNJkJ7vLbhkK8Uiavar18ULjUPA3KEf5XCYUYVL1bBIc0rqTQMhGFkbajjiczR3ibQ9NicMh6RzYtGhwPUg/0?wx_fmt=jpeg","title":"东师最高楼年度大戏 | 远方有你，不说再见","desc":"再见怎么也说不出口，因为你还在远方。","url":"https://mp.weixin.qq.com/s/GCCu_M8Nx9paYlJfZBp1cg"},{"cover":"http://mmbiz.qpic.cn/mmbiz_jpg/s67UCDghNJk3ycCq3icmy6ibStNeibHAdnsJM1JccbjccGP6buDYiaAyHiavib9iaCWmsicDGUKtRB279U6kn0JVO64dPQ/0?wx_fmt=jpeg","title":"还有3天 | 东师19级新生军训百科大全","desc":"教官还有3天到达战场，请东师青年们做好准备!","url":"https://mp.weixin.qq.com/s/bklJ1t8YonmYXviJjGBilA"},{"cover":"http://mmbiz.qpic.cn/mmbiz_jpg/s67UCDghNJmK7LqGqVNPXE0fu3mvCuDNyVeczlvVkPzjfMILnZcBqAPR6V5wnmA5E0zbTtn5Utapj8tv0CPIwQ/0?wx_fmt=jpeg","title":"数风流人物，还看今朝 | 东北师范大学2019级新生开学典礼","desc":"校会君带你直击2019级新生开学典礼!","url":"https://mp.weixin.qq.com/s/rK5x7XuT9L3elDEMTZz0OQ"},{"cover":"http://mmbiz.qpic.cn/mmbiz_jpg/s67UCDghNJk9LArsL6u2QweR9DqlwTAdQ5Z1neeLr2pMRhhiaD4caJa48zicDMxPYlocJu5elicuPUmLruAPuCZpw/0?wx_fmt=jpeg","title":"东师最美毕业照3.0|我的东师，我的青春","desc":"我最美好的回忆，都是关于你啊","url":"https://mp.weixin.qq.com/s/Bwe9eoxz4H9c_TMUZfwa1w"},{"cover":"http://mmbiz.qpic.cn/mmbiz_jpg/s67UCDghNJnAlae0SaDEesykhJTwZhrNB2RqzWy0LTYnocZkcjNHNHXPNr4piapuxvg5QeJlSTZfFExRR6FS8eg/0?wx_fmt=jpeg","title":"假如我们在东师相爱了","desc":"来感受一下“东师酥”吧!(假如，校会君和校会妞也相爱了...)","url":"https://mp.weixin.qq.com/s/7jcxO32FkyyrwW2RKFxaJQ"},{"cover":"http://mmbiz.qpic.cn/mmbiz_jpg/s67UCDghNJnE0eiaS5cxgRdtaWHm7iby8ickGLbiaRaxFKicJgqWuWtR7z1MUjAnPiaoibM8GiaM9P2LEK62byRM4JXbug/0?wx_fmt=jpeg","title":"摄影专推 | 春","desc":"你笑靥如花。","url":"https://mp.weixin.qq.com/s/2wJiIrZR3DCU-enTvAjxeA"},{"cover":"http://mmbiz.qpic.cn/mmbiz_jpg/s67UCDghNJlu5ANO6U0Uwm5eu9cK0ZVRUBFMjbkBPYH2g8KLZiaicYw6M3BNSib7rtpH6JL6rCyBGJRIrAsicXecTQ/0?wx_fmt=jpeg","title":"高考倒计时一个月｜我们穿上高中校服在东师等你","desc":"我想在东师最美的风景里与你相遇!","url":"https://mp.weixin.qq.com/s/kYX07O6rPDL3J9pwg8iVgw"}]}