{"title":"北苑餐厅","author":"Mr.Hope","time":"2020年9月1日","photo":["https://mp.innenu.com/img/dining/dining6.jpg","https://mp.innenu.com/img/dining/dining7.jpg","https://mp.innenu.com/img/dining/dining8.jpg","https://mp.innenu.com/img/dining/dining9.jpg"],"content":[{"tag":"title","text":"简介"},{"tag":"text","type":"p","text":["北苑餐厅一楼整体区域分为两个部分。位于北侧的区域为基本餐区，每天分时间段供应三餐，相对于其他档口，价格比较亲民。一楼南侧为其他档口，以特色餐和各式快餐为主。几乎所有档口不分时段供应饮食，价格比外面餐馆略低。二楼是特色窗口和清真餐厅。特色窗口种类较多，基本能满足来自各地同学的口味。餐厅饭菜总体来说都很可口。北苑餐厅一楼的三个用餐区的风景各有特色，北面是同学们行色匆匆的生活风；南面是同学们在足球场、篮球场上尽情挥汗运动风；从东面的大玻璃窗看出去，或是湖光水色的唯美风，或是闲庭信步的休闲风。"],"style":"text-indent: 1.5em; "},{"tag":"list","header":false,"content":[{"text":"更多详情","path":"guide/dining/beiyuan/index"}]}],"images":[],"id":"map/benbu/facility/beiyuan","scopeData":{"@type":"general","uniq_id":"map/benbu/facility/beiyuan","title":"北苑餐厅","digest":"北苑餐厅一楼整体区域分为两个部分。位于北侧的区域为基本餐区，每天分时间段供应三餐，相对于其他档口，价格比较亲民。一楼南侧为其他档口，以特色餐和各式快餐为主。几乎所有档口不分时段供应饮食，价格比外面餐馆略低。二楼是特色窗口和清真餐厅。特色窗口","thumbs":["https://mp.innenu.com/img/inNENU.jpg"],"tags":["简介"]}}