{"title":"文学院","author":"Mr.Hope","time":"2019年08月11日","photo":["https://mp.innenu.com/img/school/literature.jpg","https://mp.innenu.com/img/school/literature1.jpg"],"content":[{"tag":"list","content":[{"text":"学院简介","path":"intro/school/chinese/intro"},{"text":"招生介绍","path":"intro/school/chinese/enroll"}]}],"images":[],"id":"map/benbu/school/chinese","scopeData":{"@type":"general","uniq_id":"map/benbu/school/chinese","title":"文学院","digest":"","thumbs":["https://mp.innenu.com/img/inNENU.jpg"],"tags":[]}}