{"title":"教育学部","author":"Mr.Hope","time":"2020年8月5日","photo":["https://mp.innenu.com/img/school/education.jpg"],"content":[{"tag":"list","content":[{"text":"学院简介","path":"intro/school/education/intro"},{"text":"招生介绍","path":"intro/school/education/enroll"}]}],"images":[],"id":"map/benbu/school/education","scopeData":{"@type":"general","uniq_id":"map/benbu/school/education","title":"教育学部","digest":"","thumbs":["https://mp.innenu.com/img/inNENU.jpg"],"tags":[]}}