{"title":"国际汉学院","author":"Mr.Hope","time":"2020年8月5日","photo":["https://mp.innenu.com/img/school/confucius.jpg"],"content":[{"tag":"list","content":[{"text":"学院简介","path":"intro/apartment/international/intro"},{"text":"专业介绍","path":"intro/apartment/international/enroll"}]}],"images":[],"id":"map/benbu/school/international","scopeData":{"@type":"general","uniq_id":"map/benbu/school/international","title":"国际汉学院","digest":"","thumbs":["https://mp.innenu.com/img/inNENU.jpg"],"tags":[]}}