{"title":"物理学院","author":"Mr.Hope","time":"2020年8月5日","photo":["https://mp.innenu.com/img/school/psychology.jpg"],"content":[{"tag":"list","content":[{"text":"学院简介","path":"intro/school/physics/intro"}]},{"tag":"list","header":"各专业介绍","content":[{"text":"物理学(公费师范)","path":"intro/school/physics/free-normal"},{"text":"物理学","desc":"制作中..."},{"text":"电子信息技术","desc":"制作中..."},{"text":"材料物理","desc":"制作中..."}]}],"shareable":true,"images":[],"id":"map/benbu/school/physics","scopeData":{"@type":"general","uniq_id":"map/benbu/school/physics","title":"物理学院","digest":"","thumbs":["https://mp.innenu.com/img/inNENU.jpg"],"tags":[]}}