{"title":"心理学院","author":"Mr.Hope","time":"2020年8月5日","photo":["https://mp.innenu.com/img/school/psychology.jpg"],"content":[{"tag":"list","content":[{"text":"学院简介","path":"intro/school/psychology/intro"},{"text":"本科招生","path":"intro/school/psychology/enroll"}]}],"shareable":true,"images":[],"id":"map/benbu/school/psychology","scopeData":{"@type":"general","uniq_id":"map/benbu/school/psychology","title":"心理学院","digest":"","thumbs":["https://mp.innenu.com/img/inNENU.jpg"],"tags":[]}}