{"title":"学生工作介绍","author":"Mr.Hope","time":"2020年9月2日","shareable":true,"content":[{"tag":"title","text":"学生工作的本质"},{"tag":"text","type":"p","text":["所谓学生干部就是给予您一定的职务名称要求，您完成该职务名称需要完成的工作。"],"style":"text-indent: 1.5em; "},{"tag":"title","text":"是当学生官么"},{"tag":"text","type":"p","text":["别做梦，如果您抱着这个心态，趁早放弃干学生工作的任何想法。这个心态的人加入学生组织就是在降低学生组织的形象，一旦成为了高层干部，真的是所有学生、组织、老师的噩梦。","请摆正态度，您是来奉献的，寒碜点说，您是一个免费苦力，一个活雷锋，一个没有感情的打工仔，一块哪里需要往哪搬的砖。一个需要严加要求自己的表率。请不要想那些有的没的，核心两个字: “奉献”。","大家可能会看到有部分学校会存在校学生会，院学生会官僚气息比较重，管理粗暴权力大这样一些事情。但是请相信我东师并不是这样的，东北师范大学跟其他学校一个最显著不同的特点就是学生干部基本上是没有什么权利的。无论是校内一些每年例行的一些活动的安排，亦或是大型活动的举办，还是一些比赛的组织等，都必须经过老师的批准。日常的活动，也不存在任何管理性的工作。"],"style":"text-indent: 1.5em; "}],"images":[],"id":"guide/advice/work/intro","scopeData":{"@type":"general","uniq_id":"guide/advice/work/intro","title":"学生工作介绍","digest":"所谓学生干部就是给予您一定的职务名称要求，您完成该职务名称需要完成的工作。别做梦，如果您抱着这个心态，趁早放弃干学生工作的任何想法。这个心态的人加入学生组织就是在降低学生组织的形象，一旦成为了高层干部，真的是所有学生、组织、老师的噩梦。 请","thumbs":["https://mp.innenu.com/img/inNENU.jpg"],"tags":["学生工作的本质","是当学生官么"]}}