{"title":"易班网页注册流程","author":"Mr.Hope","time":"2021年7月31日","shareable":true,"content":[{"tag":"text","text":["首先打开浏览器访问 https://www.yiban.cn/。点右上角的【注册】按钮。"]},{"tag":"copy","text":"https://www.yiban.cn/"},{"tag":"img","src":"https://mp.innenu.com/img/yiban/web-mainpage.jpg"},{"tag":"text","text":["按照要求输入手机号与验证码，设置密码后点击下一步。"]},{"tag":"img","src":"https://mp.innenu.com/img/yiban/web-register.png"},{"tag":"text","text":["直接点击【马上去校方认证】"]},{"tag":"img","src":"https://mp.innenu.com/img/yiban/web-verify.png"},{"tag":"ul","text":["填写真实姓名","学校选择东北师范大学(请不要选择 “东北师范大学人文学院”)"]},{"tag":"img","src":"https://mp.innenu.com/img/yiban/web-school.png"},{"tag":"ul","text":["填写学号。(学号为录取通知书编号，2021 开头的 10 位数字)","点击【立即认证】，完成校方认证。"]},{"tag":"text","type":"warning","text":["请注意我们学校只导入了学号，使用其他方式无法成功验证！","如果您尚未收到录取通知书，您可以联系您的导员获取您的学号。"]},{"tag":"img","src":"https://mp.innenu.com/img/yiban/web-verify2.png"},{"tag":"text","text":["校方认证成功后，页面应为"]},{"tag":"img","src":"https://mp.innenu.com/img/yiban/web-verifyed.png"}],"images":["https://mp.innenu.com/img/yiban/web-mainpage.jpg","https://mp.innenu.com/img/yiban/web-register.png","https://mp.innenu.com/img/yiban/web-verify.png","https://mp.innenu.com/img/yiban/web-school.png","https://mp.innenu.com/img/yiban/web-verify2.png","https://mp.innenu.com/img/yiban/web-verifyed.png"],"id":"guide/yiban/register/web","scopeData":{"@type":"general","uniq_id":"guide/yiban/register/web","cover":"https://mp.innenu.com/img/yiban/web-mainpage.jpg","title":"易班网页注册流程","digest":"首先打开浏览器访问 https://www.yiban.cn/。点右上角的【注册】按钮。按照要求输入手机号与验证码，设置密码后点击下一步。直接点击【马上去校方认证】填写真实姓名 学校选择东北师范大学(请不要选择 “东北师范大学人文学院”)填","thumbs":["https://mp.innenu.com/img/yiban/web-mainpage.jpg","https://mp.innenu.com/img/yiban/web-register.png","https://mp.innenu.com/img/yiban/web-verify.png","https://mp.innenu.com/img/yiban/web-school.png","https://mp.innenu.com/img/yiban/web-verify2.png","https://mp.innenu.com/img/yiban/web-verifyed.png"],"tags":[]}}