{"title":"信息科学与技术学院招生","author":"Mr.Hope","time":"2020年8月6日","shareable":true,"content":[{"tag":"title","text":"本科招生情况"},{"tag":"text","type":"p","text":["信息科学与技术学院设有教育技术学(公费师范)、教育技术学、计算机科学与技术、图书馆学、智能科学与技术、计算机科学与技术(中外合作办学)六个专业"],"style":"text-indent: 1.5em; "},{"tag":"text","type":"ul","heading":"学费情况","text":["教育技术学(公费师范): ￥0/年","教育技术学: ￥3850/年","计算机科学与技术: ￥5060/年","图书馆学: ￥3850/年","智能科学与技术: ￥5060/年","计算机科学与技术(中外合作办学): ￥19000/年"]},{"tag":"text","heading":"相关介绍"},{"tag":"doc","name":"计算机科学与技术专业、教育技术学专业、图书馆学专业&信息资源管理专业课程简介与大纲","url":"https://mp.innenu.com/file/study/ist-kcjj.pdf","icon":"pdf"},{"tag":"doc","name":"软件工程专业课程简介","url":"https://mp.innenu.com/file/study/ist-rjjxjj.pdf","icon":"pdf"},{"tag":"doc","name":"软件工程专业教学大纲","url":"https://mp.innenu.com/file/study/ist-rjjxdg.pdf","icon":"pdf"},{"tag":"title","text":"硕士研究生招生概况"},{"tag":"img","src":"https://mp.innenu.com/img/school/ist-master.png"},{"tag":"phone","header":"硕士研究生招生咨询电话","fName":"红岩","lName":"王","num":"0431-84536338","org":"东北师范大学信息科学与技术学院","title":"硕士研究生招生负责人","street":"吉林省长春市净月大街 2555 号","postCode":"130117","email":"wanghy668@nenu.edu.cn"}],"images":["https://mp.innenu.com/img/school/ist-master.png"],"id":"intro/school/ist/enroll","scopeData":{"@type":"general","uniq_id":"intro/school/ist/enroll","cover":"https://mp.innenu.com/img/school/ist-master.png","title":"信息科学与技术学院招生","digest":"信息科学与技术学院设有教育技术学(公费师范)、教育技术学、计算机科学与技术、图书馆学、智能科学与技术、计算机科学与技术(中外合作办学)六个专业学费情况 教育技术学(公费师范): ￥0/年 教育技术学: ￥3850/年 计算机科学与技术: ￥","thumbs":["https://mp.innenu.com/img/school/ist-master.png"],"tags":["本科招生情况","硕士研究生招生概况"]}}