{"title":"洗浴","author":"Mr.Hope","time":"2020年9月1日","shareable":true,"content":[{"tag":"card","type":"web","src":"http://mmbiz.qpic.cn/mmbiz_jpg/s67UCDghNJlhlibFzkZkUTRngzoqWHf1njyuWJRdy2UdGAWn70nUoXQsd6D4qPErpeSXRzesicsAXKbibBl0Et3Ow/0?wx_fmt=jpeg","url":"https://mp.weixin.qq.com/s/GnuYJvu6MHkjzx6vV96D8g","title":"叮! 您有一份浴池攻略请查收!","desc":"听说新开张的浴池挺不错呦~","logo":"https://mp.innenu.com/img/nenuyouth.png","name":"东师青年"},{"tag":"text","type":"p","heading":"环境介绍","text":["新学生浴池采用单间洗浴，环境更加舒适性，便利性，私密性，安全性。还配备了免费健身房与休息厅。费用是 0.035元/升。"],"style":"text-indent: 1.5em; "},{"tag":"text","type":"ol","heading":"计费方式与特性","text":["微信/支付宝/第三方充值。","微信、支付宝、APP、 小程序扫一-扫。","线上充值，线下消费，不支持一卡通。","蓝牙自动配对，连接启动设备。","输入账户密码启动，消费数据实时上传。","按键出水，按键关水。","消费手机账户钱包，立即有明细"]},{"tag":"title","text":"本部"},{"tag":"text","heading":"地址","text":["学生八舍旁，幼儿园园长培训中心后侧(二楼可以自带吹风机吹头发)。"]},{"tag":"img","src":"https://mp.innenu.com/img/life/bath2.jpg","desc":"本部浴池"},{"tag":"text","heading":"开放时间","text":["8:00 ~ 22:00","每月15日、30日上午检修"]},{"tag":"title","text":"净月"},{"tag":"text","heading":"地址","text":["净月校区教师进修中心一楼。浴池内提供直饮水服务并免费提供电吹风。"]},{"tag":"img","src":"https://mp.innenu.com/img/life/bath3.jpg"},{"tag":"text","heading":"开放时间","text":["7:00 - 20:30","检修时间: 每月第二周星期三"]},{"tag":"img","src":"https://mp.innenu.com/img/life/bath1.jpg","desc":"浴池更衣间实拍"},{"tag":"title","text":"浴池反馈电话"},{"tag":"phone","fName":"浴池反馈电话","num":"18767449975"},{"tag":"title","text":"校外浴池"},{"tag":"text","type":"p","heading":"本部","text":["三舍东边就是吉林省雪立方摩尔运动中心有限公司，内部洗浴条件很不错，有隔间，带学生证可以打折，价格是洗浴 ￥18/人，搓澡 ￥12/人。"],"style":"text-indent: 1.5em; "},{"tag":"text","type":"p","heading":"净月","text":["净月后街有浴池。"],"style":"text-indent: 1.5em; "}],"images":["https://mp.innenu.com/img/life/bath2.jpg","https://mp.innenu.com/img/life/bath3.jpg","https://mp.innenu.com/img/life/bath1.jpg"],"id":"guide/life/bath","scopeData":{"@type":"general","uniq_id":"guide/life/bath","cover":"https://mp.innenu.com/img/life/bath2.jpg","title":"洗浴","digest":"环境介绍 新学生浴池采用单间洗浴，环境更加舒适性，便利性，私密性，安全性。还配备了免费健身房与休息厅。费用是 0.035元/升。计费方式与特性 微信/支付宝/第三方充值。 微信、支付宝、APP、 小程序扫一-扫。 线上充值，线下消费，不支持","thumbs":["https://mp.innenu.com/img/life/bath2.jpg","https://mp.innenu.com/img/life/bath3.jpg","https://mp.innenu.com/img/life/bath1.jpg"],"tags":["本部","净月","浴池反馈电话","校外浴池"]}}