{"title":"生活","author":"Mr.Hope","time":"2020年9月1日","grey":true,"shareable":true,"content":[{"tag":"list","content":[{"text":"洗浴","icon":"/module/icon/bath.svg","path":"guide/life/bath"},{"text":"理发","icon":"/module/icon/haircut.svg","path":"guide/life/haircut"},{"text":"照相","icon":"/module/icon/photo.svg","path":"guide/life/photo"},{"text":"打印","icon":"/module/icon/print.svg","path":"guide/life/print"},{"text":"地铁卡公交卡","icon":"/icon/guide/card.svg","path":"guide/life/card"},{"text":"ATM","icon":"/module/icon/atm.svg","path":"guide/life/atm"},{"text":"就医","icon":"/icon/intro/hospital.svg","path":"guide/life/hostpital"},{"text":"校园周边","icon":"/icon/guide/nearby.svg","path":"guide/life/nearby/index"}]}],"images":[],"id":"guide/life/index","scopeData":{"@type":"general","uniq_id":"guide/life/index","title":"生活","digest":"","thumbs":["https://mp.innenu.com/img/inNENU.jpg"],"tags":[]}}