{"title":"本部本科寝室安排","author":"Mr.Hope","time":"2020年8月16日","shareable":true,"content":[{"tag":"title","text":"寝室分布"},{"tag":"img","src":"https://mp.innenu.com/img/dorm/benbu.jpg"},{"tag":"text","text":["图片右上角从右往左依次为三舍 A、B、C、D 座，A B C 住本科生，D 为留学生公寓。作为高层建筑，三舍有电梯。"]},{"tag":"text","heading":"三舍 A 座","text":["楼高 15 层，为女生宿舍楼。入住物理、文学、化学学院，环境学院(大一)学生，外语学院英语系(包括公费师范生)。"]},{"tag":"text","heading":"三舍 B 座","text":["楼高 14 层，本部唯一的本科生男生寝室楼。入住、物理、文学、化学、地理、生科、数学、教育、马部、历史、心理学院学生，环境学院大一学生、外语学院英语系(包括公费师范生)。"]},{"tag":"img","src":"https://mp.innenu.com/img/dorm/dorm3B.jpg","desc":"三舍 B 座"},{"tag":"text","heading":"三舍 C 座","text":["楼高 21 层，为女生寝室楼，本部校区最高建筑。入住地理、生科、数学、环境、教育、心理、历史学院学生，马克思主义学部学生。"]},{"tag":"text","heading":"体育公寓","text":["共 6 层，中间分隔，北半侧为男生宿舍，南半侧为女生宿舍，入住体育学院学生。"]},{"tag":"img","src":"https://mp.innenu.com/img/dorm/PEdorm.jpg","desc":"体育公寓"}],"images":["https://mp.innenu.com/img/dorm/benbu.jpg","https://mp.innenu.com/img/dorm/dorm3B.jpg","https://mp.innenu.com/img/dorm/PEdorm.jpg"],"id":"guide/dorm/locate/benbu","scopeData":{"@type":"general","uniq_id":"guide/dorm/locate/benbu","cover":"https://mp.innenu.com/img/dorm/benbu.jpg","title":"本部本科寝室安排","digest":"图片右上角从右往左依次为三舍 A、B、C、D 座，A B C 住本科生，D 为留学生公寓。作为高层建筑，三舍有电梯。三舍 A 座 楼高 15 层，为女生宿舍楼。入住物理、文学、化学学院，环境学院(大一)学生，外语学院英语系(包括公费师范生)","thumbs":["https://mp.innenu.com/img/dorm/benbu.jpg","https://mp.innenu.com/img/dorm/dorm3B.jpg","https://mp.innenu.com/img/dorm/PEdorm.jpg"],"tags":["寝室分布"]}}