{"title":"地理科学类介绍","author":"Mr.Hope","time":"2020年8月6日","shareable":true,"content":[{"tag":"title","text":"专业简介"},{"tag":"text","type":"p","text":["2020 年起，地理科学学院进行大类招生，学生可按照意愿和学院安排在地理科学、人文地理与城乡规划、地理信息科学三个专业进行选择，","地理科学类类学费均为 3850 元/年。"],"style":"text-indent: 1.5em; "},{"tag":"list","header":false,"content":[{"text":"地理科学(普通类)","path":"intro/school/geography/geography"},{"text":"人文地理与城乡规划","path":"intro/school/geography/culture"},{"text":"地理信息科学","path":"intro/school/geography/info"}]}],"images":[],"id":"intro/school/geography/class","scopeData":{"@type":"general","uniq_id":"intro/school/geography/class","title":"地理科学类介绍","digest":"2020 年起，地理科学学院进行大类招生，学生可按照意愿和学院安排在地理科学、人文地理与城乡规划、地理信息科学三个专业进行选择， 地理科学类类学费均为 3850 元/年。","thumbs":["https://mp.innenu.com/img/inNENU.jpg"],"tags":["专业简介"]}}