{"title":"美术介绍","desc":"来源: 东北师范大学美术学院官网","time":"2020年8月6日","shareable":true,"content":[{"tag":"swiper","url":["https://mp.innenu.com/img/school/music1.jpg","https://mp.innenu.com/img/school/music2.png","https://mp.innenu.com/img/school/music3.png","https://mp.innenu.com/img/school/music4.png","https://mp.innenu.com/img/school/music5.png"]},{"tag":"title","text":"学院简介"},{"tag":"text","type":"p","text":["美术学院1948年建系，1973年重新建系，设美术专业。1985年正式建立美术系，2001年撤系建院。"],"style":"text-indent: 1.5em; "},{"tag":"title","text":"师资力量"},{"tag":"text","type":"p","text":["学院现有教师108人，其中教授17人，副教授 32人，博士生导师5人。"],"style":"text-indent: 1.5em; "},{"tag":"title","text":"学科建设"},{"tag":"text","text":["学院现有美术学、艺术设计两个本科专业和美术学一级学科博士点以及美术学、设计艺术学、园林植物与观赏园艺学位点和艺术硕士专业学位点(FMA)以及风景园林一级学科专业硕士点(MLA)。学院设有10个系、一个国家级美术实验教学示范中心、三个研究所。10个系分别为美术教育系、中国画系、绘画系(含油画、版画、水彩专业)、雕塑系、综合实验艺术系、视觉传达设计系、环境艺术设计系、景观设计系、服装艺设计术系、动画设计系；3个研究所分别为现代艺术教育研究所、美术理论研究所、国际版画艺术研究所。","美术学院在长期办学实践中，坚持贯彻国家教育方针，尊重教育发展规律；学院依照学校“尊重的教育”理念，确立了为基础教育服务、为经济和社会发展服务的办学方向，随着近几年教学改革的深入，学院改造和整合了学科布局，增设新兴及前沿学科，更好地满足了新形势下教育、文化、经济和社会发展的需求。多年来，学院教师努力拼搏、积极进取，在科研和教学等方面取得了丰硕的成果，近5年，共获国家级展览奖项237项，其它获奖及入围作品共计871件，在重点刊物发表论文259篇(其中CSSCI级别以上论文120篇)，承担国家社科基金艺术学项目3项、教育部人文社会科学基金项目7项、国家艺术基金艺术人才培养资助项目1项(金额140万元)、青年艺术创作人才资助项目4项。"]},{"tag":"title","text":"人才培养"},{"tag":"text","type":"p","text":["目前在校本科生1202人，硕士研究生416人，博士研究生37人，是当今国内综合类艺术院校中学科齐全、设施完善的综合性、研究型的美术学院之一。","近年来，美术学院结合艺术发展规律，大胆改革、锐意创新，积累了丰富的办学经验和丰硕的成果，形成了科学的办学理念。学院倡导用现代化的教学手段将最新的教育思想、理念融入到教学实践中，并形成了集传统艺术与现代艺术、精英艺术与实用艺术协调发展的现代艺术教育体系。学院坚持以培养研究型美术教育人才，学者型艺术创作人才，应用型艺术设计人才为目标，经过几代人不懈努力，培养出大批素质好、质量高的优秀毕业生，得到社会各界广泛的认可。目前，学生总体就业状况良好，就业区域分布广泛，就业结构、层次比较理想。"],"style":"text-indent: 1.5em; "},{"tag":"title","text":"联系方式"},{"tag":"text","type":"ul","text":["地址: 吉林省长春市净月大街 2555 号","邮政编码: 130117","邮箱: nenuart@nenu.edu.cn","电话: (86-431)-84536535"]},{"tag":"phone","fName":"美术学院","num":"0431-84536535","org":"东北师范大学","street":"吉林省长春市净月大街 2555 号","postCode":"130117","email":"nenuart@nenu.edu.cn"}],"images":[],"id":"intro/school/art/intro","scopeData":{"@type":"general","uniq_id":"intro/school/art/intro","title":"美术介绍","digest":"美术学院1948年建系，1973年重新建系，设美术专业。1985年正式建立美术系，2001年撤系建院。学院现有教师108人，其中教授17人，副教授 32人，博士生导师5人。学院现有美术学、艺术设计两个本科专业和美术学一级学科博士点以及美术学","thumbs":["https://mp.innenu.com/img/inNENU.jpg"],"tags":["学院简介","师资力量","学科建设","人才培养","联系方式"]}}