{"title":"五险一金","author":"Mr.Hope","time":"2021年6月27日","shareable":true,"content":[{"tag":"text","type":"ul","pattern":"info","heading":"五险","text":["养老保险","医疗保险","失业保险","工伤保险","生育保险"]},{"tag":"text","type":"tip","text":["养老保险、医疗保险和失业保险由企业和个人共同缴纳保费；工伤保险和生育保险完全由企业承担，个人不需要缴纳。"]},{"tag":"text","pattern":"info","heading":"一金","text":["住房公积金"]}],"images":[],"id":"guide/job/defination/insurance","scopeData":{"@type":"general","uniq_id":"guide/job/defination/insurance","title":"五险一金","digest":"五险 养老保险 医疗保险 失业保险 工伤保险 生育保险养老保险、医疗保险和失业保险由企业和个人共同缴纳保费；工伤保险和生育保险完全由企业承担，个人不需要缴纳。一金 住房公积金","thumbs":["https://mp.innenu.com/img/inNENU.jpg"],"tags":[]}}