{"title":"转专业","author":"Mr.Hope","time":"2021年7月25日","grey":true,"shareable":true,"content":[{"tag":"list","content":[{"text":"全日制本科生转专业实施办法","desc":"官方文件","icon":"about","path":"guide/degree/change-major/rule"},{"text":"本科生转专业实施办法解读","icon":"intro","path":"guide/degree/change-major/explain"},{"text":"常见问题","icon":"faq","path":"guide/degree/change-major/faq"},{"text":"Mr.Hope の个人建议","icon":"idea","path":"guide/degree/change-major/advice"}]},{"tag":"doc","name":"各专业准入细则","url":"https://mp.innenu.com/file/study/switchMajor.pdf","icon":"pdf"},{"tag":"text","text":["以下信息仅供热门专业、人数的参考"]},{"tag":"doc","name":"2020年转专业公示名单","url":"https://mp.innenu.com/file/study/switch-major-2020.xlsx","icon":"xls"}],"images":[],"id":"guide/degree/change-major/index","scopeData":{"@type":"general","uniq_id":"guide/degree/change-major/index","title":"转专业","digest":"以下信息仅供热门专业、人数的参考","thumbs":["https://mp.innenu.com/img/inNENU.jpg"],"tags":[]}}