{"title":"政法学院招生","desc":"研究生招生信息来自研究生院","author":"Mr.Hope","time":"2021年7月11日","shareable":true,"content":[{"tag":"title","text":"本科招生情况"},{"tag":"p","text":["政法学院现设有思想政治教育(公费师范)、法学、行政管理、国际政治、政治学与行政学 5 个本科专业，其中后四个专业采取大类招生。"],"style":"text-indent: 1.5em; "},{"tag":"text","heading":"专业介绍视频"},{"tag":"media","type":"video","src":"http://zsb.nenu.edu.cn/__local/2/7F/9E/0448B0E44E7D417997DD13124B3_D06AAD99_17273268.mp4?e=.mp4"},{"tag":"list","header":"本科专业介绍","content":[{"text":"思想政治教育(公费师范)","path":"intro/school/politics/mind"},{"text":"法学","path":"intro/school/politics/law"},{"text":"政治学类","path":"intro/school/politics/class"}]},{"tag":"title","text":"硕士研究生招生概况"},{"tag":"img","src":"https://mp.innenu.com/img/enroll/politics-master.png","desc":"2021年招生信息"},{"tag":"phone","header":"硕士研究生招生咨询电话","fName":"珊","lName":"王","num":"0431-84536373","org":"东北师范大学政法学院","title":"硕士研究生招生负责人","street":"吉林省长春市净月大街 2555 号","postCode":"130117","email":"wangs354@nenu.edu.cn"}],"images":["https://mp.innenu.com/img/enroll/politics-master.png"],"id":"intro/school/politics/enroll","scopeData":{"@type":"general","uniq_id":"intro/school/politics/enroll","cover":"https://mp.innenu.com/img/enroll/politics-master.png","title":"政法学院招生","digest":"政法学院现设有思想政治教育(公费师范)、法学、行政管理、国际政治、政治学与行政学 5 个本科专业，其中后四个专业采取大类招生。专业介绍视频 ","thumbs":["https://mp.innenu.com/img/enroll/politics-master.png"],"tags":["本科招生情况","硕士研究生招生概况"]}}