{"title":"法学专业","desc":"来源: 政法学院官网","time":"2021年7月9日","shareable":true,"content":[{"tag":"title","text":"专业目标"},{"tag":"p","text":["为普通类专业，旨在培养适应社会主义法制建设需要的，能够从事立法、司法、执法等与法律有关工作及法学教学与研究的德、智、体全面发展、具有创新精神的各层次法律专门人才。"],"style":"text-indent: 1.5em; "},{"tag":"title","text":"专业介绍"},{"tag":"p","text":["法学系于1994年在政治教育系开始招收法学专业全日制本科生，目前是吉林省优势重点学科。1998年学校成立政法学院，同时增设法学系。2003年起，法学专业相继获得宪法学与行政法学、刑法学、民商法学和法理理论学术硕士学位授予权和法学一级学科硕士学位授予权。2009年，获得法律硕士专业学位(J.M)授予权。2011年，经吉林省司法厅批准，法学系建立了吉林省法律援助中心东北师范大学工作站。","多年来，法学系以学科建设为引领，努力加强专业和学科建设，致力于为国家法治建设与经济社会发展培养合格的高素质应用型法律人才。法学系现有专任教师22人，教授6人，副教授8人，讲师7人，师资博士后1人。其中博士生导师5人，具有博士学位的教师17人。拥有吉林省拔尖创新人才、新世纪人才、吉林省十大杰出中青年法学家、中共吉林省委决策咨询委员会委员、吉林省法官检察官惩戒委员会委员、省市人大政府立法咨询委员等多人。法学教师耕耘不辍，春华秋实。近几年来共主持国家社科基金8项，国家自然科学基金1项，教育部人文‍社会科学重点研究基地重大项目1项，教育部人文社科基金等项目8项，中央其他部委项目5项，省市社科规划项目20项，其他项目20余项，目前在研科研项目经费总额200万余元。出版学术专著及教材17部。在‍国家级刊物、重点刊物、CSSCI级刊物上发表学术论文100余篇，其中部分论文被《新华文摘》等全文转载或摘编。获得各级各类奖励30余项。","学高为师，身正为范。治学以诚，立身以法。东师法学二十载，小荷已成擎雨盖。东师人凝法之精髓，炼师者风骨，怀法治理想，育桃李芬芳。"],"style":"text-indent: 1.5em; "},{"tag":"title","text":"就业方向"},{"tag":"p","text":["政法机关、其它部门法律机构、法学研究与教学、职业律师。"],"style":"text-indent: 1.5em; "}],"images":[],"id":"intro/school/politics/law","scopeData":{"@type":"general","uniq_id":"intro/school/politics/law","title":"法学专业","digest":"为普通类专业，旨在培养适应社会主义法制建设需要的，能够从事立法、司法、执法等与法律有关工作及法学教学与研究的德、智、体全面发展、具有创新精神的各层次法律专门人才。法学系于1994年在政治教育系开始招收法学专业全日制本科生，目前是吉林省优势重","thumbs":["https://mp.innenu.com/img/inNENU.jpg"],"tags":["专业目标","专业介绍","就业方向"]}}