{"title":"政治学与行政学专业","desc":"来源: 政法学院官网","time":"2020年8月6日","shareable":true,"content":[{"tag":"title","text":"专业目标"},{"tag":"p","text":["旨在培养适应中国特色社会主义现代化建设需要的，具有一定政治学、行政学方面的基础理论和专业知识，具备较高专业文化素质和较强学习研究能力的政治学与行政学专业性人才。"],"style":"text-indent: 1.5em; "},{"tag":"title","text":"专业介绍"},{"tag":"p","text":["政治学与行政学本科专业于2015年4月获教育部批准，2015年正式面向全国招生。政治学与行政学专业现有专任教师12人，教授1人，副教授7人，讲师3人。其中博士生导师1人，具有博士学位的教师10人，外籍教师1人。政治学与行政学本科专业依托我校政治学一级学科的师资办学，政治学一级学科是我校传统优势学科，早在1981年即获得政治学理论、科学社会主义与国际共产主义运动、中共党史和国际政治等二级学科硕士学位授予权，1986年获得中共党史学科博士学位授予权。1995年，中共党史学科被评为吉林省重点学科， 2005年政治学理论申报成为省级重点学科，2006年获得政治学一级学科硕士学位授予权，2007年建立政治学博士后科研流动站，2011年获得政治学一级学科博士学位授予权，2012年政治学一级学科申报成为吉林省优势特色建设学科，在2012年全国学科评估排名中，政治学一级学科综合排名与清华大学、苏州大学、武汉大学并列第七名。政治学与行政学本科专业虽然设立较晚，但是拥有丰富的办学资源和实力雄厚的师资队伍，整体办学实力、专业建设水平和人才培养质量不断提高，呈现出良好的发展态势。","政治学与行政学属非师范专业，基础学制4年，旨在培养适应中国特色社会主义现代化建设事业需要的，具有扎实的理论功底和良好专业素养、较强的学习与探究能力和创新精神，拟从事政治学与行政学研究的后备专门人才，为高层次人才培养(主要是研究生以及硕博连读)提供优质生源，为教学和科学研究工作机构、党政机关和企事业单位等部门输送优秀人才。"],"style":"text-indent: 1.5em; "},{"tag":"title","text":"就业方向"},{"tag":"p","text":["党政机关、企事业单位和社会团体等从事管理、科学研究及思想政治工作等方面岗位。"],"style":"text-indent: 1.5em; "}],"images":[],"id":"intro/school/politics/politics","scopeData":{"@type":"general","uniq_id":"intro/school/politics/politics","title":"政治学与行政学专业","digest":"旨在培养适应中国特色社会主义现代化建设需要的，具有一定政治学、行政学方面的基础理论和专业知识，具备较高专业文化素质和较强学习研究能力的政治学与行政学专业性人才。政治学与行政学本科专业于2015年4月获教育部批准，2015年正式面向全国招生。","thumbs":["https://mp.innenu.com/img/inNENU.jpg"],"tags":["专业目标","专业介绍","就业方向"]}}