{"title":"Web新生课程学习","author":"Mr.Hope","time":"2021年8月1日","shareable":true,"content":[{"tag":"title","text":"PC Web 学习流程"},{"tag":"ul","text":["点击 “课群课程”，并依次学习所有课程"]},{"tag":"img","src":"https://mp.innenu.com/img/yiban/web-study1.png"},{"tag":"ul","text":["每一个课程需要先点击 “报名学习”"]},{"tag":"img","src":"https://mp.innenu.com/img/yiban/web-study2.png"},{"tag":"ul","text":["之后才可以点击 “进入学习”"]},{"tag":"img","src":"https://mp.innenu.com/img/yiban/web-study3.png"},{"tag":"ul","text":["依次选择屏幕右侧的课时进行学习"]},{"tag":"img","src":"https://mp.innenu.com/img/yiban/web-study4.png"},{"tag":"ol","type":"warning","text":["课程学习有进度，请不要随意拖拽进度条，认真观看。","后面的考试题会涉及到这部分视频的内容"]}],"images":["https://mp.innenu.com/img/yiban/web-study1.png","https://mp.innenu.com/img/yiban/web-study2.png","https://mp.innenu.com/img/yiban/web-study3.png","https://mp.innenu.com/img/yiban/web-study4.png"],"id":"guide/yiban/study/web","scopeData":{"@type":"general","uniq_id":"guide/yiban/study/web","cover":"https://mp.innenu.com/img/yiban/web-study1.png","title":"Web新生课程学习","digest":"点击 “课群课程”，并依次学习所有课程每一个课程需要先点击 “报名学习”之后才可以点击 “进入学习”依次选择屏幕右侧的课时进行学习课程学习有进度，请不要随意拖拽进度条，认真观看。 后面的考试题会涉及到这部分视频的内容","thumbs":["https://mp.innenu.com/img/yiban/web-study1.png","https://mp.innenu.com/img/yiban/web-study2.png","https://mp.innenu.com/img/yiban/web-study3.png","https://mp.innenu.com/img/yiban/web-study4.png"],"tags":["PC Web 学习流程"]}}