{"title":"长春站-到本部","author":"Mr.Hope","time":"2020年7月24日","shareable":true,"content":[{"tag":"text","type":"p","text":["除了乘坐校学生会提供的迎新大巴之外(2020 年没有)，同学们主要有三种交通方式到达本部。"],"style":"text-indent: 1.5em; "},{"tag":"title","text":"地铁"},{"tag":"text","type":"p","text":["地铁是最快最便捷的方式，推荐大家选择地铁。"],"style":"text-indent: 1.5em; "},{"tag":"text","type":"p","heading":"路程流程","text":["从长春站北上车，往红嘴子方向(南)，到东北师大下车(4 站)，最快 8 分钟可到达。下车后从 C 出站口出站，即可到达东师校医院门口，出站后左手边即为东北师范大学。"],"style":"text-indent: 1.5em; "},{"tag":"text","type":"p","heading":"出站口选择","text":["建议大家从长春站北出站，因为一是长春站南 7 月初还因疫情封闭，到时候也未必开，二是从站南出去上地铁没有站北方便。所以请大家进入出站地道后，向北出站口方向行进。"],"style":"text-indent: 1.5em; "},{"tag":"text","type":"p","heading":"疫情相关","text":["由于新冠疫情，7 月初时南出站口仍处于封闭状态，而且出站时要测量体温、刷身份证，请提前做好准备。","在长春乘坐公共交通工具、出入公共场所，都需要用到吉林省内的吉祥码。请提前进行相关注册并在地铁案件前出示吉祥码。"],"style":"text-indent: 1.5em; "},{"tag":"list","header":false,"content":[{"text":"吉祥码注册与使用","icon":"register","path":"guide/prepare/jixiang-code/index"}]},{"tag":"img","src":"https://mp.innenu.com/img/check/subway-schedule.jpg","desc":"东北师大站时刻表"},{"tag":"img","src":"https://mp.innenu.com/img/check/subway-nenu.jpg","desc":"东北师大站门口"},{"tag":"text","type":"p","heading":"地铁口位置","text":["从地下一层出站口出站后(此时亲面朝北)，继续前往地下二楼的综合换乘中心，在西北角进入地铁一号线(墙上有明显的指示牌指示)。请务必不要走错到轻轨 4 号线。从 B1 出站口出站后请在右前方寻找向下的电梯，下电梯请左转在右前方寻找指示牌。从 B2 出站口出站请左转直行，在右手边找到电梯下楼后继续左转在右前方寻找指示牌。"],"style":"text-indent: 1.5em; "},{"tag":"img","src":"https://mp.innenu.com/img/check/subway-chang-chun-north.jpg","desc":"地铁 1 号线门口"},{"tag":"text","type":"ul","heading":"购票相关","text":["从 长春站北 / 长春站 到 东北师大 票价 2 元","地铁售票采用无人自动售票机，购票机支持现金、长春一卡通、微信、支付宝与各大银行 APP。","长春的地铁票和其他地方一样，票只是是按价格来的不分特定出口。在购票机上快速找到东北师大站可能对初来长春的新生们有点困难，届时完全没必要在左侧的线路图上去找车站，请直接在屏幕右侧选择 ￥2 和所需的张数，之后点击现金支付或扫码支付即可。","进入地铁站有安检，如刷单程票进站，出站时请将单程票放入回收口。"]},{"tag":"text","type":"p","heading":"其他注意事项","text":["请注意开往红嘴子方向的地铁运营时间是 6:06-21:46，其他时间请选择打车。"],"style":"text-indent: 1.5em; "},{"tag":"img","src":"https://mp.innenu.com/img/check/ticket-machine.jpg","desc":"自助售票机"},{"tag":"img","src":"https://mp.innenu.com/img/check/subway-stop.jpg","desc":"地铁一号线停靠点"},{"tag":"img","src":"https://mp.innenu.com/img/check/subway-env.jpg","desc":"地铁内部环境"},{"tag":"img","src":"https://mp.innenu.com/img/check/subway-ticket.jpg","desc":"地铁票"},{"tag":"title","text":"公交(不建议)"},{"tag":"text","type":"p","text":["乘坐公交比较麻烦，而且步行的距离较长，路途花费的时间也更长。"],"style":"text-indent: 1.5em; "},{"tag":"text","type":"p","heading":"路程流程","text":["如果南出站口开放，请沿地下广场继续向南走走到人民大街北端即可在右手边看到车站。","如果南出站口因疫情原因关闭，请从南北通道到南出站口，继续向南走走到人民大街北端即可在右手边看到车站。南北通道在火车站台的西侧。","可乘 6 路，66 路，306 路，至自由大路站，票价 1 元，车程约 20 分钟；也可乘 160 路到动植物公园站，票价 2 元(旅游线路票价高)，车程约 20 分钟。"],"style":"text-indent: 1.5em; "},{"tag":"text","type":"p","heading":"疫情相关","text":["由于新冠疫情，7 月初时南出站口仍处于封闭状态，而且出站时要测量体温、刷身份证，请提前做好准备。","在长春乘坐公共交通工具、出入公共场所，都需要用到吉林省内的吉祥码。请提前进行相关注册并在地铁案件前出示吉祥码。"],"style":"text-indent: 1.5em; "},{"tag":"list","header":false,"content":[{"text":"吉祥码注册与使用","icon":"register","path":"guide/prepare/jixiang-code/index"}]},{"tag":"text","type":"p","heading":"南北通道位置","text":["当同学从底下一层出站口出站后，此时亲面朝北，请不要判断错方向。从出站口出站后，请寻找向南通向地面广场的出口。进入地面广场后向西北方向行进即可看到南北通道的北口。通过南北通道大约需要 10 分钟左右。从南口出站以后，所在的位置是长春站的西南角。"],"style":"text-indent: 1.5em; "},{"tag":"title","text":"打车"},{"tag":"text","type":"p","text":["如果你到达火车站已经是晚上，公共交通已经停运，那么你也许需要打车。不过一般情况下，半夜是无法办理报到的，所以你可能要找一个酒店住一晚。"],"style":"text-indent: 1.5em; "},{"tag":"text","type":"p","heading":"价格与时间","text":["从火车站约 13—17 元，早晚高峰期在路上可能会堵车(不堵就很快)。请告知师傅到人民大街的东北师范大学，动植物公园对面的门下车。(不可能有司机不知道动植物公园)"],"style":"text-indent: 1.5em; "},{"tag":"text","type":"p","heading":"出租车乘降中心位置","text":["从北出站口 B1 出来后，请右转直行，并留意左手边指示，从出站口北 B2 出来之后请左转，约十步即可在右侧看到出租车乘降中心的牌子。在出租车乘降中心请排队等待上车(队伍非恶劣天气会前进的很快)。","从南出站口出来时，请一直向南，按照路边的指示牌的方向行进，找到乘降中心应该不难。"],"style":"text-indent: 1.5em; "},{"tag":"img","src":"https://mp.innenu.com/img/check/taxi.jpg","desc":"乘降中心指示牌"},{"tag":"list","header":false,"content":[{"text":"更多打车相关提示","icon":"taxi","path":"guide/check/arrival/taxi"}]}],"images":["https://mp.innenu.com/img/check/subway-schedule.jpg","https://mp.innenu.com/img/check/subway-nenu.jpg","https://mp.innenu.com/img/check/subway-chang-chun-north.jpg","https://mp.innenu.com/img/check/ticket-machine.jpg","https://mp.innenu.com/img/check/subway-stop.jpg","https://mp.innenu.com/img/check/subway-env.jpg","https://mp.innenu.com/img/check/subway-ticket.jpg","https://mp.innenu.com/img/check/taxi.jpg"],"id":"guide/check/arrival/train/benbu","scopeData":{"@type":"general","uniq_id":"guide/check/arrival/train/benbu","cover":"https://mp.innenu.com/img/check/subway-schedule.jpg","title":"长春站-到本部","digest":"除了乘坐校学生会提供的迎新大巴之外(2020 年没有)，同学们主要有三种交通方式到达本部。地铁是最快最便捷的方式，推荐大家选择地铁。路程流程 从长春站北上车，往红嘴子方向(南)，到东北师大下车(4 站)，最快 8 分钟可到达。下车后从 C ","thumbs":["https://mp.innenu.com/img/check/subway-schedule.jpg","https://mp.innenu.com/img/check/subway-nenu.jpg","https://mp.innenu.com/img/check/subway-chang-chun-north.jpg","https://mp.innenu.com/img/check/ticket-machine.jpg","https://mp.innenu.com/img/check/subway-stop.jpg","https://mp.innenu.com/img/check/subway-env.jpg","https://mp.innenu.com/img/check/subway-ticket.jpg","https://mp.innenu.com/img/check/taxi.jpg"],"tags":["地铁","公交(不建议)","打车"]}}