{"title":"物流管理学专业","author":"Mr.Hope","time":"2020年8月6日","desc":"来源: 东北师范大学罗格斯大学纽瓦克学院官网","shareable":true,"content":[{"tag":"title","text":"专业简介"},{"tag":"text","type":"p","text":["本专业培养能够利用世界物流体系、即时供求信息和全球绩效测评的手段，建立全套基础设施，从事运营设计、规划执行、质量监控，以及供应链运作的专业管理人才。本专业为学生提供掌握各种最新最前沿的供应链管理策略以及实务管理知识和技术，使学生具有规划物流业务流程的能力，提升公司及其职能部门层次的业务能力，以及获取丰厚商业利润目标的能力。"],"style":"text-indent: 1.5em; "},{"tag":"title","text":"就业方向"},{"tag":"text","type":"p","text":["供应链管理中的商务物流、物质采购、供应商关系、物料分析、产品规划等领域；政府、企事业相关部门。"],"style":"text-indent: 1.5em; "}],"images":[],"id":"intro/school/newark/supply","scopeData":{"@type":"general","uniq_id":"intro/school/newark/supply","title":"物流管理学专业","digest":"本专业培养能够利用世界物流体系、即时供求信息和全球绩效测评的手段，建立全套基础设施，从事运营设计、规划执行、质量监控，以及供应链运作的专业管理人才。本专业为学生提供掌握各种最新最前沿的供应链管理策略以及实务管理知识和技术，使学生具有规划物流","thumbs":["https://mp.innenu.com/img/inNENU.jpg"],"tags":["专业简介","就业方向"]}}