{"title":"NCRE 说明","author":"Mr.Hope","time":"2020年7月17日","shareable":true,"content":[{"tag":"text","type":"p","text":["全国计算机等级考试(National Computer Rank Examination，以下简称 NCRE)，是经原国家教育委员会(现教育部)批准，由教育部考试中心主办，面向社会，用于考查应试人员计算机应用知识与技能的全国性计算机水平考试体系。","目前《全国计算机等级考试考试大纲(2018 年版)》为最新版本考纲，自 2018 年 3 月开始实施。"],"style":"text-indent: 1.5em; "},{"tag":"list","header":"详情说明","content":[{"text":"计算机二级","icon":"office","path":"guide/exam/NCRE//NCRE2"},{"text":"计算机三级","icon":"office","path":"guide/exam/NCRE//NCRE3"},{"text":"计算机四级","icon":"office","path":"guide/exam/NCRE//NCRE4"}]}],"images":[],"id":"guide/exam/NCRE/intro","scopeData":{"@type":"general","uniq_id":"guide/exam/NCRE/intro","title":"NCRE 说明","digest":"全国计算机等级考试(National Computer Rank Examination，以下简称 NCRE)，是经原国家教育委员会(现教育部)批准，由教育部考试中心主办，面向社会，用于考查应试人员计算机应用知识与技能的全国性计算机水平考试","thumbs":["https://mp.innenu.com/img/inNENU.jpg"],"tags":[]}}