{"title":"新生课程学习","author":"Mr.Hope","time":"2021年7月31日","grey":true,"shareable":true,"content":[{"tag":"text","type":"tip","text":["请注意，报到前每位学生必须完成易班中的考试，并完成作业参与互评。"]},{"tag":"list","header":"客户端","content":[{"text":"注册账号","icon":"account","path":"guide/yiban/register/mobile"},{"text":"课程添加","icon":"course","path":"guide/yiban/add/mobile"},{"text":"课程学习","icon":"study","path":"guide/yiban/study/mobile"},{"text":"课程作业与考试","icon":"test","path":"guide/yiban/exam"}]},{"tag":"list","header":"PC 网页","content":[{"text":"注册账号","icon":"account","path":"guide/yiban/register/web"},{"text":"课程添加","icon":"course","path":"guide/yiban/add/web"},{"text":"课程学习","icon":"study","path":"guide/yiban/study/web"},{"text":"课程作业与考试","icon":"test","path":"guide/yiban/exam"}]}],"images":[],"id":"guide/yiban/index","scopeData":{"@type":"general","uniq_id":"guide/yiban/index","title":"新生课程学习","digest":"请注意，报到前每位学生必须完成易班中的考试，并完成作业参与互评。","thumbs":["https://mp.innenu.com/img/inNENU.jpg"],"tags":[]}}