{"title":"还书流程","author":"Mr.Hope","time":"2020年9月1日","shareable":true,"content":[{"tag":"title","text":"本部"},{"tag":"text","type":"p","text":["一楼进门左手可以看到自助还书机，在自助还书机上操作还书后将书交还给服务台。"],"style":"text-indent: 1.5em; "},{"tag":"title","text":"净月"},{"tag":"text","type":"p","text":["在二楼的总服务台处还书。"],"style":"text-indent: 1.5em; "},{"tag":"title","text":"注意事项"},{"tag":"text","type":"ol","text":["读者有责任在借阅期限内归还所借图书资料，凡逾期归还所借书刊资料的，须缴纳资料占用费，逾期两天以内(不含逾期日)，不缴纳滞纳金；逾期三天及以上，每过一天缴纳滞纳金 0.5 元，滞纳金最高金额不超过该书赔偿价格。","若读者逾期归还图书，图书馆规定读者只有缴清逾期罚款后，方可重新享有图书馆服务。所以持有过期图书会影响继续借书，并影响读者享受其他图书馆服务。","若读者损坏或丢失图书，可赔偿原书或根据不同情况赔偿。"]}],"images":[],"id":"intro/apartment/library/return","scopeData":{"@type":"general","uniq_id":"intro/apartment/library/return","title":"还书流程","digest":"一楼进门左手可以看到自助还书机，在自助还书机上操作还书后将书交还给服务台。在二楼的总服务台处还书。读者有责任在借阅期限内归还所借图书资料，凡逾期归还所借书刊资料的，须缴纳资料占用费，逾期两天以内(不含逾期日)，不缴纳滞纳金；逾期三天及以上，","thumbs":["https://mp.innenu.com/img/inNENU.jpg"],"tags":["本部","净月","注意事项"]}}