{"title":"浴池","author":"Mr.Hope","time":"2020年9月1日","photo":["https://mp.innenu.com/img/life/bath1.jpg","https://mp.innenu.com/img/life/bath2.jpg"],"content":[{"tag":"title","text":"简介"},{"tag":"p","text":["学生浴池在九舍背后，一楼是男宾、二楼是女宾。","浴池一楼还有奶茶店、水果店、健身器材等设施。"],"style":"text-indent: 1.5em; "},{"tag":"list","header":false,"content":[{"text":"更多详情","path":"guide/bath"}]}],"images":[],"id":"map/benbu/facility/bath","scopeData":{"@type":"general","uniq_id":"map/benbu/facility/bath","title":"浴池","digest":"学生浴池在九舍背后，一楼是男宾、二楼是女宾。 浴池一楼还有奶茶店、水果店、健身器材等设施。","thumbs":["https://mp.innenu.com/img/inNENU.jpg"],"tags":["简介"]}}