{"title":"学院介绍","grey":true,"author":"Mr.Hope","time":"2020年7月18日","shareable":true,"content":[{"tag":"list","header":"教育学部","content":[{"text":"学部介绍","icon":"/module/icon/info.svg","base64Icon":"info","path":"intro/school/education/intro"},{"text":"专业招生介绍","icon":"/module/icon/about.svg","base64Icon":"about","path":"intro/school/education/enroll"}]},{"tag":"list","header":"心理学院","content":[{"text":"学院介绍","icon":"/module/icon/info.svg","base64Icon":"info","path":"intro/school/psychology/intro"},{"text":"专业招生介绍","icon":"/module/icon/about.svg","base64Icon":"about","path":"intro/school/psychology/enroll"}]},{"tag":"list","header":"政法学院","content":[{"text":"学院介绍","icon":"/module/icon/info.svg","base64Icon":"info","path":"intro/school/politics/intro"},{"text":"专业招生介绍","icon":"/module/icon/about.svg","base64Icon":"about","path":"intro/school/politics/enroll"}]},{"tag":"list","header":"经济与管理学院","content":[{"text":"学院介绍","icon":"/module/icon/info.svg","base64Icon":"info","path":"intro/school/economy/intro"},{"text":"专业招生介绍","icon":"/module/icon/about.svg","base64Icon":"about","path":"intro/school/economy/enroll"}]},{"tag":"list","header":"文学院","content":[{"text":"学院介绍","icon":"/module/icon/info.svg","base64Icon":"info","path":"intro/school/chinese/intro"},{"text":"专业招生介绍","icon":"/module/icon/about.svg","base64Icon":"about","path":"intro/school/chinese/enroll"}]},{"tag":"list","header":"历史文化学院","content":[{"text":"学院介绍","icon":"/module/icon/info.svg","base64Icon":"info","path":"intro/school/history/intro"},{"text":"专业招生介绍","icon":"/module/icon/about.svg","base64Icon":"about","path":"intro/school/history/enroll"},{"text":"学科简介","icon":"/module/icon/bookshelf.svg","base64Icon":"bookshelf","path":"intro/school/history/subject"}]},{"tag":"list","header":"外国语学院","content":[{"text":"学院介绍","icon":"/module/icon/info.svg","base64Icon":"info","path":"intro/school/foreign/intro"},{"text":"专业招生介绍","icon":"/module/icon/about.svg","base64Icon":"about","path":"intro/school/foreign/enroll"}]},{"tag":"list","header":"音乐学院","content":[{"text":"学院介绍","icon":"/module/icon/info.svg","base64Icon":"info","path":"intro/school/music/intro"},{"text":"专业招生介绍","icon":"/module/icon/about.svg","base64Icon":"about","path":"intro/school/music/enroll"}]},{"tag":"list","header":"美术学院","content":[{"text":"学院介绍","icon":"/module/icon/info.svg","base64Icon":"info","path":"intro/school/art/intro"},{"text":"专业招生介绍","icon":"/module/icon/about.svg","base64Icon":"about","path":"intro/school/art/enroll"}]},{"tag":"list","header":"马克思主义学部","content":[{"text":"学院部介绍","path":"intro/school/marx/intro"},{"text":"专业招生介绍","icon":"/module/icon/about.svg","base64Icon":"about","path":"intro/school/marx/enroll"}]},{"tag":"list","header":"数学与统计学院","content":[{"text":"学院介绍","icon":"/module/icon/info.svg","base64Icon":"info","path":"intro/school/math/intro"},{"text":"专业招生介绍","icon":"/module/icon/about.svg","base64Icon":"about","path":"intro/school/math/enroll"}]},{"tag":"list","header":"信息科学与技术学院","content":[{"text":"学院介绍","icon":"/module/icon/info.svg","base64Icon":"info","path":"intro/school/ist/intro"},{"text":"专业招生介绍","icon":"/module/icon/about.svg","base64Icon":"about","path":"intro/school/ist/enroll"}]},{"tag":"list","header":"物理学院","content":[{"text":"学院介绍","icon":"/module/icon/info.svg","base64Icon":"info","path":"intro/school/physics/intro"},{"text":"专业招生介绍","icon":"/module/icon/about.svg","base64Icon":"about","path":"intro/school/physics/enroll"}]},{"tag":"list","header":"化学学院","content":[{"text":"学院介绍","icon":"/module/icon/info.svg","base64Icon":"info","path":"intro/school/chemistry/intro"},{"text":"专业招生介绍","icon":"/module/icon/about.svg","base64Icon":"about","path":"intro/school/chemistry/enroll"}]},{"tag":"list","header":"生命科学学院","content":[{"text":"学院介绍","icon":"/module/icon/info.svg","base64Icon":"info","path":"intro/school/biology/intro"},{"text":"专业招生介绍","icon":"/module/icon/about.svg","base64Icon":"about","path":"intro/school/biology/enroll"}]},{"tag":"list","header":"地理科学学院","content":[{"text":"学院介绍","icon":"/module/icon/info.svg","base64Icon":"info","path":"intro/school/geography/intro"},{"text":"专业招生介绍","icon":"/module/icon/about.svg","base64Icon":"about","path":"intro/school/geography/enroll"}]},{"tag":"list","header":"环境学院","content":[{"text":"学院介绍","icon":"/module/icon/info.svg","base64Icon":"info","path":"intro/school/environment/intro"},{"text":"专业招生介绍","icon":"/module/icon/about.svg","base64Icon":"about","path":"intro/school/environment/enroll"}]},{"tag":"list","header":"体育学院","content":[{"text":"学院介绍","icon":"/module/icon/info.svg","base64Icon":"info","path":"intro/school/pe/intro"},{"text":"专业招生介绍","icon":"/module/icon/about.svg","base64Icon":"about","path":"intro/school/pe/enroll"}]},{"tag":"list","header":"传媒科学学院(新闻学院)","content":[{"text":"学院介绍","icon":"/module/icon/info.svg","base64Icon":"info","path":"intro/school/media/intro"},{"text":"专业招生介绍","icon":"/module/icon/about.svg","base64Icon":"about","path":"intro/school/media/enroll"}]},{"tag":"list","header":"民族教育学院","content":[{"text":"学院介绍","icon":"/module/icon/info.svg","base64Icon":"info","path":"intro/school/people/intro"},{"text":"一年制培养","icon":"/module/icon/plan.svg","base64Icon":"plan","path":"intro/school/people/one-year"},{"text":"两年制培养","icon":"/module/icon/plan.svg","base64Icon":"plan","path":"intro/school/people/two-year"}]},{"tag":"list","header":"国际汉学院","content":[{"text":"学院介绍","icon":"/module/icon/info.svg","base64Icon":"info","path":"intro/school/international/intro"},{"text":"专业招生介绍","icon":"/module/icon/about.svg","base64Icon":"about","path":"intro/school/international/enroll"}]},{"tag":"list","header":"纽瓦克学院","content":[{"text":"学院介绍","icon":"/module/icon/info.svg","base64Icon":"info","path":"intro/school/newark/intro"},{"text":"专业招生介绍","icon":"/module/icon/about.svg","base64Icon":"about","path":"intro/school/newark/enroll"}]}],"images":[],"id":"intro/school/index","scopeData":{"@type":"general","uniq_id":"intro/school/index","title":"学院介绍","digest":"","thumbs":["https://mp.innenu.com/img/inNENU.jpg"],"tags":[]}}