{"title":"旅游管理专业","desc":"来源: 历史文化学院官网","time":"2021年7月4","shareable":true,"content":[{"tag":"title","text":"专业简介"},{"tag":"text","type":"p","text":["为非公费师范类专业，秉承着“厚重人文，兼顾理工；淳厚学养，高尚德能”的办学理念，培养具备全面的旅游科学及相关文化基础知识，具备科学的思维方法、创新精神和较强实践能力的高水平专业人才。毕业后有能力在中高等旅游院校(包括旅游专业)、旅游企业、事业单位各领域作为专业师资、管理人员、高级导游等，从事教学、科研、旅游资源开发与规划、旅游规划管理和服务等工作，以适应日益增长的旅游业发展的需要。"],"style":"text-indent: 1.5em; "},{"tag":"title","text":"学费价格"},{"tag":"text","type":"p","text":["旅游管理的学费均为 3850 元/年"],"style":"text-indent: 1.5em; "},{"tag":"title","text":"主干课程"},{"tag":"ul","text":["旅游学概论","经济学基础","管理学原理","会计学原理","社会统计学原理","中国文化通史","世界文化通史","旅游地理学","旅游经济学","现代饭店管理","旅行社经营管理","旅游景区管理","旅游政策与法规","旅游市场营销","旅游资源开发与规划","旅游客源国概况","导游学概论"]},{"tag":"title","text":"就业方向"},{"tag":"text","type":"p","text":["旅游管理专业师资人员、管理人员、高级导游。"],"style":"text-indent: 1.5em; "}],"images":[],"id":"intro/school/history/travel","scopeData":{"@type":"general","uniq_id":"intro/school/history/travel","title":"旅游管理专业","digest":"为非公费师范类专业，秉承着“厚重人文，兼顾理工；淳厚学养，高尚德能”的办学理念，培养具备全面的旅游科学及相关文化基础知识，具备科学的思维方法、创新精神和较强实践能力的高水平专业人才。毕业后有能力在中高等旅游院校(包括旅游专业)、旅游企业、事","thumbs":["https://mp.innenu.com/img/inNENU.jpg"],"tags":["专业简介","学费价格","主干课程","就业方向"]}}