{"title":"教务处","grey":true,"author":"Mr.Hope","time":"2021年7月9日","shareable":true,"content":[{"tag":"list","content":[{"text":"教务处介绍","icon":"info","path":"intro/apartment/course/intro"},{"text":"机构设置","icon":"apartment","path":"intro/apartment/course/apartment"},{"text":"各学院教务秘书电话","icon":"phone","path":"intro/apartment/course/contact"}]},{"tag":"list","header":"人员信息","content":[{"text":"教务处处长人员信息","path":"intro/apartment/course/people/leader"},{"text":"综合办公室人员信息","path":"intro/apartment/course/people/complex"},{"text":"教学建设与改革办公室人员信息","path":"intro/apartment/course/people/construct"},{"text":"教学运行管理办公室人员信息","path":"intro/apartment/course/people/run"},{"text":"学籍管理办公室人员信息","path":"intro/apartment/course/people/roll"},{"text":"教学质量管理办公室人员信息","path":"intro/apartment/course/people/quality"},{"text":"教学质量管理办公室人员信息","path":"intro/apartment/course/people/innovation"},{"text":"本科生招生办公室人员信息","path":"intro/apartment/course/people/enroll"},{"text":"净月教务管理办公室人员信息","path":"intro/apartment/course/people/jingyue"}]}],"images":[],"id":"intro/apartment/course/index","scopeData":{"@type":"general","uniq_id":"intro/apartment/course/index","title":"教务处","digest":"","thumbs":["https://mp.innenu.com/img/inNENU.jpg"],"tags":[]}}