{"title":"外国语学院专业","author":"Mr.Hope","time":"2020年8月6日","shareable":true,"content":[{"tag":"title","text":"本科招生概况"},{"tag":"text","type":"ul","text":["英语(公费师范): ￥0/年","英语: ￥5060/年","日语: ￥3850/年","俄语: ￥3850/年","商务英语: ￥5060/年"]},{"tag":"text","text":["更多介绍还待补充"],"style":"color: #888;font-size: 14px;"},{"tag":"title","text":"硕士研究生招生概况"},{"tag":"img","src":"https://mp.innenu.com/img/school/foreign-master.png"},{"tag":"text","heading":"硕士研究生招生咨询电话"},{"tag":"phone","fName":"洋","lName":"王","num":"0431-85099181","org":"东北师范大学外国语学院","title":"硕士研究生招生负责人","street":"吉林省长春市人民大街5268号","postCode":"130024","email":"wangy263@nenu.edu.cn"}],"images":["https://mp.innenu.com/img/school/foreign-master.png"],"id":"intro/school/foreign/enroll","scopeData":{"@type":"general","uniq_id":"intro/school/foreign/enroll","cover":"https://mp.innenu.com/img/school/foreign-master.png","title":"外国语学院专业","digest":"英语(公费师范): ￥0/年 英语: ￥5060/年 日语: ￥3850/年 俄语: ￥3850/年 商务英语: ￥5060/年更多介绍还待补充硕士研究生招生咨询电话 ","thumbs":["https://mp.innenu.com/img/school/foreign-master.png"],"tags":["本科招生概况","硕士研究生招生概况"]}}