{"title":"教务系统","author":"Mr.Hope","time":"2020年9月5日","grey":true,"shareable":true,"content":[{"tag":"list","header":"本科教学服务系统","content":[{"text":"系统介绍","icon":"info","base64Icon":"info","path":"guide/system/intro"},{"text":"英语免修申请","icon":"exemption","base64Icon":"exemption","path":"guide/system/exemption/english"},{"text":"转专业申请","icon":"flow","base64Icon":"flow","path":"guide/system/change-major"}]},{"tag":"list","header":"研究生教学服务系统","content":[{"text":"制作中..."}]}],"images":[],"id":"guide/system/index","scopeData":{"@type":"general","uniq_id":"guide/system/index","title":"教务系统","digest":"","thumbs":["https://mp.innenu.com/img/inNENU.jpg"],"tags":[]}}