{"title":"新生课程学习","author":"Mr.Hope","time":"2021年7月29日","grey":true,"shareable":true,"content":[{"tag":"text","heading":" ","text":["目前已经可以在易班上完成校方认证了。"]},{"tag":"text","type":"warning","text":["目前暂无课程邀请码，预计会在 8 月 1 日放出。"]},{"tag":"list","content":[{"text":"注册账号","icon":"account","path":"guide/prepare/yiban/register"},{"text":"课程添加","icon":"course","path":"guide/prepare/yiban/add"},{"text":"课程学习","icon":"study","path":"guide/prepare/yiban/study"},{"text":"课程作业与考试","icon":"test","path":"guide/prepare/yiban/exam"}]}],"images":[],"id":"guide/prepare/yiban/index","scopeData":{"@type":"general","uniq_id":"guide/prepare/yiban/index","title":"新生课程学习","digest":"  目前已经可以在易班上完成校方认证了。目前暂无课程邀请码，预计会在 8 月 1 日放出。","thumbs":["https://mp.innenu.com/img/inNENU.jpg"],"tags":[]}}