{"title":"化学（普通类）","author":"Mr.Hope","time":"2021年7月10日","desc":"","shareable":true,"content":[{"tag":"title","text":"培养目标"},{"tag":"p","text":["本专业培养具有公民意识和社会责任感的德智体美全面发展的、富有创新精神、实践能力的高素质化学专门人才，能胜任在化学及其相关领域从事科学研究、教学、应用开发和管理等工作。"],"style":"text-indent: 1.5em; "},{"tag":"title","text":"培养要求"},{"tag":"ul","text":["系统掌握扎实的化学理论知识和实验能力。","具有进行物质的合成设计、结构分析及性能表征的能力。","了解化学领域的理论前沿、应用前景和最新发展动态以及化学相关产业发展状况。","了解化学科学的理论前沿和发展动向，具备科学的思维方式和创新精神。","具有综合运用多种手段和方法提出、分析和解决问题的能力。","掌握运用现代信息技术获取相关信息的基本方法。","能够熟悉科学研究论文写作的一般过程与方法。","具有使用至少一门外语有效地表达和交流思想的能力。"]}],"images":[],"id":"intro/school/chemistry/chemistry","scopeData":{"@type":"general","uniq_id":"intro/school/chemistry/chemistry","title":"化学（普通类）","digest":"本专业培养具有公民意识和社会责任感的德智体美全面发展的、富有创新精神、实践能力的高素质化学专门人才，能胜任在化学及其相关领域从事科学研究、教学、应用开发和管理等工作。系统掌握扎实的化学理论知识和实验能力。 具有进行物质的合成设计、结构分析及","thumbs":["https://mp.innenu.com/img/inNENU.jpg"],"tags":["培养目标","培养要求"]}}