{"title":"数学与统计学院","grey":true,"author":"Mr.Hope","time":"2020年8月5日","shareable":true,"content":[{"tag":"list","content":[{"text":"学院简介","icon":"/icon/about.svg","path":"intro/school/math/intro"},{"text":"专业介绍","icon":"/module/icon/info.svg","path":"intro/school/math/enroll"}]}],"images":[],"id":"intro/school/math/index","scopeData":{"@type":"general","uniq_id":"intro/school/math/index","title":"数学与统计学院","digest":"","thumbs":["https://mp.innenu.com/img/inNENU.jpg"],"tags":[]}}