{"title":"交通","author":"Mr.Hope","time":"2021年7月23日","shareable":true,"content":[{"tag":"title","text":"本部净月往返"},{"tag":"text","heading":"地铁-轻轨","text":["本部到净月的路线:"," 1. 乘坐地铁一号线从东北师大站向红嘴子方向坐三站到卫星广场站。"," 2. 在卫星广场站站内换乘三号线轻轨向长影影视城方向乘坐到博硕路下车。","净月到本部的路线:"," 1. 乘坐轻轨三号线从博硕路向长春站方向乘坐若干站到卫星广场站。"," 2. 在卫星广场站站内换乘地铁一号线向北环城路方向乘坐三战到东北师大站下车。","本部的地铁站就在正门附近，也就是校医院门口；净月的轻轨站在净月校门附近，出校门左转走两分钟就到了。"]},{"tag":"img","src":"https://mp.innenu.com/img/life/subway-1-time.jpg","desc":"地铁一号线运营时间"},{"tag":"img","src":"https://mp.innenu.com/img/life/subway-1.png","desc":"地铁一号线途经站点"},{"tag":"p","heading":"公交","text":["从本部三舍旁的校门出去后左转便能看到“动植物公园站”公交站(不用过马路)，乘坐 160 路，在净月附近的“东北师范大学站”下车，向面向轻轨站的左手边走两分钟就能到净月校区门口。净月到本部反之。","每人 2 元(长春市的公交除 160 路为旅游专线票价 2 元以外，其他基本上是 1 元)，时间约 40 分钟，当然如果遇到上下班高峰期很容易堵车。"],"style":"text-indent: 1.5em; "},{"tag":"p","heading":"校车","text":["东师有自己的校车，往返于本部和净月之间，乘坐校车需要刷卡。在“东师青年”微信公众号中输入“校车”，就会看到校车的时刻表、乘车条件以及办卡的申请表哦。申请通过后可刷卡免费乘坐校车."],"style":"text-indent: 1.5em; "},{"tag":"text","type":"warning","text":["班车申请需要有合理理由，比如有转专业意向去听课或者因辅修或双学位需求跨校区选课。","前排提示各位猛男看女朋友并不是合理理由! 😑"]},{"tag":"p","heading":"出租车","text":["约 30 元，时间 30 分钟左右(可能会堵车)。"],"style":"text-indent: 1.5em; "},{"tag":"title","text":"本部/净月-火车站"},{"tag":"list","header":false,"content":[{"text":"查看详情","path":"guide/check/arrival/train/index"}]},{"tag":"title","text":"本部/净月-飞机"},{"tag":"list","header":false,"content":[{"text":"查看详情","path":"guide/check/arrival/plane/index"}]},{"tag":"title","text":"本部/净月-主要商业圈"},{"tag":"text","heading":"本部到附近商业圈","text":["重庆路:\n可以坐地铁在人民广场站下车，而红旗街无法直达需要换乘，建议乘坐公交。","桂林路:\n本部可以乘坐公交车到同志街站、桂林路站等。但是由于实在很近，建议选择步行至桂林路，约15分钟。"]},{"tag":"p","heading":"净月到迅驰广场","text":["从田径场旁的小门出去，沿着路向前走，经过居民区，大概 5 分钟就能走到迅驰广场。"],"style":"text-indent: 1.5em; "}],"images":["https://mp.innenu.com/img/life/subway-1-time.jpg","https://mp.innenu.com/img/life/subway-1.png"],"id":"guide/life/traffic/switch","scopeData":{"@type":"general","uniq_id":"guide/life/traffic/switch","cover":"https://mp.innenu.com/img/life/subway-1-time.jpg","title":"交通","digest":"地铁-轻轨 本部到净月的路线:  1. 乘坐地铁一号线从东北师大站向红嘴子方向坐三站到卫星广场站。  2. 在卫星广场站站内换乘三号线轻轨向长影影视城方向乘坐到博硕路下车。 净月到本部的路线:  1. 乘坐轻轨三号线从博硕路向长春站方向乘坐","thumbs":["https://mp.innenu.com/img/life/subway-1-time.jpg","https://mp.innenu.com/img/life/subway-1.png"],"tags":["本部净月往返","本部/净月-火车站","本部/净月-飞机","本部/净月-主要商业圈"]}}