{"title":"心理学院","grey":true,"author":"Mr.Hope","time":"2021年8月7日","shareable":true,"content":[{"tag":"list","content":[{"text":"学院简介","icon":"about","path":"intro/school/psychology/intro"},{"text":"专业介绍","icon":"intro","path":"intro/school/psychology/enroll"}]},{"tag":"copy","header":"官网地址","text":"https://psy.nenu.edu.cn/"}],"images":[],"id":"intro/school/psychology/index","scopeData":{"@type":"general","uniq_id":"intro/school/psychology/index","title":"心理学院","digest":"","thumbs":["https://mp.innenu.com/img/inNENU.jpg"],"tags":[]}}