{"title":"心理学专业介绍","desc":"来源: 2021年本科招生指南","time":"2021年7月11日","shareable":true,"content":[{"tag":"title","text":"专业简介"},{"tag":"p","text":["为教育部批准备案的师范专业，学生毕业后可选择从事教师职业，也可选择继续攻读研究生，或选择从事其他职业。旨在培养德智体全面发展的具备心理学及相关学科的基本理论，专业知识与技能的优秀心理学基础科学研究和教学人才，为相关学科输送高质量的研究生生源。同时也为高等院校、医疗机构、公安司法部门、营销公司等企事业单位培养从事心理健康教育、心理咨询服务、心理学应用等工作的专门人才。本专业实行本硕一体化培养，学习成绩优秀者可直接推荐免试攻读硕士学位研究生。"],"style":"text-indent: 1.5em; "},{"tag":"title","text":"主干课程"},{"tag":"ul","text":["人体解剖生理学","普通心理学","发展心理学","教育心理学","教育与心理统计","实验心理学","心理学史","社会心理学","心理测量学","人格心理学","社会科学数据分析","认知心理学","生理心理学","咨询心理学","营销心理学","认知神经科学导论","心理健康教育","心理学研究方法"]},{"tag":"title","text":"就业方向"},{"tag":"p","text":["高等教育院校及科研院所心理学专门人才, 中小学心理健康教育及从事与心理学相关的工作。"],"style":"text-indent: 1.5em; "}],"images":[],"id":"intro/school/psychology/psychology","scopeData":{"@type":"general","uniq_id":"intro/school/psychology/psychology","title":"心理学专业介绍","digest":"为教育部批准备案的师范专业，学生毕业后可选择从事教师职业，也可选择继续攻读研究生，或选择从事其他职业。旨在培养德智体全面发展的具备心理学及相关学科的基本理论，专业知识与技能的优秀心理学基础科学研究和教学人才，为相关学科输送高质量的研究生生源","thumbs":["https://mp.innenu.com/img/inNENU.jpg"],"tags":["专业简介","主干课程","就业方向"]}}