{"title":"快递","author":"Mr.Hope","time":"2021年7月28日","shareable":true,"content":[{"tag":"text","type":"tip","text":["由于疫情原因，开学学校会封校至少两周。","所以 Mr.Hope 建议同学们请尽量选择在校内有快递点的快递。"]},{"tag":"title","text":"本部"},{"tag":"copy","header":"邮寄地址","text":"吉林省长春市南岭街道人民大街 5268 号"},{"tag":"copy","header":"邮编","text":"130024"},{"tag":"list","header":false,"content":[{"text":"快递详情","path":"guide/express/benbu"}]},{"tag":"title","text":"净月"},{"tag":"copy","header":"邮寄地址","text":"吉林省长春市净月大街 2555 号"},{"tag":"copy","header":"邮编","text":"130117"},{"tag":"list","header":false,"content":[{"text":"快递详情","path":"guide/express/jingyue"}]}],"images":[],"id":"guide/express/index","scopeData":{"@type":"general","uniq_id":"guide/express/index","title":"快递","digest":"由于疫情原因，开学学校会封校至少两周。 所以 Mr.Hope 建议同学们请尽量选择在校内有快递点的快递。","thumbs":["https://mp.innenu.com/img/inNENU.jpg"],"tags":["本部","净月"]}}