{"title":"净月快递","author":"Mr.Hope","time":"2021年7月4","shareable":true,"content":[{"tag":"text","text":["由于疫情封校，净月快递点在校园内的有:"]},{"tag":"ul","text":["中通","韵达","申通","百世","天天","邮政","顺丰","京东","苏宁","EMS"]},{"tag":"text","text":["如果要寄快递的话最好选择它们。"]},{"tag":"title","text":"快递中心"},{"tag":"text","text":["可取 EMS、邮政速递、邮政包裹、顺丰、中通、申通、天天、国通、安能，卓越亚马逊待定。"]},{"tag":"text","heading":"营业时间","text":["8:30 - 18:00","四季时间不变，节假日不休息"]},{"tag":"phone","header":"联系电话","num":"18943901323","fName":"快递中心服务电话","org":"东北师范大学"},{"tag":"img","src":"https://mp.innenu.com/img/life/express3.jpg"},{"tag":"img","src":"https://mp.innenu.com/img/life/express4.jpg"},{"tag":"img","src":"https://mp.innenu.com/img/life/express5.jpg"},{"tag":"title","text":"校园外快递中心"},{"tag":"text","text":["可取京东、快捷、百世汇通、圆通、韵达。"]},{"tag":"text","heading":"服务地点","text":["博硕路星座影咖后身"]},{"tag":"ul","heading":"营业时间","text":["平时: 8:00 - 18:00","周末: 8:00 - 17:00 或 17:30","四季时间不变，节假日不休息。"]},{"tag":"img","src":"https://mp.innenu.com/img/life/express6.jpg"},{"tag":"title","text":"中医药大学北门点"},{"tag":"text","text":["即东师西北角小门。可取当当，黄马甲快递。"]},{"tag":"title","text":"其他"},{"tag":"text","type":"p","text":["其他一些快递如唯品会的寄件，收件地址会在长春中医药大学正门门口，包裹到货后配送员会在电话或短信中说明收货地点，以此为准。"],"style":"text-indent: 1.5em; "},{"tag":"title","text":"净月校区各生活点位置"},{"tag":"img","src":"https://mp.innenu.com/img/life/bank.jpg"},{"tag":"img","src":"https://mp.innenu.com/img/life/life.jpg"}],"images":["https://mp.innenu.com/img/life/express3.jpg","https://mp.innenu.com/img/life/express4.jpg","https://mp.innenu.com/img/life/express5.jpg","https://mp.innenu.com/img/life/express6.jpg","https://mp.innenu.com/img/life/bank.jpg","https://mp.innenu.com/img/life/life.jpg"],"id":"guide/express/jingyue","scopeData":{"@type":"general","uniq_id":"guide/express/jingyue","cover":"https://mp.innenu.com/img/life/express3.jpg","title":"净月快递","digest":"由于疫情封校，净月快递点在校园内的有:如果要寄快递的话最好选择它们。可取 EMS、邮政速递、邮政包裹、顺丰、中通、申通、天天、国通、安能，卓越亚马逊待定。营业时间 8:30 - 18:00 四季时间不变，节假日不休息可取京东、快捷、百世汇通","thumbs":["https://mp.innenu.com/img/life/express3.jpg","https://mp.innenu.com/img/life/express4.jpg","https://mp.innenu.com/img/life/express5.jpg","https://mp.innenu.com/img/life/express6.jpg","https://mp.innenu.com/img/life/bank.jpg","https://mp.innenu.com/img/life/life.jpg"],"tags":["快递中心","校园外快递中心","中医药大学北门点","其他","净月校区各生活点位置"]}}