{"title":"班级年级工作介绍","author":"Mr.Hope","time":"2021年7月4","shareable":true,"content":[{"tag":"title","text":"班级工作"},{"tag":"p","text":["对于班级最重要的职务就是班长和团支书。大部分学院都会将其配置为一男一女，这样方便班级管理。","对于人数三十到五十人的班级，通常班长兼任团副支书，设一名或不设副班长。","对于超过五十人的班级，一般设 1 - 2 名副班长，或设副班长和团副支书各一名。","班长和团支书在某种情况下是工作互补的，经常会共同完成一个工作，各自负责自己的性别。","通常情况下，班长和团支书的男生同学可能会更加频繁的去做一些体力工作，比如说为大家发放院服，为大家搬书。而女生一般会帮助进行一些查点统计的工作。"],"style":"text-indent: 1.5em; "},{"tag":"title","text":"班长"},{"tag":"p","heading":"工作量","text":["四年的班长工作纵向对比来看，大一一般是最忙的，大四次之，大二大三的工作不是很繁忙。","大一会有大量的活动和任务，因为大一的学习压力比较小，学生的相对服从性也比较高，所以学院需要学生参与的一些活动都会安排大一出席。","大四会也会有不少考研、就业、毕业相关的问题与通知需要您去解决或发布。"],"style":"text-indent: 1.5em; "},{"tag":"p","heading":"工作内容","text":["班长最主要的工作就是组织集体活动和发放通知。","班长需要组织所有班级的集体活动，比如扫雪、听讲座等。同时班长也要定期组织一些内容有趣的班级活动，每月一次的班会是必须的。另外班长还要负责活动出席人数的清点、查寝等事项。","班长的工作很琐碎，而且需要积极参与年级的各项活动。简单举例，比如每年学生证需要注册火车注册章，这个工作一般就会由班长跟团支书来收取大家的学生证，自己到学院统一盖好注册章，充好磁后再统一返还给同学们。大一开学要上交的男生兵役表也由班级的团支书与班长中的男性来负责。扫雪的任务也将会交给您负责。这些细碎的工作会贯穿大学四年。"],"style":"text-indent: 1.5em; "},{"tag":"p","heading":"优缺点","text":["如果您大一成为班长，一个最大的好处就是您会很快也必须认全全班的所有学生，并对他们做一个最基本的了解。同时这也会使您成为你们班上人气最高的几个人之一。","但在工作中不可避免，一定会有某些人经常迟交、漏交您所要收集的内容。这个时候就需要您多加督促、来帮助他改变自己。同时像一些扫雪植树等。班级统一的活动也一定会有一些进行表面工作出力不够的同学们。如果您不处理这些同学们，那么可能会引发一些认真工作人的不满，但是您也不能直截了当批评这些工作不够认真的同学们，如何激励他们就要靠您的个人魅力和交流方式。"],"style":"text-indent: 1.5em; "},{"tag":"p","heading":"需要的能力","text":["班长的语言和行为艺术极其重要，如果您能够妥善的处理好班级的各项事务，那么您会成为你们班呼声最高的那个人，但是如果您不能妥善处理好，这个职务也可能您得罪班级很多同学。"],"style":"text-indent: 1.5em; "},{"tag":"title","text":"团支书"},{"tag":"p","heading":"工作量","text":["团支书的工作较为均衡。"],"style":"text-indent: 1.5em; "},{"tag":"p","heading":"工作内容","text":["团支书最主要的工作就是负责共青团方面的内容，进行每月一次的团日活动以及过后团日活动的记录与总结，还要负责团费收缴、团员档案整理等工作。另外一些其他党团相关的活动，多数也都需要团支书出席。","团支书在多数情况下需要配合班长，比如在集体活动中负责组织自己性别的同学、协助班长完成自己性别同学的查点，以及在班长没能及时看消息的时候帮忙将通知发布给班级同学。"],"style":"text-indent: 1.5em; "},{"tag":"p","heading":"优缺点","text":["由于需要和班长一起完成班级工作，所以基本等同班长。"],"style":"text-indent: 1.5em; "},{"tag":"title","text":"年级工作"},{"tag":"p","text":["待补充..."],"style":"text-indent: 1.5em; "}],"images":[],"id":"guide/advice/work/stage/class","scopeData":{"@type":"general","uniq_id":"guide/advice/work/stage/class","title":"班级年级工作介绍","digest":"对于班级最重要的职务就是班长和团支书。大部分学院都会将其配置为一男一女，这样方便班级管理。 对于人数三十到五十人的班级，通常班长兼任团副支书，设一名或不设副班长。 对于超过五十人的班级，一般设 1 - 2 名副班长，或设副班长和团副支书各一","thumbs":["https://mp.innenu.com/img/inNENU.jpg"],"tags":["班级工作","班长","团支书","年级工作"]}}