{"title":"专业所在校区","author":"Mr.Hope","time":"2020年7月24日","shareable":true,"content":[{"tag":"text","type":"p","text":["东北师范大学有本部校区与净月校区两个校区。新生们可以根据录取通知书上的学院找到相应的校区(新生手册里有每个学院对应的校区)。因为两个校区相距较远，报到时若走错校区非常麻烦!"],"style":"text-indent: 1.5em; "},{"tag":"title","text":"本部校区院系专业"},{"tag":"text","type":"ol","text":["教育学部","心理学院","文学院","历史文化学院","外国语学院","马克思主义学部","数学与统计学院","物理学院","化学学院","生命科学学院","地理科学学院","环境学院(大一)","体育学院"]},{"tag":"list","header":false,"content":[{"text":"本部校区校门介绍","icon":"gate","path":"guide/check/benbu"},{"text":"本部校区寝室介绍","icon":"dorm","path":"guide/dorm/locate/benbu"}]},{"tag":"title","text":"净月校区院系专业"},{"tag":"text","type":"ol","text":["政法学院","经济与管理学院","外国语学院","音乐学院","美术学院","信息科学与技术学院","传媒科学学院","民族教育学院","东北师范大学罗格斯大学•纽瓦克学院。"]},{"tag":"list","header":false,"content":[{"text":"净月校区校门介绍","icon":"gate","path":"guide/check/jingyue"},{"text":"净月校区寝室介绍","icon":"dorm","path":"guide/dorm/locate/jingyue"}]},{"tag":"title","text":"注意事项"},{"tag":"text","type":"ul","heading":"涉及到以下专业的新生们，千万要分清自己入学后的校区","text":["非公费师范师的思想政治教育专业在马克思主义学部，公费师范的思想政治教育专业在政法学院","环境学院的同学在大一结束后会从本部校区搬到净月校区","英语系(公费师范与普通师范)的同学在本部的外国语学院，而日语系、俄语系、商务英语系的同学在净月的外国语学院"]},{"tag":"title","text":"校区地址"},{"tag":"list","header":false,"content":[{"text":"地址与快递相关","icon":"express","path":"guide/express/index"}]}],"images":[],"id":"guide/check/locate","scopeData":{"@type":"general","uniq_id":"guide/check/locate","title":"专业所在校区","digest":"东北师范大学有本部校区与净月校区两个校区。新生们可以根据录取通知书上的学院找到相应的校区(新生手册里有每个学院对应的校区)。因为两个校区相距较远，报到时若走错校区非常麻烦!教育学部 心理学院 文学院 历史文化学院 外国语学院 马克思主义学部","thumbs":["https://mp.innenu.com/img/inNENU.jpg"],"tags":["本部校区院系专业","净月校区院系专业","注意事项","校区地址"]}}