{"title":"警示","author":"Mr.Hope","time":"2020年8月26日","shareable":true,"content":[{"tag":"text","type":"p","text":["为了大家都能更好的完成自己的学业，顺利毕业，学校从 2019 级学生起开展了预警机制。"],"style":"text-indent: 1.5em; "},{"tag":"title","text":"预警目的"},{"tag":"text","type":"p","text":["学校依据学生管理规定、学籍管理条例及各专业培养方案要求，通过对学生每学期的学习情况进行分析，对可能或已经发生学习问题、或完成学业困难的学生进行警示，告知学生本人及家长可能产生的不良后果，并针对性地采取相应补救和帮扶措施，指导学生按期完成学业。"],"style":"text-indent: 1.5em; "},{"tag":"title","text":"预警等级"},{"tag":"text","type":"p","text":["学业预警按照情节轻重程度分为学业警示和退学警示。"],"style":"text-indent: 1.5em; "},{"tag":"text","type":"p","heading":"学业警示","text":["上一学期有 2 门必修课补考后仍不及格；在校期间必修课不及格门数累计达到 3 门；在校期间所获得课程学分数未达到所在专业同一年级学生获得课程平均学分数的 80%。"],"style":"text-indent: 1.5em; "},{"tag":"text","type":"p","heading":"退学警示","text":["上一学期有 3 门必修课补考后仍不及格；在校期间必修课不及格门数累计达到 6 门；在校期间所获得课程学分数未达到所在专业同一年级学生获得课程平均学分数的 70%。"],"style":"text-indent: 1.5em; "},{"tag":"text","heading":"注意","text":["学生初次达到退学警示级别一年后，再次受到退学警示，学校将予以退学处理。"]},{"tag":"title","text":"预警及帮扶措施"},{"tag":"text","type":"ol","text":["对预警学生进行警示谈话","与家长及时进行沟通","留存相关记录，形成学业预警档案"]},{"tag":"doc","name":"东北师范大学本科学生学业预警工作实施办法(试行)","url":"https://mp.innenu.com/file/jwc/alert.pdf","icon":"pdf"}],"images":[],"id":"guide/study/alert","scopeData":{"@type":"general","uniq_id":"guide/study/alert","title":"警示","digest":"为了大家都能更好的完成自己的学业，顺利毕业，学校从 2019 级学生起开展了预警机制。学校依据学生管理规定、学籍管理条例及各专业培养方案要求，通过对学生每学期的学习情况进行分析，对可能或已经发生学习问题、或完成学业困难的学生进行警示，告知学","thumbs":["https://mp.innenu.com/img/inNENU.jpg"],"tags":["预警目的","预警等级","预警及帮扶措施"]}}