{"title":"学习","grey":true,"author":"Mr.Hope","time":"2020年7月17日","shareable":true,"content":[{"tag":"list","header":"日常学习","content":[{"text":"上课时间、地点","icon":"/module/icon/time.svg","path":"guide/study/location-and-time"},{"text":"课程免修","icon":"/module/icon/exemption.svg","path":"guide/study/exemption"},{"text":"学业预警","icon":"/module/icon/alert.svg","path":"guide/study/alert"}]},{"tag":"list","header":"成绩","content":[{"text":"学分","icon":"/module/icon/gpa.svg","path":"guide/study/credit"},{"text":"绩点","icon":"/module/icon/gpa.svg","path":"guide/study/gpa"},{"text":"成绩单与成绩档案","icon":"/module/icon/score.svg","path":"guide/study/grade"}]},{"tag":"list","header":"奖学金","content":[{"text":"本科生奖学金介绍","icon":"/module/icon/scholarship.svg","path":"guide/study/scholarship/undergraduate"},{"text":"本科奖学金评审说明","icon":"/module/icon/alert.svg","path":"guide/study/scholarship/explain"},{"text":"研究生奖学金介绍","icon":"/module/icon/scholarship.svg","path":"guide/study/scholarship/postgraduate"},{"text":"奖学金申请","icon":"/module/icon/apply.svg","path":"guide/study/scholarship/apply"}]}],"images":[],"id":"guide/study/index","scopeData":{"@type":"general","uniq_id":"guide/study/index","title":"学习","digest":"","thumbs":["https://mp.innenu.com/img/inNENU.jpg"],"tags":[]}}