{"title":"环境科学专业","desc":"来源: 环境学院官网","time":"2021年7月9日","shareable":true,"content":[{"tag":"title","text":"培养目标"},{"tag":"p","text":["面向国家环境保护与可持续发展重大需求，培养具有健康体魄、健全心理素质；具备良好的社会责任感和职业道德精神；具备可持续发展理念和人文素养，受到良好环境科学专业知识和技能训练；具备科学思维方式和终身学习能力，在环境保护、生态建设、防灾减灾相关领域具进一步深造潜质的学术型人才或从事环境管理、咨询、宣传教育的应用型人才。"],"style":"text-indent: 1.5em; "}],"images":[],"id":"intro/school/environment/science","scopeData":{"@type":"general","uniq_id":"intro/school/environment/science","title":"环境科学专业","digest":"面向国家环境保护与可持续发展重大需求，培养具有健康体魄、健全心理素质；具备良好的社会责任感和职业道德精神；具备可持续发展理念和人文素养，受到良好环境科学专业知识和技能训练；具备科学思维方式和终身学习能力，在环境保护、生态建设、防灾减灾相关领","thumbs":["https://mp.innenu.com/img/inNENU.jpg"],"tags":["培养目标"]}}