{"title":"雕塑介绍","desc":"来源: 美术学院官网\n内容更新于: 2019年05月22日","time":"2020年8月6日","shareable":true,"content":[{"tag":"p","text":["需要特别注意的是，雕塑专业为 5 年制。"],"style":"text-indent: 1.5em; "},{"tag":"title","text":"专业介绍"},{"tag":"p","text":["东北师范大学美术学院雕塑专业成立于 1990 年，2001 年成立雕塑系。22 年间，雕塑系共为国家培养了 6 届两年制的师范类雕塑毕业生和 5 届 5 年制雕塑本科生及6届硕士研究生，共计 170 多人。为中国雕塑人才培养、雕塑艺术创作做出不可替代的贡献。","雕塑系本科课程体系纳入两个特色鲜明的工作室之中，强调实践和创新。近年来，雕塑系学生成果显著，学生在校期间作品就多次入选国家级展览并有获奖和收藏，在五年一届的全国美展中，雕塑系师生共有 20 多件作品入选、获奖，其中银奖 2 件，铜奖 2 件，优秀奖 2 件，获奖提名 4 件，4 件作品被中国美术馆收藏。在09年第十一届全国美展中，我系学生共有 8 件作品入选，并有一件得到了获奖提名。","雕塑系注重实践基地的建设和国际间的学术交流，累计聘请国内外专家讲学、授课 30 余次，在河北曲阳、山西运城等地建立基地 6 个，学生参加了历届长春国际雕塑作品邀请展及中国长春国际雕塑大会的学术和创作活动，为国外雕塑家做专业助手。受到组委会与雕塑家一致好评。","全体师生将在材料研究、新具象研究、雕塑理论研究等方向继续新的探索于研究，为培养更多更优秀的雕塑和理论人才而努力!"],"style":"text-indent: 1.5em; "},{"tag":"title","text":"教师队伍"},{"tag":"p","text":["教师和教辅人员 12 人，其中教授 2 名、副教授 3 名、讲师 5 名、助教 1 名、实验员 1 名。博士生导师 1 名，具有博士学位 2 人，在读博士 1 人，具有硕士学位 8 人，是一支实力雄厚的教学、科研团队。","雕塑系现有学生 127 名，其中研究生 42 名。"],"style":"text-indent: 1.5em; "}],"images":[],"id":"intro/school/art/sculptue","scopeData":{"@type":"general","uniq_id":"intro/school/art/sculptue","title":"雕塑介绍","digest":"需要特别注意的是，雕塑专业为 5 年制。东北师范大学美术学院雕塑专业成立于 1990 年，2001 年成立雕塑系。22 年间，雕塑系共为国家培养了 6 届两年制的师范类雕塑毕业生和 5 届 5 年制雕塑本科生及6届硕士研究生，共计 170 ","thumbs":["https://mp.innenu.com/img/inNENU.jpg"],"tags":["专业介绍","教师队伍"]}}