{"title":"为何照片这么丑","author":"Mr.Hope","time":"2020年7月18日","shareable":true,"content":[{"tag":"title","text":"为什么是这张照片!"},{"tag":"text","type":"p","text":["先不怀好意的笑一笑，新卡用的就是高考报考照片。您请不要埋怨，这是高校在新生入学前能够获得的新生唯一一张照片。"],"style":"text-indent: 1.5em; "},{"tag":"title","text":"照片这么丑可以换么?"},{"tag":"text","type":"p","text":["可以预想到您也许会产生挂失卡重新补办来换一张新照片的心理。但是 Mr.Hope 在这里悲伤地告诉您: 很遗憾不行。无论您补多少张卡，仍然是那张照片。这张校园卡会时刻提醒您: 生活不易，且行且珍惜。","最后，提示您: 大学学生证照片好好照哦~ hhh"],"style":"text-indent: 1.5em; "}],"images":[],"id":"guide/card/photo","scopeData":{"@type":"general","uniq_id":"guide/card/photo","title":"为何照片这么丑","digest":"先不怀好意的笑一笑，新卡用的就是高考报考照片。您请不要埋怨，这是高校在新生入学前能够获得的新生唯一一张照片。可以预想到您也许会产生挂失卡重新补办来换一张新照片的心理。但是 Mr.Hope 在这里悲伤地告诉您: 很遗憾不行。无论您补多少张卡，","thumbs":["https://mp.innenu.com/img/inNENU.jpg"],"tags":["为什么是这张照片!","照片这么丑可以换么?"]}}