{"title":"招生情况","grey":true,"author":"Mr.Hope","time":"2021年6月20日","shareable":true,"content":[{"tag":"list","header":"本科招生情况","content":[{"text":"2021 年本科开设专业","icon":"info","path":"intro/enroll/major/2021"},{"text":"2020 年本科开设专业","icon":"info","path":"intro/enroll/major/2020"},{"text":"2019 年本科开设专业","icon":"info","path":"intro/enroll/major/2019"},{"text":"本科招生查询","icon":"search","path":"intro/enroll/search"}]},{"tag":"list","header":"本科招生章程","content":[{"text":"2021 年本科招生章程","icon":"info","path":"intro/enroll/rule/2021"},{"text":"2020 年本科招生章程","icon":"info","path":"intro/enroll/rule/2020"},{"text":"2019 年本科招生章程","icon":"info","path":"intro/enroll/rule/2019"}]},{"tag":"copy","header":"2021招生计划","text":"http://bkzsw.nenu.edu.cn/col_000018_000171.html"},{"tag":"copy","header":"往年分数线","text":"http://bkzsw.nenu.edu.cn/col_000018_000170.html"},{"tag":"copy","header":"学校招生咨询群","text":"http://zsb.nenu.edu.cn/info/1016/1821.htm"},{"tag":"copy","header":"招生办留言板","text":"http://zsb.nenu.edu.cn/lyb.jsp?urltype=tree.TreeTempUrl&wbtreeid=1123"},{"tag":"list","header":"招生办公室介绍","content":[{"text":"招生办公室人员","icon":"info","path":"intro/enroll/intro"},{"text":"招生办公室联系方式","icon":"phone","path":"intro/enroll/contact"}]}],"images":[],"id":"intro/enroll/index","scopeData":{"@type":"general","uniq_id":"intro/enroll/index","title":"招生情况","digest":"","thumbs":["https://mp.innenu.com/img/inNENU.jpg"],"tags":[]}}