{"title":"校园卡","grey":true,"author":"Mr.Hope","time":"2020年7月18日","shareable":true,"content":[{"tag":"list","content":[{"text":"校园卡简介","icon":"/module/icon/info.svg","base64Icon":"info","path":"guide/card/intro"},{"text":"自助终端机","icon":"/module/icon/atm.svg","base64Icon":"atm","path":"guide/card/terminal"},{"text":"校园卡充值","icon":"/module/icon/pay.svg","base64Icon":"pay","path":"guide/card/charge"},{"text":"使用前准备","desc":"新卡到手后","icon":"/module/icon/prepare.svg","base64Icon":"prepare","path":"guide/card/prepare"},{"text":"校园卡丢失","desc":"立即挂失","icon":"/module/icon/lost.svg","base64Icon":"lost","path":"guide/card/lost"},{"text":"更多业务办理","desc":"信息化办","icon":"/module/icon/office.svg","base64Icon":"office","path":"guide/card/office"},{"text":"常见故障及解决办法","icon":"/module/icon/error.svg","base64Icon":"error","path":"guide/card/malfunction"},{"text":"照片???","icon":"/module/icon/photo.svg","base64Icon":"photo","desc":"为什么它这么丑","path":"guide/card/photo"},{"text":"爱护校园卡","icon":"/module/icon/card.svg","base64Icon":"card","path":"guide/card/protect"}]},{"tag":"list","content":[{"text":"Mr.Hope の个人建议","icon":"/module/icon/advice.svg","base64Icon":"advice","path":"guide/card/advice"}]}],"images":[],"id":"guide/card/index","scopeData":{"@type":"general","uniq_id":"guide/card/index","title":"校园卡","digest":"","thumbs":["https://mp.innenu.com/img/inNENU.jpg"],"tags":[]}}