{"title":"经济与管理学院","grey":true,"author":"Mr.Hope","time":"2020年8月6日","shareable":true,"content":[{"tag":"list","content":[{"text":"学院简介","icon":"/icon/about.svg","path":"intro/school/economy/intro"},{"text":"专业介绍","icon":"/module/icon/info.svg","path":"intro/school/economy/enroll"}]}],"images":[],"id":"intro/school/economy/index","scopeData":{"@type":"general","uniq_id":"intro/school/economy/index","title":"经济与管理学院","digest":"","thumbs":["https://mp.innenu.com/img/inNENU.jpg"],"tags":[]}}