{"title":"市场营销专业","desc":"来源: 经济与管理学院官网","time":"2021年7月7日","shareable":true,"content":[{"tag":"title","text":"专业性质"},{"tag":"p","text":["普通类专业"],"style":"text-indent: 1.5em; "},{"tag":"title","text":"专业目标"},{"tag":"p","text":["本专业旨在培养富有社会责任感、家国情怀和时代意识，掌握经济学、管理学基本理论，精通市场营销理论和方法，能够系统分析和创造性解决营销管理问题，适应未来社会与科技发展需要，胜任营销策划、市场运营、销售管理、营销咨询等管理工作的应用型高级专门人才。"],"style":"text-indent: 1.5em; "},{"tag":"title","text":"专业介绍"},{"tag":"p","text":["东北师范大学市场营销专业已形成了自己的办学特色,可归纳为: 学高为师、德厚为范，注重将学科的发展植根于师范大学的优势氛围的基础上，强调科学研究方法，形成了独特研究风格。努力培养有特点有创新，真正对社会有贡献的人才。"],"style":"text-indent: 1.5em; "},{"tag":"title","text":"主干课程"},{"tag":"ul","text":["管理学","市场营销原理","企业战略管理","市场营销调研","消费者行为","品牌管理","渠道管理","销售管理","国际市场营销","网络营销","供应链管理","商务谈判","客户关系管理","广告管理","服务营销","项目管理"]},{"tag":"title","text":"就业方向"},{"tag":"p","text":["本专业毕业生就业去向为各类型企业、事业单位从事市场管理、客户关系管理、运营管理、销售管理、市场调查和营销咨询等工作。也可进一步深造后在高校和研究机构从事市场营销相关的教学和科学研究工作。","市场营销专业毕业生可以从事市场调研、营销策划、市场开发、运营管理、咨询服务和教学科研等工作，也可在国内外高校及研究机构中继续深造。还可以在工商、外贸、金融、证券、旅游、房地产等企事业单位从事市场管理、客户关系管理、运营管理、销售管理、市场调查和营销咨询等工作。","根据对已毕业学生就业情况的统计，大约有75%的学生从事与营销专业相关的工作，从事营销策划、市场运营、销售管理、营销咨询等管理工作，其中10%的学生选择自主创业。近年来，大约有20%的学生选择本科毕业后继续深造，攻读国内外知名大学的研究生和MBA学位，在专业选择方面，主要以继续修读营销专业为主。"],"style":"text-indent: 1.5em; "}],"images":[],"id":"intro/school/economy/market","scopeData":{"@type":"general","uniq_id":"intro/school/economy/market","title":"市场营销专业","digest":"普通类专业本专业旨在培养富有社会责任感、家国情怀和时代意识，掌握经济学、管理学基本理论，精通市场营销理论和方法，能够系统分析和创造性解决营销管理问题，适应未来社会与科技发展需要，胜任营销策划、市场运营、销售管理、营销咨询等管理工作的应用型高","thumbs":["https://mp.innenu.com/img/inNENU.jpg"],"tags":["专业性质","专业目标","专业介绍","主干课程","就业方向"]}}