{"title":"播音与主持艺术专业","desc":"来源: 传媒科学学院官网","time":"2021年7月25日","shareable":true,"content":[{"tag":"title","text":"专业简介"},{"tag":"p","text":["为艺术类专业，旨在培养具有专业化、标准化的语言语音能力、新闻评述能力、节目主持能力和媒体创新视野，为广播电视及新媒体培养高素质的播音员与主持人才;为艺术类专业，要求-定的形象标准、艺术修养和扎实的文化底蕴，为社会文化机构、企事业单位、党政机构等宣传部门培养高级应用语言传播人才，以及适合于影视表演、形象代言等造型艺术人才。"],"style":"text-indent: 1.5em; "},{"tag":"title","text":"学科简介"},{"tag":"p","text":["2011年东北师范大学传媒科学学院获教育部批准开设播音与主持艺术专业，同年成立播音与主持艺术系。本专业紧紧结合现代媒介变化与社会发展需求，全面贯彻党的教育方针，充分体现综合大学多元化教育理念，培养具有自主创新精神、政治思想过硬、全媒体融合发展的中国特色社会主义新型传媒人才。","本专业建立了“厚基础、重实践”的课程体系，在语言学、传播学、新闻学、社会学、艺术学等基础上，注重语言表达、语音纯正、文艺表演、新闻采编的专业学习特色；注重视野开阔、立德树人的传媒人思想品行，同时鼓励学生开辟个人双学位学习。"],"style":"text-indent: 1.5em; "},{"tag":"title","text":"学费价格"},{"tag":"p","text":["播音与主持艺术专业学费为 ￥12000/年"],"style":"text-indent: 1.5em; "},{"tag":"title","text":"主干课程"},{"tag":"ul","text":["标准普通话语言语音基础","文学基础","艺术基础","传播学基础","新媒体概论","新闻播音","语言表达与述评","广播节目主持与采编","电视节目主持与采编","播音艺术创作","文艺演播","戏剧表演"]},{"tag":"title","text":"师资力量"},{"tag":"ul","heading":"系主任","text":["孟翀"]},{"tag":"ul","heading":"专业教师","text":["史册","王建辉","洪杨","孟翀","王若子","侯月","王洋"]},{"tag":"title","text":"能力培养要求"},{"tag":"ol","text":["熟悉党和国家新闻和文艺宣传方针、政策、法规。成为党文化宣传的重要力量。","熟练掌握本专业核心知识体系，如中国播音学、中国语言文学、新闻传播学、艺术学的基本知识。","熟练掌握广播电视新闻播音、语言表达与评述、广播电视节目主持、文艺演播与表演、新闻采编与评论、节目策划与制作等方面的知识技能。","具备广播电视节目策划、采访、写作、评论、编辑能力。","具备一定的外语会话与采访能力。","具备现代媒体相关的经营管理知识，具备行业所需的高标准业务素质，熟悉传媒产品的市场规律。","基本掌握现代媒体相关的新媒体技术知识。","初步了解常用编播设备的使用方法。"]},{"tag":"title","text":"就业方向"},{"tag":"ol","text":["有语言表达与应用，新闻播音理论与实践、播音主持艺术学、文艺主持理论与实践、电视访谈节目研究、新闻评论视角与技巧等6个专业方向，主要面向新闻媒体，影视演播、综艺节目方向就业。"]}],"images":[],"id":"intro/school/media/host","scopeData":{"@type":"general","uniq_id":"intro/school/media/host","title":"播音与主持艺术专业","digest":"为艺术类专业，旨在培养具有专业化、标准化的语言语音能力、新闻评述能力、节目主持能力和媒体创新视野，为广播电视及新媒体培养高素质的播音员与主持人才;为艺术类专业，要求-定的形象标准、艺术修养和扎实的文化底蕴，为社会文化机构、企事业单位、党政机","thumbs":["https://mp.innenu.com/img/inNENU.jpg"],"tags":["专业简介","学科简介","学费价格","主干课程","师资力量","能力培养要求","就业方向"]}}