{"title":"“吉祥码”注册","author":"Mr.Hope","time":"2021年7月4","shareable":true,"content":[{"tag":"title","text":"进入“吉事办”小程序流程"},{"tag":"p","heading":"未注册的用户","text":["可打开微信“扫一扫”扫描左侧二维码(图1-1)，进入小程序注册页面。"],"style":"text-indent: 1.5em; "},{"tag":"p","heading":"(二)已注册的用户","text":["可打开微信“扫一扫”扫描右侧二维码(图1-2)，进入小程序首页。"],"style":"text-indent: 1.5em; "},{"tag":"img","src":"https://mp.innenu.com/img/prepare/jixiang-code-scan.png"},{"tag":"title","text":"注册流程"},{"tag":"ol","text":["进入“吉事办”小程序后，点击“我的”—“登录”按钮。(图2-1)","进入登录页面后，点击“没有账号? 立即注册”按钮。(图2-1)","点击“立即注册”，填写注册手机号码，点击“获取验证码”按钮，当手机收到短信验证码的后，在“验证码”一栏填写正确的验证码，点击“下一步”即可完成此项操作。(图2-3)","填写用户密码、确认密码，如果其中一项没有填写都不会设置成功，如果此项操作中弹出错误提示，请根据提示进行相关修改。(图2-4)","填写用户名、真实姓名及身份证号码，如果其中一项没有填写都不会进行下一步操作，如果此项操作中弹出错误提示，请根据提示进行相关修改。(图2-5)"]},{"tag":"img","src":"https://mp.innenu.com/img/prepare/jixiang-code-register.png"},{"tag":"img","src":"https://mp.innenu.com/img/prepare/jixiang-code-fillin.png"},{"tag":"title","text":"登录流程"},{"tag":"ol","heading":"账号登录方式","text":["点击“我的”-“登录”进入登录页面。(图3-1-1)","输入正确的用户名及密码即可登录成功。(图3-1-2)"]},{"tag":"ol","heading":"微信登录方式","text":["点击“我的”-“登录”进入登录页面。(图3-1-1)","点击“微信授权登录”按钮，登录进“吉事办”小程序首页。(图3-2-1)"]},{"tag":"img","src":"https://mp.innenu.com/img/prepare/jixiang-code-login.png"},{"tag":"title","text":"查看吉祥码流程"},{"tag":"text","heading":"未登录用户","text":["点击“去登录-查看吉祥码”图标后进入登录页面，执行登录流程(如上文所示)。(图4-1)"]},{"tag":"text","heading":"已登录用户","text":["点击“首页”，选择“查看吉祥码”(图4-2-1)； 查看吉祥码(图4-2-2)。"]},{"tag":"text","heading":"国家用户","text":["点击首页，选择“查看吉祥码”(图4-2-1)"]},{"tag":"img","src":"https://mp.innenu.com/img/prepare/jixiang-code-view.png"},{"tag":"title","text":"个人信息上报流程"},{"tag":"ol","text":["打开查看吉祥码页面。(图5-1)","点击“个人信息上报”输入“近两周是否有以下症状”，若有选择对应症状，输入体温，输入家庭所在地区，输入家庭详细住址，输入备注信息，点击“提交”完成个人健康信息上报。(图5-2)"]},{"tag":"img","src":"https://mp.innenu.com/img/prepare/jixiang-code-upload.png"}],"images":["https://mp.innenu.com/img/prepare/jixiang-code-scan.png","https://mp.innenu.com/img/prepare/jixiang-code-register.png","https://mp.innenu.com/img/prepare/jixiang-code-fillin.png","https://mp.innenu.com/img/prepare/jixiang-code-login.png","https://mp.innenu.com/img/prepare/jixiang-code-view.png","https://mp.innenu.com/img/prepare/jixiang-code-upload.png"],"id":"guide/prepare/jixiang-code/register","scopeData":{"@type":"general","uniq_id":"guide/prepare/jixiang-code/register","cover":"https://mp.innenu.com/img/prepare/jixiang-code-scan.png","title":"“吉祥码”注册","digest":"未注册的用户 可打开微信“扫一扫”扫描左侧二维码(图1-1)，进入小程序注册页面。(二)已注册的用户 可打开微信“扫一扫”扫描右侧二维码(图1-2)，进入小程序首页。进入“吉事办”小程序后，点击“我的”—“登录”按钮。(图2-1) 进入登录","thumbs":["https://mp.innenu.com/img/prepare/jixiang-code-scan.png","https://mp.innenu.com/img/prepare/jixiang-code-register.png","https://mp.innenu.com/img/prepare/jixiang-code-fillin.png","https://mp.innenu.com/img/prepare/jixiang-code-login.png","https://mp.innenu.com/img/prepare/jixiang-code-view.png","https://mp.innenu.com/img/prepare/jixiang-code-upload.png"],"tags":["进入“吉事办”小程序流程","注册流程","登录流程","查看吉祥码流程","个人信息上报流程"]}}