{"title":"洗浴","grey":true,"author":"Mr.Hope","time":"2021年7月28日","shareable":true,"content":[{"tag":"text","heading":"简介","text":["由于寝室没有独立卫浴，学校两校区均设有公共浴池。","新学生浴池采用单间洗浴，环境更加舒适性，便利性，私密性，安全性。","同时新浴池均配备了免费健身房与休息厅，以及便民商家服务。"]},{"tag":"list","header":"浴池介绍","content":[{"text":"本部","path":"guide/bath/benbu"},{"text":"净月","path":"guide/bath/jingyue"}]},{"tag":"list","content":[{"text":"计费方式","icon":"money","path":"guide/bath/fee"},{"text":"如何充值","icon":"charge","path":"guide/bath/charge"},{"text":"如何洗浴","icon":"bath","path":"guide/bath/usage"}]},{"tag":"phone","header":"反馈电话","fName":"浴池反馈电话","num":"18767449975"}],"images":[],"id":"guide/bath/index","scopeData":{"@type":"general","uniq_id":"guide/bath/index","title":"洗浴","digest":"简介 由于寝室没有独立卫浴，学校两校区均设有公共浴池。 新学生浴池采用单间洗浴，环境更加舒适性，便利性，私密性，安全性。 同时新浴池均配备了免费健身房与休息厅，以及便民商家服务。","thumbs":["https://mp.innenu.com/img/inNENU.jpg"],"tags":[]}}