{"title":"净月浴池","author":"Mr.Hope","time":"2021年7月4","shareable":true,"content":[{"tag":"title","text":"地址"},{"tag":"text","text":["净月校区教师进修中心一楼。浴池内提供直饮水服务并免费提供电吹风。"]},{"tag":"img","src":"https://mp.innenu.com/img/life/bath3.jpg"},{"tag":"text","heading":"开放时间","text":["8:00 - 22:00","检修时间: 每月第二周星期三"]},{"tag":"img","src":"https://mp.innenu.com/img/life/bath1.jpg","desc":"浴池更衣间实拍"},{"tag":"title","text":"校外浴池"},{"tag":"p","text":["净月后街有浴池。"],"style":"text-indent: 1.5em; "}],"images":["https://mp.innenu.com/img/life/bath3.jpg","https://mp.innenu.com/img/life/bath1.jpg"],"id":"guide/bath/jingyue","scopeData":{"@type":"general","uniq_id":"guide/bath/jingyue","cover":"https://mp.innenu.com/img/life/bath3.jpg","title":"净月浴池","digest":"净月校区教师进修中心一楼。浴池内提供直饮水服务并免费提供电吹风。开放时间 8:00 - 22:00 检修时间: 每月第二周星期三净月后街有浴池。","thumbs":["https://mp.innenu.com/img/life/bath3.jpg","https://mp.innenu.com/img/life/bath1.jpg"],"tags":["地址","校外浴池"]}}