{"title":"Mr.Hope の建议","author":"Mr.Hope","time":"2020年8月17日","shareable":true,"content":[{"tag":"title","text":"充分利用网购"},{"tag":"text","type":"p","text":["清单中会出现很多一般家里没有的物品，这些物品除非开学急用，否则不建议大家提前购买。大家可以在开学后，通过淘宝进行购买。"],"style":"text-indent: 1.5em; "},{"tag":"title","text":"和室友共用物品"},{"tag":"text","type":"p","text":["很多东西是寝室内部共用就可以的。完全没有必要一人一个。如果可以的话，希望大家在开学后，由寝室里的寝室长在大家闲暇的时候，一起坐下来，讨论一下寝室共用品的出资与购买。这样可以减少重复用品对寝室空间的浪费。","如果一些室友已经携带或者购买了一些可供大家公用物品的话，可以在一同购买寝室公用品时少出资。"],"style":"text-indent: 1.5em; "},{"tag":"text","type":"ul","text":["药箱","暖水壶","晾衣杆","订书机、胶带、剪刀等工具","扫帚","拖把","鞋架","桶"]}],"images":[],"id":"guide/necessity/advice","scopeData":{"@type":"general","uniq_id":"guide/necessity/advice","title":"Mr.Hope の建议","digest":"清单中会出现很多一般家里没有的物品，这些物品除非开学急用，否则不建议大家提前购买。大家可以在开学后，通过淘宝进行购买。很多东西是寝室内部共用就可以的。完全没有必要一人一个。如果可以的话，希望大家在开学后，由寝室里的寝室长在大家闲暇的时候，一","thumbs":["https://mp.innenu.com/img/inNENU.jpg"],"tags":["充分利用网购","和室友共用物品"]}}