{"title":"证件材料类","author":"Mr.Hope","time":"2020年8月17日","shareable":true,"content":[{"tag":"title","text":"一定不要忘记这些物品"},{"tag":"text","heading":"· 录取通知书"},{"tag":"text","heading":"· 身份证及正反两面复印件","text":["复印件也可以开学到学校的打印店打印"]},{"tag":"text","heading":"· 党团组织关系材料","text":["就是高中母校交给同学们的装在牛皮档案里的材料哦.包括团员证。"]},{"tag":"p","heading":"· 一寸、小二寸、二寸照片若干张","text":["报到时就需要交给学院、宿管阿姨，请务必提前准备好。","以后陆续也要用。白底蓝底红底都需要，以备不时之需","学校有照相馆，如果没有带照片，可以到学校现拍。","必备: 一寸照片6张、二寸照片2张(要求近期、正面、免冠、半身)。","另外，拍的证件照要留好电子版。一方面如果以后照片不够的话可以再印，另一方面很多考试报名是需要上传电子证件照。"],"style":"text-indent: 1.5em; "},{"tag":"p","heading":"· 艺术类考生","text":["需带《东北师范大学艺术类专业考试合格证》"],"style":"text-indent: 1.5em; "},{"tag":"p","heading":"· 若干现金","style":"text-indent: 1.5em; "},{"tag":"p","heading":"· 公费师范生","text":["需带“本人或本人及其监护人签字的本协议书一式四份”"],"style":"text-indent: 1.5em; "}],"images":[],"id":"guide/necessity/material","scopeData":{"@type":"general","uniq_id":"guide/necessity/material","title":"证件材料类","digest":"· 录取通知书 · 身份证及正反两面复印件 复印件也可以开学到学校的打印店打印· 党团组织关系材料 就是高中母校交给同学们的装在牛皮档案里的材料哦.包括团员证。· 一寸、小二寸、二寸照片若干张 报到时就需要交给学院、宿管阿姨，请务必提前准备","thumbs":["https://mp.innenu.com/img/inNENU.jpg"],"tags":["一定不要忘记这些物品"]}}