{"title":"外国语学院专业","author":"Mr.Hope","time":"2021年7月8日","shareable":true,"content":[{"tag":"title","text":"本科招生概况"},{"tag":"ul","text":["英语(公费师范): ￥0/年","英语: ￥5060/年","日语: ￥3850/年","俄语: ￥3850/年","商务英语: ￥5060/年"]},{"tag":"text","heading":"专业介绍视频"},{"tag":"media","type":"video","src":"http://zsb.nenu.edu.cn/__local/F/82/A1/289DC4E65B1196F0712451704C2_F8E3916F_BDF7020.mp4?e=.mp4"},{"tag":"title","text":"硕士研究生招生概况"},{"tag":"img","src":"https://mp.innenu.com/img/enroll/foreign-master.png","desc":"2021 年招生情况"},{"tag":"phone","header":"硕士研究生招生咨询电话","fName":"海洪","lName":"汪","num":"0431-85099457","org":"东北师范大学外国语学院","title":"硕士研究生招生负责人","street":"吉林省长春市人民大街5268号","postCode":"130024","email":"wanghh687@nenu.edu.cn"}],"images":["https://mp.innenu.com/img/enroll/foreign-master.png"],"id":"intro/school/foreign/enroll","scopeData":{"@type":"general","uniq_id":"intro/school/foreign/enroll","cover":"https://mp.innenu.com/img/enroll/foreign-master.png","title":"外国语学院专业","digest":"英语(公费师范): ￥0/年 英语: ￥5060/年 日语: ￥3850/年 俄语: ￥3850/年 商务英语: ￥5060/年专业介绍视频 ","thumbs":["https://mp.innenu.com/img/enroll/foreign-master.png"],"tags":["本科招生概况","硕士研究生招生概况"]}}