{"title":"马克思主义学部","grey":true,"author":"Mr.Hope","time":"2020年8月5日","shareable":true,"content":[{"tag":"list","content":[{"text":"学院简介","icon":"/icon/about.svg","path":"intro/school/marx/intro"},{"text":"专业介绍","icon":"/module/icon/info.svg","path":"intro/school/marx/enroll"}]}],"images":[],"id":"intro/school/marx/index","scopeData":{"@type":"general","uniq_id":"intro/school/marx/index","title":"马克思主义学部","digest":"","thumbs":["https://mp.innenu.com/img/inNENU.jpg"],"tags":[]}}