{"title":"教育学专业介绍","desc":"来源: 心理学院官网","time":"2021年7月4","shareable":true,"content":[{"tag":"title","text":"专业简介"},{"tag":"text","type":"p","text":["旨在培养德智体全面发展的具备心理学及相关学科的基本理论、专业知识与技能的优秀心理学基础科学研究和教学人才，为相关学科输送高质量的研究生生源。也为高等院校、医疗机构、公安司法部门、营销公司等企事业单位培养从事心理健康教育、心理咨询服务、心理学应用等工作的专门人才。"],"style":"text-indent: 1.5em; "},{"tag":"title","text":"主干课程"},{"tag":"ul","text":["人体解剖生理学","普通心理学","发展心理学","教育心理学","教育与心理统计","实验心理学","心理学史","社会心理学","心理测量学","人格心理学","社会科学数据分析","认知心理学","生理心理学","咨询心理学","营销心理学","认知神经科学导论","心理健康教育","心理学研究方法"]},{"tag":"title","text":"就业方向"},{"tag":"text","type":"p","text":["主要培养心理学教学与科研人员，心理咨询和心理教育工作者。"],"style":"text-indent: 1.5em; "}],"images":[],"id":"intro/school/psychology/undergraduate","scopeData":{"@type":"general","uniq_id":"intro/school/psychology/undergraduate","title":"教育学专业介绍","digest":"旨在培养德智体全面发展的具备心理学及相关学科的基本理论、专业知识与技能的优秀心理学基础科学研究和教学人才，为相关学科输送高质量的研究生生源。也为高等院校、医疗机构、公安司法部门、营销公司等企事业单位培养从事心理健康教育、心理咨询服务、心理学","thumbs":["https://mp.innenu.com/img/inNENU.jpg"],"tags":["专业简介","主干课程","就业方向"]}}