{"title":"灵活就业","author":"Mr.Hope","time":"2021年6月27日","shareable":true,"content":[{"tag":"text","type":"info","heading":"灵活就业","text":["灵活就业是指劳动力市场中动态性、非固定和非规范性的就业形式，亦非正规就业。正规就业意指有长期的劳动关系、稳定的工作岗位和固定的雇主的一种就业方式。灵活就业一般来说其劳动合同关系是临时的,工作岗位通常是不确定的,也可能被多个雇主雇用。"]}],"images":[],"id":"guide/job/defination/flexible","scopeData":{"@type":"general","uniq_id":"guide/job/defination/flexible","title":"灵活就业","digest":"灵活就业 灵活就业是指劳动力市场中动态性、非固定和非规范性的就业形式，亦非正规就业。正规就业意指有长期的劳动关系、稳定的工作岗位和固定的雇主的一种就业方式。灵活就业一般来说其劳动合同关系是临时的,工作岗位通常是不确定的,也可能被多个雇主雇用","thumbs":["https://mp.innenu.com/img/inNENU.jpg"],"tags":[]}}