{"title":"音乐学院招生","author":"Mr.Hope","time":"2020年8月6日","shareable":true,"content":[{"tag":"title","text":"本科招生情况"},{"tag":"text","type":"ul","text":["音乐学院设有音乐学(声乐)、音乐学(声乐,师范)、音乐学(钢琴)、音乐学(钢琴,师范)、音乐学(器乐)、舞蹈编导六个专业。","学费均为 12000 元/年"]},{"tag":"title","text":"硕士研究生招生概况"},{"tag":"img","src":"https://mp.innenu.com/img/school/music-master.png"},{"tag":"phone","header":"硕士研究生招生咨询电话","fName":"志伟","lName":"孙","num":"0431-84536636","org":"东北师范大学音乐学院","title":"硕士研究生招生负责人","street":"吉林省长春市净月大街 2555 号","postCode":"130117","email":"sunzw223@nenu.edu.cn"}],"images":["https://mp.innenu.com/img/school/music-master.png"],"id":"intro/school/music/enroll","scopeData":{"@type":"general","uniq_id":"intro/school/music/enroll","cover":"https://mp.innenu.com/img/school/music-master.png","title":"音乐学院招生","digest":"音乐学院设有音乐学(声乐)、音乐学(声乐,师范)、音乐学(钢琴)、音乐学(钢琴,师范)、音乐学(器乐)、舞蹈编导六个专业。 学费均为 12000 元/年","thumbs":["https://mp.innenu.com/img/school/music-master.png"],"tags":["本科招生情况","硕士研究生招生概况"]}}