{"title":"经济与管理学院","grey":true,"author":"Mr.Hope","time":"2021年7月7日","shareable":true,"content":[{"tag":"list","content":[{"text":"学院简介","icon":"about","path":"intro/school/economy/intro"},{"text":"专业介绍","icon":"info","path":"intro/school/economy/enroll"}]},{"tag":"copy","header":"官网地址","text":"https://bs.nenu.edu.cn/"}],"images":[],"id":"intro/school/economy/index","scopeData":{"@type":"general","uniq_id":"intro/school/economy/index","title":"经济与管理学院","digest":"","thumbs":["https://mp.innenu.com/img/inNENU.jpg"],"tags":[]}}