{"title":"本部校内超市","author":"Mr.Hope","time":"2021年7月4","shareable":true,"content":[{"tag":"title","text":"兴学园超市"},{"tag":"text","heading":"简介","text":["兴学园超市位于北苑地下一层，售卖文体用品、水果、小食品、生活用品等。北苑超市物品齐全，基本想要的东西都可以在这里买到。"]},{"tag":"img","src":"https://mp.innenu.com/img/life/benbu-shop-map.jpg","desc":"超市物品分布及周边店铺介绍"},{"tag":"text","heading":"支付","text":["超市支持刷校园卡、现金以及使用支付宝、微信、云闪付三种支付软件。"]},{"tag":"text","heading":"价格","text":["兴学园超市为平价，价格与大型超市持平。"]},{"tag":"text","heading":"物品种类","text":["在兴学园超市为平价，价格与大型超市持平。"]},{"tag":"text","text":["直白点说，一瓶可乐平价 ￥2.7，零售价 ￥3，所以大家可以放心在兴学园购物。"],"style":"color: #888;font-size: 14px;"},{"tag":"img","src":"https://mp.innenu.com/img/life/benbu-shop-detail1.jpg"},{"tag":"img","src":"https://mp.innenu.com/img/life/benbu-shop-detail2.jpg","desc":"超市内景"},{"tag":"img","src":"https://mp.innenu.com/img/life/benbu-shop-fruit.jpg","desc":"超市水果"},{"tag":"img","src":"https://mp.innenu.com/img/life/benbu-shop-stationery.jpg","desc":"超市文具"},{"tag":"phone","header":"服务电话","num":"15714317672","fName":"兴学园超市服务电话","org":"东北师范大学"},{"tag":"text","heading":"南苑超市","text":["南苑 1F 也有一个私人开的超市，价格为普通零售价，较贵。主要售卖大众食品饮料以及常用生活用品等，东西不全。"]},{"tag":"title","text":"兴学园超市"},{"tag":"text","type":"p","heading":"超市周边","text":["在北苑超市周围，坐落着其他店铺，以满足同学们的日常需求。有奶茶店、干果店、眼镜店、服装店、药店、移动运营店、电脑维修店、打印店、ATM 机以及自动取票机等。北苑地下也可以配钥匙。"],"style":"text-indent: 1.5em; "}],"images":["https://mp.innenu.com/img/life/benbu-shop-map.jpg","https://mp.innenu.com/img/life/benbu-shop-detail1.jpg","https://mp.innenu.com/img/life/benbu-shop-detail2.jpg","https://mp.innenu.com/img/life/benbu-shop-fruit.jpg","https://mp.innenu.com/img/life/benbu-shop-stationery.jpg"],"id":"guide/shop/benbu","scopeData":{"@type":"general","uniq_id":"guide/shop/benbu","cover":"https://mp.innenu.com/img/life/benbu-shop-map.jpg","title":"本部校内超市","digest":"简介 兴学园超市位于北苑地下一层，售卖文体用品、水果、小食品、生活用品等。北苑超市物品齐全，基本想要的东西都可以在这里买到。支付 超市支持刷校园卡、现金以及使用支付宝、微信、云闪付三种支付软件。价格 兴学园超市为平价，价格与大型超市持平。物","thumbs":["https://mp.innenu.com/img/life/benbu-shop-map.jpg","https://mp.innenu.com/img/life/benbu-shop-detail1.jpg","https://mp.innenu.com/img/life/benbu-shop-detail2.jpg","https://mp.innenu.com/img/life/benbu-shop-fruit.jpg","https://mp.innenu.com/img/life/benbu-shop-stationery.jpg"],"tags":["兴学园超市","兴学园超市"]}}