{"title":"本部校外超市","author":"Mr.Hope","time":"2020年8月31日","shareable":true,"content":[{"tag":"title","text":"恒客隆"},{"tag":"text","heading":"简介","text":["一家大型的、东西比较全的超市，东西价格大多为正常零售价(不是很便宜)。"]},{"tag":"ul","heading":"营业时间","text":["冬季: 8:30-21:00","夏季: 8:30-21:30"]},{"tag":"ul","heading":"到达方式","text":["从三舍旁的校门出发(动植物园公园对面):\n1. 步行: 步行时间约22分钟，步行路程约1.6公里。\n2. 公交:\n① 25路: 05:30-21:10；1元，约20分钟。(体育场站上车，桂林路站下车)\n② 228路/218A路/238路: 05:40-20:20；1元，约24分钟。(动植物公园站上车，同志街站下车)\n③ 80路内环: 05:48-18:30；1元，约22分钟。(体育场站上车，同志街站下车)\n④ 218B路: 06:40-19:50；1元，约37分钟。(动植物公园站上车，同志街站下车)","从正门出发:\n1. 步行: 步行时间约 13 分钟，步行路程约970米。\n2. 公交——120路副B线/240路:\n05:50-18:00 / 06:00-19:50；1元，约23分钟。(自由大路站上车，同志街下车)"]},{"tag":"title","text":"京东超市"},{"tag":"p","heading":"(一家有着京东超市字样的小食杂店)","text":["从幼儿园旁的小门出来一拐就是，贩卖水果、面包以及常见的食品、日常百货。它是假期学校超市、水果店关门之后的好去处(因为距离寝室楼最近)。"],"style":"text-indent: 1.5em; "},{"tag":"p","heading":"价格","text":["零售价"],"style":"text-indent: 1.5em; "},{"tag":"title","text":"文昌路超市"},{"tag":"p","text":["文昌路超市共有两个，一个是从南门出来往东走一段就到了，一个需要从小南门出来一直往东走走到学校边角处即可看到。","用到它一般都是出去文昌路这边吃饭，回寝室并不路过北苑超市、顺路才会买点回去的。"],"style":"text-indent: 1.5em; "},{"tag":"p","heading":"价格","text":["零售价"],"style":"text-indent: 1.5em; "}],"images":[],"id":"guide/shop/benbu-out","scopeData":{"@type":"general","uniq_id":"guide/shop/benbu-out","title":"本部校外超市","digest":"简介 一家大型的、东西比较全的超市，东西价格大多为正常零售价(不是很便宜)。营业时间 冬季: 8:30-21:00 夏季: 8:30-21:30到达方式 从三舍旁的校门出发(动植物园公园对面):\n1. 步行: 步行时间约22分钟，步行路程约","thumbs":["https://mp.innenu.com/img/inNENU.jpg"],"tags":["恒客隆","京东超市","文昌路超市"]}}