{"title":"三舍 C","author":"Mr.Hope","time":"2020年9月1日","content":[{"tag":"title","text":"三舍 C"},{"tag":"text","text":["住女生，共 21 层，东师建筑高度的巅峰。入住地理、生科、数学、环境、教育、历史学院、马克思主义学部、心理学院学生。有电梯 4 台。一楼有自助终端机。"]},{"tag":"title","text":"门禁时间"},{"tag":"text","text":["6:00 - 22:30"]},{"tag":"title","text":"供电时间"},{"tag":"ul","heading":"工作日","text":["早 6:00-8:00","中 12:00-13:30","晚 15:30-23:00"]},{"tag":"ul","heading":"周末 - 6:00 - 23:00"},{"tag":"list","header":"寝室详细介绍","content":[{"text":"室内环境介绍","icon":"environment","path":"guide/dorm/detail/env"},{"text":"个人区域介绍","icon":"environment","path":"guide/dorm/detail/person"},{"text":"热水房","icon":"hot-water","path":"guide/dorm/detail/hot-water"},{"text":"洗漱间","icon":"washing","path":"guide/dorm/detail/washing"},{"text":"电梯","icon":"lift","path":"guide/dorm/detail/lift"},{"text":"自习室","icon":"study","path":"guide/dorm/detail/self-study"},{"text":"卫生间","icon":"toilet","path":"guide/dorm/detail/toilet"},{"text":"洗衣机","icon":"washer","path":"guide/dorm/detail/washer"}]},{"tag":"list","header":"寝室供电","content":[{"text":"供电时间","icon":"time","path":"guide/dorm/electricity/time"},{"text":"功率限制","icon":"power","path":"guide/dorm/electricity/power"},{"text":"缴纳电费","icon":"money","path":"guide/dorm/electricity/pay"}]},{"tag":"list","header":"寝室供网","content":[{"text":"寝室供网","icon":"network","path":"guide/dorm/network"}]},{"tag":"list","header":"规章制度","content":[{"text":"寝室门禁","icon":"door-guard","path":"guide/dorm/door"},{"text":"走读与调宿","icon":"info","path":"guide/dorm/day-reading"},{"text":"违禁物品","icon":"ban","path":"guide/dorm/ban"}]},{"tag":"list","content":[{"text":"Mr.Hope の建议","icon":"idea","path":"guide/dorm/advice"}]}],"images":[],"id":"map/benbu/dorm/dorm3C","scopeData":{"@type":"general","uniq_id":"map/benbu/dorm/dorm3C","title":"三舍 C","digest":"住女生，共 21 层，东师建筑高度的巅峰。入住地理、生科、数学、环境、教育、历史学院、马克思主义学部、心理学院学生。有电梯 4 台。一楼有自助终端机。6:00 - 22:30工作日 早 6:00-8:00 中 12:00-13:30 晚 1","thumbs":["https://mp.innenu.com/img/inNENU.jpg"],"tags":["三舍 C","门禁时间","供电时间"]}}