{"title":"环境工程专业","desc":"来源: 环境学院官网","time":"2020年8月6日","shareable":true,"content":[{"tag":"title","text":"培养目标"},{"tag":"text","type":"p","text":["培养德智体美全面发展，具备社会责任感和职业道德；具有扎实的环境工程学科理论基础和解决复杂环境工程问题的实践能力和创新能力；能够胜任污染控制工程、给排水工程设计及运营管理；能够从事环境工程的工艺设备研发或环境监测工作的应用型人才，也可继续深造成为环境工程领域科研后备人才。"],"style":"text-indent: 1.5em; "}],"images":[],"id":"intro/school/environment/engineer","scopeData":{"@type":"general","uniq_id":"intro/school/environment/engineer","title":"环境工程专业","digest":"培养德智体美全面发展，具备社会责任感和职业道德；具有扎实的环境工程学科理论基础和解决复杂环境工程问题的实践能力和创新能力；能够胜任污染控制工程、给排水工程设计及运营管理；能够从事环境工程的工艺设备研发或环境监测工作的应用型人才，也可继续深造","thumbs":["https://mp.innenu.com/img/inNENU.jpg"],"tags":["培养目标"]}}