{"title":"地理科学学院","grey":true,"author":"Mr.Hope","time":"2020年8月5日","shareable":true,"content":[{"tag":"list","content":[{"text":"学院简介","icon":"about","path":"intro/school/geography/intro"},{"text":"专业介绍","icon":"info","path":"intro/school/geography/enroll"}]}],"images":[],"id":"intro/school/geography/index","scopeData":{"@type":"general","uniq_id":"intro/school/geography/index","title":"地理科学学院","digest":"","thumbs":["https://mp.innenu.com/img/inNENU.jpg"],"tags":[]}}