{"title":"四舍","author":"Mr.Hope","time":"2020年9月1日","content":[{"tag":"title","text":"四舍"},{"tag":"text","text":["东北师范大学四舍主要入住食堂、后勤维修等相关人员，属于职工宿舍。"]}],"images":[],"id":"map/benbu/dorm/dorm4","scopeData":{"@type":"general","uniq_id":"map/benbu/dorm/dorm4","title":"四舍","digest":"东北师范大学四舍主要入住食堂、后勤维修等相关人员，属于职工宿舍。","thumbs":["https://mp.innenu.com/img/inNENU.jpg"],"tags":["四舍"]}}