{"title":"三舍 B","author":"Mr.Hope","time":"2020年9月1日","photo":["https://mp.innenu.com/img/dorm/dorm3B.jpg"],"content":[{"tag":"title","text":"三舍 B"},{"tag":"text","text":["住男生，共 14 层。入住外语学院英语系(包括公费师范生)、物理、文学、化学、地理、生科、数学、环境、教育、马部、历史、心理学院学生。一楼有自助终端机。"]},{"tag":"title","text":"门禁时间"},{"tag":"text","text":["6:00 - 22:30"]},{"tag":"title","text":"供电时间"},{"tag":"text","type":"ul","heading":"工作日","text":["早 6:00-8:00","中 12:00-13:30","晚 15:30-23:00"]},{"tag":"text","type":"ul","heading":"周末 - 6:00 - 23:00"},{"tag":"title","text":"电梯"},{"tag":"text","text":["三舍 B 一共有三部电梯。其中，最左侧的是货梯，可以到达所有楼层；中间的为高层单层电梯，停 1、3、5、7、9、11、13 楼；最右侧的电梯为高层双层电梯，停 1、6、8、10、12、14 楼。"]},{"tag":"list","header":"寝室详细介绍","content":[{"text":"室内环境介绍","icon":"/icon/intro/environment.svg","path":"guide/dorm/detail/env"},{"text":"个人区域介绍","icon":"/icon/intro/environment.svg","path":"guide/dorm/detail/person"},{"text":"热水房","icon":"/module/icon/hot-water.svg","path":"guide/dorm/detail/hot-water"},{"text":"洗漱间","icon":"/module/icon/washing.svg","path":"guide/dorm/detail/washing"},{"text":"电梯","icon":"/module/icon/lift.svg","path":"guide/dorm/detail/lift"},{"text":"自习室","icon":"/icon/guide/study.svg","path":"guide/dorm/detail/self-study"},{"text":"卫生间","icon":"/module/icon/toilet.svg","path":"guide/dorm/detail/toilet"},{"text":"洗衣机","icon":"/module/icon/washer.svg","path":"guide/dorm/detail/washer"}]},{"tag":"list","header":"寝室供电","content":[{"text":"供电时间","icon":"/module/icon/time.svg","path":"guide/dorm/electricity/time"},{"text":"功率限制","icon":"/module/icon/power.svg","path":"guide/dorm/electricity/power"},{"text":"缴纳电费","icon":"/module/icon/pay.svg","path":"guide/dorm/electricity/pay"}]},{"tag":"list","header":"寝室供网","content":[{"text":"寝室供网","icon":"/icon/guide/network.svg","path":"guide/dorm/network"}]},{"tag":"list","header":"规章制度","content":[{"text":"寝室门禁","icon":"/module/icon/door-guard.svg","path":"guide/dorm/door"},{"text":"走读与调宿","icon":"/module/icon/info.svg","path":"guide/dorm/day-reading"},{"text":"违禁物品","icon":"/module/icon/ban.svg","path":"guide/dorm/ban"}]},{"tag":"list","content":[{"text":"Mr.Hope の建议","icon":"https://mp.innenu.com/img/icon/guide/advice.svg","path":"guide/dorm/advice"}]}],"images":[],"id":"map/benbu/dorm/dorm3B","scopeData":{"@type":"general","uniq_id":"map/benbu/dorm/dorm3B","title":"三舍 B","digest":"住男生，共 14 层。入住外语学院英语系(包括公费师范生)、物理、文学、化学、地理、生科、数学、环境、教育、马部、历史、心理学院学生。一楼有自助终端机。6:00 - 22:30工作日 早 6:00-8:00 中 12:00-13:30 晚 ","thumbs":["https://mp.innenu.com/img/inNENU.jpg"],"tags":["三舍 B","门禁时间","供电时间","电梯"]}}