{"title":"留学生公寓","author":"Mr.Hope","time":"2019年08月11日","photo":["https://mp.innenu.com/img/dorm/dorm3D.webp"],"content":[{"tag":"title","text":"留学生公寓"},{"tag":"text","text":["主要入住国外留学生，基本配置为一人一间，拥有空调、电视、厨房等基础设施，与此同时为来东师的宾客们提供基本的住宿。"]}],"images":[],"id":"map/benbu/dorm/dorm3D","scopeData":{"@type":"general","uniq_id":"map/benbu/dorm/dorm3D","title":"留学生公寓","digest":"主要入住国外留学生，基本配置为一人一间，拥有空调、电视、厨房等基础设施，与此同时为来东师的宾客们提供基本的住宿。","thumbs":["https://mp.innenu.com/img/inNENU.jpg"],"tags":["留学生公寓"]}}