{"title":"考试","grey":true,"author":"Mr.Hope","time":"2020年7月17日","shareable":true,"content":[{"tag":"list","header":"体测","content":[{"text":"体测简介","icon":"basketball","path":"guide/exam//pe-test/intro"},{"text":"测试成绩说明","icon":"info","path":"guide/exam//pe-test/explain"},{"text":"测试项目评分表","icon":"score","path":"guide/exam//pe-test/score"},{"text":"申请免测/缓测的条件及程序","icon":"apply","path":"guide/exam//pe-test/exempt"}]},{"tag":"list","header":"英语","content":[{"text":"分班考试","icon":"test","path":"guide/exam//grading-exam"},{"text":"东北师范大学英语水平测试","desc":"DET","icon":"english","path":"guide/course/english/DET"},{"text":"四六级报考","icon":"CET","path":"guide/exam//CET"}]},{"tag":"list","header":"计算机","content":[{"text":"计算机等级考试说明","icon":"office","path":"guide/exam//NCRE/intro"}]}],"images":[],"id":"guide/exam/index","scopeData":{"@type":"general","uniq_id":"guide/exam/index","title":"考试","digest":"","thumbs":["https://mp.innenu.com/img/inNENU.jpg"],"tags":[]}}