{"title":"开学活动","author":"Mr.Hope","time":"2020年8月26日","grey":true,"shareable":true,"content":[{"tag":"list","header":"开学活动","content":[{"text":"体检","icon":"/module/icon/medical-exam.svg","base64Icon":"medical-exam","path":"guide/check/medical-examination"},{"text":"英语分班考试","icon":"/module/icon/english.svg","base64Icon":"english","path":"guide/exam/grading-exam"},{"text":"体测考试","icon":"/module/icon/basketball.svg","base64Icon":"basketball","path":"guide/exam/pe-test/index"}]},{"tag":"list","header":"其他活动","content":[{"text":"军训介绍","icon":"/module/icon/info.svg","base64Icon":"info","path":"guide/activity/military/intro"},{"text":"军训详情","icon":"/module/icon/about.svg","base64Icon":"about","path":"guide/activity/military/detail"}]}],"images":[],"id":"guide/activity/index","scopeData":{"@type":"general","uniq_id":"guide/activity/index","title":"开学活动","digest":"","thumbs":["https://mp.innenu.com/img/inNENU.jpg"],"tags":[]}}