{"title":"校医院","author":"fy","desc":"来源: 东北师范大学校医院官网","time":"2020年9月1日","content":[{"tag":"title","text":"简介"},{"tag":"text","type":"p","text":["校医院位于西大门北侧、行政楼背后、地铁出站口旁。医院设有内科(呼吸、消化、神经、心血管、肾病、内分泌)、外科(普通外科、骨科、泌尿外)、儿科(小儿呼吸、小儿消化)、急诊科、中医科、妇产科、口腔科(口腔内科、口腔修复)、眼科、耳鼻喉科、皮肤美容科、肛肠外科、康复科、检验科(体液、血液、微生物、生化、免疫血清专业)、放射线科(X线、心电、B超)、电诊科、药剂科、针灸科、传染科、保健科、心理咨询门诊等科室。"],"style":"text-indent: 1.5em; "},{"tag":"title","text":"医院概况"},{"tag":"text","type":"p","text":["东北师大医院 1946 年诞生于解放战争的炮火硝烟中，伴随东北师范大学师生的健康需要应运而生。经过近六十年的发展，医院现已成为一所科室齐全，设备先进，技术力量较为雄厚，管理制度现代化，面向社会服务的综合性职工医院。1994 年被确定为二级乙等医院。","近年来，随着国家医疗卫生体制改革的强力推进，东北师大医院迅速调整工作思路和定位，适应改革形势，成功承办了长春市南岭社区卫生服务中心并辖有两个社区卫生服务站。这是吉林省高校唯一的一家进入社区卫生服务领域的高校医院。","医院现设有内科、外科、急诊科等 20 余个科室，同时医院还设有全国高校医院唯一的肾病透析科和中西医结合慢性病康复科。 全院有 176 名员工，卫生技术人员 138 人，其中有主任医师5人，副高职称 22 人，中级职称 48 人。医院现有病床 110 张，分为内科和外科两个疗区。","医院现已拥有全自动血流变仪，三分类全自动血球仪、全自动生化分析仪、全自动血凝仪、全自动尿液分析仪、日本阿洛卡α-10超高端彩色超声诊断仪、日本阿洛卡 SSD-5500 彩色超声诊断仪、美国菲利浦HDI-5000彩色超声诊断仪、日本阿洛卡 SSD-1000 黑白超声诊断仪、德国费森尤斯 4008H 型、B 型血液透析机、日本 Nepro 血液透析机、德国西门子多功能体外冲击波碎石系统等 30 余台，价值三千余万元的进口、国产大型仪器设备，在全省乃至全 国高校医院中居于领先地位。"],"style":"text-indent: 1.5em; "},{"tag":"list","header":false,"content":[{"text":"更多详情","path":"intro/apartment/hospital/index"}]}],"images":[],"id":"map/benbu/facility/hospital","scopeData":{"@type":"general","uniq_id":"map/benbu/facility/hospital","title":"校医院","digest":"校医院位于西大门北侧、行政楼背后、地铁出站口旁。医院设有内科(呼吸、消化、神经、心血管、肾病、内分泌)、外科(普通外科、骨科、泌尿外)、儿科(小儿呼吸、小儿消化)、急诊科、中医科、妇产科、口腔科(口腔内科、口腔修复)、眼科、耳鼻喉科、皮肤美","thumbs":["https://mp.innenu.com/img/inNENU.jpg"],"tags":["简介","医院概况"]}}