{"title":"吉祥码","author":"Mr.Hope","time":"2020年7月25日","shareable":true,"content":[{"tag":"title","text":"吉祥码简介"},{"tag":"text","type":"p","text":["“数字吉林”领导小组办公室推出的“人人有码，码上行动~”，在当前疫情期间为叫众提供健康码，可以方便群众出行和企业复产复工，未来将作为网上办事、享受数字政府服务、便捷外出通行等活动的个人“身份码”，取名为“吉祥码”。","目前，“吉祥码”是以全省统一身份认证的实名数据为基础，结合防疫大数据信息比对校验后生成的个人专属二维码。根据系统排查出的个人健康指数差异，吉祥码有绿码、黄码、橙码、红码四种颜色，分别代表健康人员，现场测温异常人员，确诊和疑似病例密切接触人员，确诊病例、疑似病例、临床诊断病例、阳性检测者等人员，只能作为个人身份登记码，用于扫码进行个人信息电子登记，不能作为健康信息码。"],"style":"text-indent: 1.5em; "},{"tag":"list","header":false,"content":[{"text":"注册吉祥码","icon":"time","path":"guide/prepare/jixiang-code//register"}]},{"tag":"title","text":"常见问题"},{"tag":"img","src":"https://mp.innenu.com/img/prepare/jixiang-desc.jpg"}],"images":["https://mp.innenu.com/img/prepare/jixiang-desc.jpg"],"id":"guide/prepare/jixiang-code/index","scopeData":{"@type":"general","uniq_id":"guide/prepare/jixiang-code/index","cover":"https://mp.innenu.com/img/prepare/jixiang-desc.jpg","title":"吉祥码","digest":"“数字吉林”领导小组办公室推出的“人人有码，码上行动~”，在当前疫情期间为叫众提供健康码，可以方便群众出行和企业复产复工，未来将作为网上办事、享受数字政府服务、便捷外出通行等活动的个人“身份码”，取名为“吉祥码”。 目前，“吉祥码”是以全省","thumbs":["https://mp.innenu.com/img/prepare/jixiang-desc.jpg"],"tags":["吉祥码简介","常见问题"]}}