{"title":"文学院专业","author":"Mr.Hope","time":"2020年8月8日","shareable":true,"content":[{"tag":"title","text":"本科招生概况"},{"tag":"text","type":"ul","text":["开设 汉语言文学(公费师范) 与 汉语言文学 两个专业。","汉语言文学学费为 ￥3850/年。"]},{"tag":"text","text":["更多介绍还待补充"],"style":"color: #888;font-size: 14px;"},{"tag":"title","text":"硕士研究生招生概况"},{"tag":"img","src":"https://mp.innenu.com/img/school/chinese-master.png"},{"tag":"text","heading":"硕士研究生招生咨询电话"},{"tag":"phone","fName":"孙","lName":"茂东","num":"0431-85098572","org":"东北师范大学文学院","title":"硕士研究生招生负责人","street":"吉林省长春市人民大街5268号","postCode":"130024","email":"sunmd108@nenu.edu.cn"}],"images":["https://mp.innenu.com/img/school/chinese-master.png"],"id":"intro/school/chinese/enroll","scopeData":{"@type":"general","uniq_id":"intro/school/chinese/enroll","cover":"https://mp.innenu.com/img/school/chinese-master.png","title":"文学院专业","digest":"开设 汉语言文学(公费师范) 与 汉语言文学 两个专业。 汉语言文学学费为 ￥3850/年。更多介绍还待补充硕士研究生招生咨询电话 ","thumbs":["https://mp.innenu.com/img/school/chinese-master.png"],"tags":["本科招生概况","硕士研究生招生概况"]}}