{"title":"和学长学姐的关系","author":"Mr.Hope","time":"2020年9月2日","shareable":true,"content":[{"tag":"title","text":"对学长学姐的态度"},{"tag":"p","text":["请充分尊重学长学姐，对学长学姐足够礼貌。平时遇见(那些帮过您的)的时候最好主动打招呼。"],"style":"text-indent: 1.5em; "},{"tag":"title","text":"为什么要尊重学长学姐?"},{"tag":"p","text":["从整体上来看，每一年级的组长学姐一定会在新生入学时给新生一定的帮助，而且您在大学四年的时间中高年级的同学也一定会以一个老生的身份来帮助低年级避坑、解答新生的问题。换而言之，对于每一届学生来说，他们都会更多的受到来自高年级同学单向的无偿的帮助，同时当他们步入高年级时，他们也会单向无偿的去帮助更低的年级，所以。请您充分尊重那些能够给予您帮助的学长学姐们，同时也希望您能够在成为高年级学生时，也在自己力所能及的范围内，无私的为学弟学妹们提供您能提供的帮助。","这种单向的帮助是一种自发形成的氛围也是大家每个人心中乐于奉献的一种体现。这种帮助不是父母儿女之间的亲情，而是仅仅基于友善爱心奉献的一种行为。所以请充分的给予您的学长学姐尊重和礼貌。"],"style":"text-indent: 1.5em; "},{"tag":"title","text":"需要尊重所有学长学姐吗?"},{"tag":"p","text":["其实在 Mr.Hope 看来分情况。","可以这样说，每年学校的本科生大概有 4000 人左右，研究生大概有 3000 人左右，一个庞大的基数就注定了不可能所有学生都具有优秀的品质，与哪些学长学姐相处交流就要依靠您自己的分辨能力。","请尊重那些给予您和他人建议与帮助、为您解答问题的学长学姐。对于那些热心帮助同学的学长学姐(比如积极在新生群里解答大家问题)，不管他们帮没帮到您头上，Mr.Hope 都真诚的希望您在心里尊敬，甚至敬仰他们。成绩优异的学长学姐也值得成为您学习上的榜样。","如果您受到了来自某位或几位学长学姐的很多帮助的话，请您务必对他们礼貌一些，在校园里碰到的时候请热情的打个招呼，客套几句。装作看不见是挺伤人的，尤其是脸盲的同学请务必记住帮助过您的学长学姐。","对于一些功利心比较重、十分功利，目的性极强鲜会帮助他人的人，保持基本的社交距离就好，毕竟您也不太可能会跟他们产生交集。","对于极个别三观扭曲、道德沦丧的学长学姐，请尽量远离他们。(一个学院四个年级数百学生总归会有几个的)"],"style":"text-indent: 1.5em; "}],"images":[],"id":"guide/advice/relationship/elder","scopeData":{"@type":"general","uniq_id":"guide/advice/relationship/elder","title":"和学长学姐的关系","digest":"请充分尊重学长学姐，对学长学姐足够礼貌。平时遇见(那些帮过您的)的时候最好主动打招呼。从整体上来看，每一年级的组长学姐一定会在新生入学时给新生一定的帮助，而且您在大学四年的时间中高年级的同学也一定会以一个老生的身份来帮助低年级避坑、解答新生","thumbs":["https://mp.innenu.com/img/inNENU.jpg"],"tags":["对学长学姐的态度","为什么要尊重学长学姐?","需要尊重所有学长学姐吗?"]}}