{"title":"哲学专业","desc":"来源: 马克思主义学部官网","time":"2021年7月4","shareable":true,"content":[{"tag":"title","text":"哲学学院简介"},{"tag":"p","text":["自东北师范大学建校以来，就依托思想政治教育专业设立哲学教研室，开设哲学类课程，编写过全国性的哲学专业教材，举办过全国性的哲学教师培训班，涌现出王家俊、薛文华、郑如心、王兴洲、王宏文等一批在国内哲学界具有一定影响的专家学者。1981年在全国首批获得马克思主义哲学专业硕士授予权；1998年获得了伦理学专业硕士学位授予权；2000年设立哲学研究所；2003年获中国哲学专业硕士学位授予权。2004年，创办了哲学本科专业。2006年，获得了马克思主义哲学二级学科博士授予权和哲学一级学科硕士授予权。"],"style":"text-indent: 1.5em; "},{"tag":"title","text":"学科简介"},{"tag":"p","text":["多年来，哲学专业秉持“会通中西马哲学资源，构筑宽厚学科平台，注重基础理论研究，推动哲学思维方式与价值理念的当代创新”的学科建设理念，形成了以哲学基础理论研究、中国化马克思主义哲学研究、现代西方哲学研究、哲学教育研究、中国重大现实问题的哲学研究5个重点研究领域，为哲学教育与应用性人才的培养奠定了比较坚实的学科基础。","经多年探索，哲学专业形成的总体建设思路是: 依据学校“综合性、研究型”的定位，适应国家经济建设与社会发展对高素质人才的需求，尊重人文学科与专业的办学规律，以有特色、高水平的学术研究夯实本科专业建设基础，以多层次、高质量的学科建设引领和带动本科专业建设，以本科教学改革和精品课程建设为重点，坚持“小而精”的原则与“宽口径、厚基础、精专业、多出路”的人才培养模式，重点加强专业基础课程与主干课程建设，全面提高本科教学质量，努力培养复合型、创新性哲学专门人才，把哲学专业建设成为“规模适当、水平较高、成效明显”的专业。","哲学专业注重人才培养模式与教学改革，积极推进课程与教材建设，参与国家级“文史哲复合型教师人才培养模式创新实验区”建设，力求以文理兼修的通识课程奠定学生宽厚的文化底蕴，以文史哲通修的专业基础课程夯实学生扎实的理论基础，以完备和整合的专业主干课程构筑学生坚实的专业背景，以开放性和多样化的研究性选修课程培养学生良好的研究能力与创新思维，以经典阅读、学术训练、社会调研、专业见习为核心的实践课程塑造学生的实践技能，着力构建并完善以“基础知识结构与能力培养”、“专业学习与研究能力培养”、“综合性文化素养与实践技能培养”为核心的人才培养模式。"],"style":"text-indent: 1.5em; "},{"tag":"title","text":"学费价格"},{"tag":"p","text":["哲学学费为 12000 元/年"],"style":"text-indent: 1.5em; "},{"tag":"title","text":"师资力量"},{"tag":"p","text":["哲学专业现有专任教师19人，兼职教师1人。教师队伍学历结构优良，学源结构合理，年龄结构适当。哲学博士分别来自北京大学、北京师范大学、武汉大学、南京大学、吉林大学以及东北师范大学，50岁以下的中青年教师占80%以上。","近3年来，哲学专业教师主持国家社科基金重大攻关项目1项，国家社科基金一般项目、青年项目以及省部级项目等20余项，出版专著、教材10余部，在《哲学研究》《马克思主义研究》《政治学研究》以及其它CSSCI级别以上刊物发表学术论文80余篇，其中部分论文被《新华文摘》、《高校文科学报文摘》、《光明日报》、《中国哲学年鉴》等全文转载或摘编。"],"style":"text-indent: 1.5em; "},{"tag":"title","text":"培养目标"},{"tag":"p","text":["培养兼容文、史、哲专业基础，融通哲学与马克思主义理论，具有“人文底蕴宽厚、基础理论扎实、基本能力突出”的复合型、创新性的哲学专业人才。"],"style":"text-indent: 1.5em; "},{"tag":"title","text":"具体要求"},{"tag":"p","text":["具有正确的政治方向、强烈的社会责任感与优良的人文素养；掌握比较坚实的哲学基础理论知识，拥有良好的理论思维能力、调查研究能力、语言表达能力与社会适应能力；能够进一步读研深造或胜任在政府、企事业、大众传媒与出版等单位从事思想理论与文化工作。"],"style":"text-indent: 1.5em; "},{"tag":"title","text":"就业方向"},{"tag":"p","text":["继续深造，攻读硕士、博士学位；亦可在政府、企事业、大众传媒、教育等单位从事思想理论与文化工作(哲学与思想理论教育、企业思想政治工作、社会文化问题分析与评论等)。","近年来，哲学专业本科毕业生就业状况良好，大部分以优异成绩保送或考入北京大学、中国人民大学、北京师范大学、武汉大学、吉林大学以及本校继续读研深造，其余毕业生在政府、新闻出版、教育、企业等部门就职。毕业生因基础理论扎实、人文素养优良、发展潜力突出而受到好评。"],"style":"text-indent: 1.5em; "}],"images":[],"id":"intro/school/marx/philosophy","scopeData":{"@type":"general","uniq_id":"intro/school/marx/philosophy","title":"哲学专业","digest":"自东北师范大学建校以来，就依托思想政治教育专业设立哲学教研室，开设哲学类课程，编写过全国性的哲学专业教材，举办过全国性的哲学教师培训班，涌现出王家俊、薛文华、郑如心、王兴洲、王宏文等一批在国内哲学界具有一定影响的专家学者。1981年在全国首","thumbs":["https://mp.innenu.com/img/inNENU.jpg"],"tags":["哲学学院简介","学科简介","学费价格","师资力量","培养目标","具体要求","就业方向"]}}