{"title":"学位","author":"Mr.Hope","time":"2021年7月25日","grey":true,"shareable":true,"content":[{"tag":"list","content":[{"text":"双学位与辅修","icon":"degree","path":"guide/degree/double-degree"},{"text":"第二学士学位","icon":"degree","path":"guide/degree/second-degree"},{"text":"公费师范生介绍","icon":"teacher","path":"guide/degree/free-normal"},{"text":"优师计划介绍","icon":"teacher","path":"guide/degree/great-normal"}]},{"tag":"list","header":"转专业","content":[{"text":"全日制本科生转专业实施办法","desc":"官方文件","icon":"about","path":"guide/degree/change-major/rule"},{"text":"本科生转专业实施办法解读","icon":"intro","path":"guide/degree/change-major/explain"},{"text":"常见问题","icon":"faq","path":"guide/degree/change-major/faq"},{"text":"Mr.Hope の个人建议","icon":"idea","path":"guide/degree/change-major/advice"}]},{"tag":"doc","name":"各专业准入细则","url":"https://mp.innenu.com/file/study/switchMajor.pdf","icon":"pdf"},{"tag":"text","text":["以下信息仅供热门专业、人数的参考"]},{"tag":"doc","name":"2020年转专业公示名单","url":"https://mp.innenu.com/file/study/switch-major-2020.xlsx","icon":"xls"}],"images":[],"id":"guide/degree/index","scopeData":{"@type":"general","uniq_id":"guide/degree/index","title":"学位","digest":"以下信息仅供热门专业、人数的参考","thumbs":["https://mp.innenu.com/img/inNENU.jpg"],"tags":[]}}