{"title":"欢迎辞","author":"Mr.Hope","time":"2021年8月1日","shareable":true,"content":[{"tag":"text","text":["亲爱的新同学:"],"style":"font-weight: bold;"},{"tag":"p","text":["你好!","在这个丹桂飘香、硕果累累的金秋，热烈地祝贺你成为东北师范大学这所著名高等学府中的光荣一员。","巍巍东师,根溯延安；白山松水，薪火承传。东北师范大学是教育部直属高校，国家“211工程”首批重点建设大学,拥有六个“双一流”建设学科，被誉为“人民教师的摇篮”。建校70余年来，东北师范大学历经风雨沧桑，若参天大树起于毫末，每一道年轮都铭刻着开拓与求索、凝铸着使命与梦想。“尊重的教育、创造的教育”理念、为基础教育服务的办学特色、立德树人的基本工作遵循，书写出每一位东师人引以自豪的学府华章,凝结成每一位东师人求索奋进的精神动力。- 走入东北师范大学，希望你铭记“勤奋创新，为人师表”的校训，永葆每一位东师人崇实求新、棹歌中流的激情。愿你在东师放飞梦想，砥砺前行,超越自我!"],"style":"text-indent: 1.5em; "},{"tag":"text","text":["党委书记: 杨晓慧\n校    长: 刘益春"],"align":"text-align: right;","style":"margin-top: 40px;"}],"images":[],"id":"guide/prepare/welcome","scopeData":{"@type":"general","uniq_id":"guide/prepare/welcome","title":"欢迎辞","digest":"亲爱的新同学:你好! 在这个丹桂飘香、硕果累累的金秋，热烈地祝贺你成为东北师范大学这所著名高等学府中的光荣一员。 巍巍东师,根溯延安；白山松水，薪火承传。东北师范大学是教育部直属高校，国家“211工程”首批重点建设大学,拥有六个“双一流”建","thumbs":["https://mp.innenu.com/img/inNENU.jpg"],"tags":[]}}