{"title":"学校概况","grey":true,"author":"Mr.Hope","time":"2021年6月26日","shareable":true,"content":[{"tag":"list","header":"学校介绍","content":[{"text":"学校介绍","icon":"info","path":"intro/about/intro"},{"text":"学校定位","icon":"locate","path":"intro/about/locate"},{"text":"学校标识","icon":"activity","path":"intro/about/sign"},{"text":"学校校史","icon":"history","path":"intro/about/history"}]},{"tag":"list","header":"东师实力","content":[{"text":"师资队伍","icon":"teacher","path":"intro/about/teacher"},{"text":"学科建设","icon":"course","path":"intro/about/subject"},{"text":"东师排名","icon":"rank","path":"intro/about/rank"},{"text":"专业排名","icon":"rank","path":"intro/about/major-rank"}]},{"tag":"list","header":"信息公开","content":[{"text":"领导机构","icon":"leader","path":"intro/about/public/leader"},{"text":"学校章程","icon":"politics","path":"intro/about/public/rule"},{"text":"校情统计","icon":"data","path":"intro/about/public/basic"},{"text":"东北师范大学章程","icon":"rule","path":"intro/about/public/rule"},{"text":"本科学生学籍管理条例","icon":"plan","path":"intro/about/public/school-roll1"},{"text":"研究生学籍管理规定","icon":"plan","path":"intro/about/public/school-roll2"}]},{"tag":"copy","header":"信息公开网","text":"http://publish.nenu.edu.cn"}],"images":[],"id":"intro/about/index","scopeData":{"@type":"general","uniq_id":"intro/about/index","title":"学校概况","digest":"","thumbs":["https://mp.innenu.com/img/inNENU.jpg"],"tags":[]}}