{"title":"广播电视编导专业","desc":"来源: 传媒科学学院官网","time":"2021年7月9日","shareable":true,"content":[{"tag":"title","text":"学科简介"},{"tag":"p","text":["广播电视编导专业依托东北师范大学深厚的人文学科优势，借鉴世界各国影视艺术教育的先进经验，利用现代化教学手段，进行开放的、面向社会、着眼未来的教学实践。"],"style":"text-indent: 1.5em; "},{"tag":"title","text":"培养方向"},{"tag":"p","text":["广播电视编导专业致力于培养影视传媒、文化传播等领域具备优秀文化素质的复合型、应用型高级人才。通过系统的专业学习使学生具有良好的人文社科与艺术修养，熟悉党和国家宣传政策和法规，具备较高的政治水平；掌握传媒行业的基本技能、运作模式与理论方法，能胜任在视听媒体、网络与移动媒体、影视教育、文化艺术、宣传企划管理等多行业领域的工作。","我院广播电视编导专业依托国家级实验示范中心，视听设备和实践创作条件优越，形成了注重实践教学和对接影视传媒业务开展联合创作训练的教学特色。学生进入媒体后能迅速表现出动手能力强的特点。我院的广播电视编导专业自开办以来培养了大量影视传媒专门人才。该专业的师资力量十分雄厚，课程设置合理，教学理念先进；并且课程设置和教学思想都能随着视听媒体行业格局的变化及时更新升级，学生毕业后受到了用人单位的广泛好评。"],"style":"text-indent: 1.5em; "},{"tag":"title","text":"学费价格"},{"tag":"p","text":["广播电视编导专业学费为 ￥12000/年"],"style":"text-indent: 1.5em; "},{"tag":"title","text":"主干课程"},{"tag":"ul","text":["电视栏目与节目策划","影视文本写作","影视制作技术","影视摄像艺术","影视剪辑艺术","影视录音艺术","影视照明艺术","影视导演","联合创作及编导综合实践。"]},{"tag":"title","text":"师资力量"},{"tag":"ul","heading":"系主任","text":["黄永春"]},{"tag":"ul","heading":"专业教师","text":["张文东","孙宁","郑军","敖柏","温彩云","黄永春","王丽","裴晓冬","鲍枫","贾若","霍美辰","姚姿如","崔剑剑","韩立国","董昕","祁勇","滕锐","尹家美","辛露","肖鑫","王硕","张选中","王诗戈","张雯雯","李在荣"]},{"tag":"title","text":"能力培养要求"},{"tag":"text","text":["本着“宽口径、厚基础、精专业、多出路”的培养原则。强化综合性师范院校基础学科优势和本专业办学的培养特色。毕业生应该获得以下几方面的知识和能力:"]},{"tag":"ol","text":["主要学习文学、音乐学、美术学、美学、影视学、数据处理科学等方面的基本理论和基本知识，具备较高的艺术修养和创新思维能力","受到广播电视节目编制、全媒体策划与运营、主持与采编等方面的基本训练，具备广播电视节目、栏目、频道等方面的基本管理能力，具备多媒体融合的基本管理能力，能及时掌握最新媒体技术手段开展全媒体视域下的内容创作的基本技能","熟悉党和国家的新闻和文艺宣传方针、政策和法规，掌握现代影视传媒理论及实务，了解广播影视理论前沿和媒体技术发展动态。","掌握科学、理性的分析方法，具有创新意识、独立思考和分析、解决问题的能力","掌握网络与计算机数据处理和应用技能；具有一定的文献检索和科学研究能力；掌握一门外语，能阅读外文专业书刊，具备一定的听、说、写、译的能力"]},{"tag":"title","text":"就业方向"},{"tag":"p","text":["可在全国广播电影电视出版系统、文化部门和机关企事业单位、各级大专院校和科研单位从事广播电视栏目、频道策划、广播电视节目编制、文字撰稿、节目主持与采编、影视艺术教学与研究、影视制片管理、视听文化产品的全媒体传播与运营等方面的工作。"],"style":"text-indent: 1.5em; "}],"images":[],"id":"intro/school/media/director","scopeData":{"@type":"general","uniq_id":"intro/school/media/director","title":"广播电视编导专业","digest":"广播电视编导专业依托东北师范大学深厚的人文学科优势，借鉴世界各国影视艺术教育的先进经验，利用现代化教学手段，进行开放的、面向社会、着眼未来的教学实践。广播电视编导专业致力于培养影视传媒、文化传播等领域具备优秀文化素质的复合型、应用型高级人才","thumbs":["https://mp.innenu.com/img/inNENU.jpg"],"tags":["学科简介","培养方向","学费价格","主干课程","师资力量","能力培养要求","就业方向"]}}