{"title":"新闻传播学类介绍","desc":"来源: 传媒科学学院官网","time":"2020年8月11日","shareable":true,"content":[{"tag":"title","text":"专业简介"},{"tag":"p","text":["新闻传播学类有新闻学和广告学两个专业方向"],"style":"text-indent: 1.5em; "},{"tag":"list","header":false,"content":[{"text":"新闻学","path":"intro/school/media/news"},{"text":"广告学","path":"intro/school/media/ad"}]}],"images":[],"id":"intro/school/media/class","scopeData":{"@type":"general","uniq_id":"intro/school/media/class","title":"新闻传播学类介绍","digest":"新闻传播学类有新闻学和广告学两个专业方向","thumbs":["https://mp.innenu.com/img/inNENU.jpg"],"tags":["专业简介"]}}