{"title":"传媒科学学院","grey":true,"author":"Mr.Hope","time":"2020年8月6日","shareable":true,"content":[{"tag":"list","content":[{"text":"学院简介","icon":"about","base64Icon":"about","path":"intro/school/media/intro"},{"text":"专业介绍","icon":"info","base64Icon":"info","path":"intro/school/media/enroll"}]}],"images":[],"id":"intro/school/media/index","scopeData":{"@type":"general","uniq_id":"intro/school/media/index","title":"传媒科学学院","digest":"","thumbs":["https://mp.innenu.com/img/inNENU.jpg"],"tags":[]}}