{"title":"本部校区校门","author":"Mr.Hope","time":"2020年7月25日","shareable":true,"content":[{"tag":"title","text":"本部校区图"},{"tag":"img","src":"https://mp.innenu.com/img/check/benbu.jpg"},{"tag":"text","text":["由于疫情原因，2020 年迎新地点与往年相比有改动，校门只会开放北门。"]},{"tag":"title","text":"本部北门(动植物园对面)"},{"tag":"img","src":"https://mp.innenu.com/img/scenery/benbu/gate/north.jpg"},{"tag":"text","type":"p","text":["这是疫情期间唯一开放的校门，也是离三舍最近的校门，正对着动植物公园门口。下车往左望分别就是三舍 D、C、B、A，很近。很多同学打车回校都会让司机开到这个门。","迎新摆台出也在这个门一进门的路上。在报道后领到钥匙，就可以去宿舍了。"],"style":"text-indent: 1.5em; "},{"tag":"text","type":"ol","heading":"Mr.Hope の 友情提示","text":["校门口的自由大路被栅栏隔开，想要过马路只能通过不远处的天桥或是绕行至十字路口走斑马线，如果行李多的话会很不方便，所以如果打车请务必让司机掉头停在校门一侧。"]},{"tag":"title","text":"本部正门"},{"tag":"text","text":["疫情报道期间此门关闭!"],"style":"color: red;font-weight: bold;font-size: 17px;"},{"tag":"swiper","url":["https://mp.innenu.com/img/scenery/benbu/gate/west1.jpg","https://mp.innenu.com/img/scenery/benbu/gate/west2.jpg","https://mp.innenu.com/img/scenery/benbu/gate/west3.jpg"]},{"tag":"text","type":"p","text":["这是学校的正门，进门正对着就是学校的图书馆。","很多公交车如 6 / 66 / 306 的车站都在正门附近。"],"style":"text-indent: 1.5em; "},{"tag":"img","src":"https://mp.innenu.com/img/check/benbu-scene-2017.jpg"},{"tag":"img","src":"https://mp.innenu.com/img/check/benbu-scene-2019.jpg"},{"tag":"title","text":"本部西北门(东师会馆、幼儿园旁)"},{"tag":"text","text":["疫情报道期间此门关闭!"],"style":"color: red;font-weight: bold;font-size: 17px;"},{"tag":"img","src":"https://mp.innenu.com/img/scenery/benbu/gate/north-west.jpg"},{"tag":"text","type":"p","text":["从这个门进去右手边是师大附属幼儿园。"],"style":"text-indent: 1.5em; "}],"images":["https://mp.innenu.com/img/check/benbu.jpg","https://mp.innenu.com/img/scenery/benbu/gate/north.jpg","https://mp.innenu.com/img/check/benbu-scene-2017.jpg","https://mp.innenu.com/img/check/benbu-scene-2019.jpg","https://mp.innenu.com/img/scenery/benbu/gate/north-west.jpg"],"id":"guide/check/benbu","scopeData":{"@type":"general","uniq_id":"guide/check/benbu","cover":"https://mp.innenu.com/img/check/benbu.jpg","title":"本部校区校门","digest":"由于疫情原因，2020 年迎新地点与往年相比有改动，校门只会开放北门。这是疫情期间唯一开放的校门，也是离三舍最近的校门，正对着动植物公园门口。下车往左望分别就是三舍 D、C、B、A，很近。很多同学打车回校都会让司机开到这个门。 迎新摆台出也","thumbs":["https://mp.innenu.com/img/check/benbu.jpg","https://mp.innenu.com/img/scenery/benbu/gate/north.jpg","https://mp.innenu.com/img/check/benbu-scene-2017.jpg","https://mp.innenu.com/img/check/benbu-scene-2019.jpg","https://mp.innenu.com/img/scenery/benbu/gate/north-west.jpg"],"tags":["本部校区图","本部北门(动植物园对面)","本部正门","本部西北门(东师会馆、幼儿园旁)"]}}