{"title":"报到时间地点","author":"Mr.Hope","time":"2021年8月1日","shareable":true,"content":[{"tag":"title","text":"报到时间"},{"tag":"text","type":"tip","heading":"本科新生报道","text":["报到时间为 2021 年 8 月 18 日 星期三 6:00 - 22:00 (含少数民族预科)","火车站将设有新生接待处"]},{"tag":"text","type":"tip","heading":"研究生新生报道","text":["报到时间为 2021 年 9 月 1 日 星期三"]},{"tag":"text","type":"warning","heading":"其他专业","text":["体育教育、体育教育(公费师范)、运动训练、武术与民族传统体育专业报到时间为 2021 年 8 月 27 日。"]},{"tag":"text","type":"info","text":["学校通常会在新生报到前 10 天左右开会确定新生报到的具体的工作安排，所以目前 Mr.Hope 现在没法给您具体的地点。","另外，由于疫情原因封校，预计家长将禁止🚫进入校园，校方会安排摆渡车🛺为大家运送行李。"]},{"tag":"title","text":"可以早到么"},{"tag":"text","heading":"不可以","text":["新冠疫情对学校的安全管控提出要求，为了学生安全着想，学校日常采取封校策略、审批制进出校。除特殊情况外，学校不允许提前入校，也就是提前到会被拒之门外。","寝室分配和校园卡印制可能没有完成，而且食堂档口开放的也比较少，学校超市新生用品可能也还在进货准备中。在生活上无疑会带来一系列的不方便。","由于同学们没有经过新生入学安全教育，对学校不是十分了解，而且来的时间比较零散，辅导员可能未必能够时刻关注到同学们的情况与安全。"]},{"tag":"title","text":"报到(接待)时间"},{"tag":"text","heading":"2021年接待","text":["2021 年 8 月 18 日 6:00 - 22:00"]},{"tag":"title","text":"报到(接待)地点"},{"tag":"text","text":["本部校区在北门(动植物公园对面)进门的街道"]},{"tag":"text","text":["净月校区在净月图书馆门前广场"]},{"tag":"img","src":"https://mp.innenu.com/img/check/jingyue-stage.jpg"}],"images":["https://mp.innenu.com/img/check/jingyue-stage.jpg"],"id":"guide/check/location-and-time","scopeData":{"@type":"general","uniq_id":"guide/check/location-and-time","cover":"https://mp.innenu.com/img/check/jingyue-stage.jpg","title":"报到时间地点","digest":"本科新生报道 报到时间为 2021 年 8 月 18 日 星期三 6:00 - 22:00 (含少数民族预科) 火车站将设有新生接待处研究生新生报道 报到时间为 2021 年 9 月 1 日 星期三其他专业 体育教育、体育教育(公费师范)、","thumbs":["https://mp.innenu.com/img/check/jingyue-stage.jpg"],"tags":["报到时间","可以早到么","报到(接待)时间","报到(接待)地点"]}}