{"title":"报到条件","author":"Mr.Hope","time":"2021年7月4","shareable":true,"content":[{"tag":"p","text":["为了确保学生们的安全，在疫情期间，学校规定了对来校报到所需的材料"],"style":"text-indent: 1.5em; "},{"tag":"title","text":"报道条件"},{"tag":"ol","text":["报到须持有“吉事办”健康码(“吉祥码”)绿码和“东师e起战疫”码绿码，测温正常后方可入校。","新疆维吾尔自治区(除乌鲁木齐市)、辽宁省大连市、广东省汕尾市陆丰市学生持健康通行码“绿码”及7日内核酸检测阴性证明报到。","新疆乌鲁木齐市学生需持健康通行码“绿码”及7日内核酸检测阴性证明报到，到校后加测一次核酸检测。","本人或共同居住的家庭成员为确诊病例、核酸检测阳性者、疑似病例、密切接触者，已治愈、解除集中医学观察或居家观察的，须持7日内核酸检测阴性证明、健康通行码“绿码”报到，到校后加测一次核酸检测。","报到前14日内有发热、咳嗽、腹泻等症状的，痊愈后须持7日内核酸检测阴性证明，经批准后来校报到。","近期从境外返回的，严格落实境外返回人员管控措施，解除集中医学观察后，持健康通行码“绿码”、解除隔离告知书和7日内核酸检测阴性证明报到。"]},{"tag":"p","heading":"提示","text":["以上条件按照教育部和属地管理要求制定，将视疫情发展和属地管理要求随时进行调整。请同学们务必逐一核对，确保顺利报到。"],"style":"text-indent: 1.5em; "}],"images":[],"id":"guide/check/requirement","scopeData":{"@type":"general","uniq_id":"guide/check/requirement","title":"报到条件","digest":"为了确保学生们的安全，在疫情期间，学校规定了对来校报到所需的材料报到须持有“吉事办”健康码(“吉祥码”)绿码和“东师e起战疫”码绿码，测温正常后方可入校。 新疆维吾尔自治区(除乌鲁木齐市)、辽宁省大连市、广东省汕尾市陆丰市学生持健康通行码“","thumbs":["https://mp.innenu.com/img/inNENU.jpg"],"tags":["报道条件"]}}