{"title":"新生课程学习","author":"Mr.Hope","time":"2021年7月4","shareable":true,"content":[{"tag":"title","text":"PC Web 学习流程"},{"tag":"ul","text":["点击 “课群课程”，并依次学习所有课程"]},{"tag":"img","src":"https://mp.innenu.com/img/prepare/yiban-pc-study1.png"},{"tag":"ul","text":["每一个课程需要先点击 “报名学习”"]},{"tag":"img","src":"https://mp.innenu.com/img/prepare/yiban-pc-study2.png"},{"tag":"ul","text":["之后才可以点击 “进入学习”"]},{"tag":"img","src":"https://mp.innenu.com/img/prepare/yiban-pc-study3.png"},{"tag":"ul","text":["依次选择屏幕右侧的课时进行学习"]},{"tag":"img","src":"https://mp.innenu.com/img/prepare/yiban-pc-study4.png"},{"tag":"title","text":"移动客户端学习流程"},{"tag":"ul","text":["点击 “东北师范大学 2020 年新生入学教育”"]},{"tag":"img","src":"https://mp.innenu.com/img/prepare/yiban-mobile-study1.jpg"},{"tag":"ul","text":["点击 “课群课程”，并依次学习所有课程"]},{"tag":"img","src":"https://mp.innenu.com/img/prepare/yiban-mobile-study2.jpg"},{"tag":"ul","text":["每一个课程需要先点击 “报名学习”"]},{"tag":"img","src":"https://mp.innenu.com/img/prepare/yiban-mobile-study3.jpg"},{"tag":"ul","text":["之后才可以点击 “进入学习”"]},{"tag":"img","src":"https://mp.innenu.com/img/prepare/yiban-mobile-study4.jpg"},{"tag":"ul","text":["依次选择屏幕下方的课时进行学习"]},{"tag":"img","src":"https://mp.innenu.com/img/prepare/yiban-mobile-study5.jpg"},{"tag":"title","text":"注意事项"},{"tag":"text","text":["第一部分课程好像忘记添加进课群之中了，可以在优课首页在搜索框内输入 “东北师范大学” 进行搜索。"],"style":"color: red;font-weight: bold;"},{"tag":"ol","heading":"其他","text":["课程学习有进度，请不要随意拖拽进度条，认真观看。","后面的考试题会涉及到这部分视频的内容"]}],"images":["https://mp.innenu.com/img/prepare/yiban-pc-study1.png","https://mp.innenu.com/img/prepare/yiban-pc-study2.png","https://mp.innenu.com/img/prepare/yiban-pc-study3.png","https://mp.innenu.com/img/prepare/yiban-pc-study4.png","https://mp.innenu.com/img/prepare/yiban-mobile-study1.jpg","https://mp.innenu.com/img/prepare/yiban-mobile-study2.jpg","https://mp.innenu.com/img/prepare/yiban-mobile-study3.jpg","https://mp.innenu.com/img/prepare/yiban-mobile-study4.jpg","https://mp.innenu.com/img/prepare/yiban-mobile-study5.jpg"],"id":"guide/prepare/yiban/study","scopeData":{"@type":"general","uniq_id":"guide/prepare/yiban/study","cover":"https://mp.innenu.com/img/prepare/yiban-pc-study1.png","title":"新生课程学习","digest":"第一部分课程好像忘记添加进课群之中了，可以在优课首页在搜索框内输入 “东北师范大学” 进行搜索。","thumbs":["https://mp.innenu.com/img/prepare/yiban-pc-study1.png","https://mp.innenu.com/img/prepare/yiban-pc-study2.png","https://mp.innenu.com/img/prepare/yiban-pc-study3.png","https://mp.innenu.com/img/prepare/yiban-pc-study4.png","https://mp.innenu.com/img/prepare/yiban-mobile-study1.jpg","https://mp.innenu.com/img/prepare/yiban-mobile-study2.jpg","https://mp.innenu.com/img/prepare/yiban-mobile-study3.jpg","https://mp.innenu.com/img/prepare/yiban-mobile-study4.jpg","https://mp.innenu.com/img/prepare/yiban-mobile-study5.jpg"],"tags":["PC Web 学习流程","移动客户端学习流程","注意事项"]}}