{"title":"学校办公室介绍","desc":"信息来源: 学校办公室官网","time":"2021年7月4","shareable":true,"content":[{"tag":"title","text":"工作职能"},{"tag":"text","type":"p","text":["东北师范大学学校办公室是学校党委和行政的综合办事机构，工作职能是: 参与政务、综合服务；调查研究、提供咨询；督促检查、催办落实；统筹协调、组织实施。"],"style":"text-indent: 1.5em; "},{"tag":"title","text":"机构设置"},{"tag":"img","src":"https://mp.innenu.com/img/apartment/officeDetail.jpg"},{"tag":"title","text":"办公室部分人员"},{"tag":"ul","heading":"邢宇","text":["职务: 学校办公室主任","邮箱: xingyu@nenu.edu.cn","办公地点: 本部校区综合办公楼 408 室"]},{"tag":"ul","heading":"关继国","text":["职务: 净月校区党工委副书记","邮箱: jgguan@nenu.edu.cn","电话: 0431-84536006","办公地点: 净月校区行政楼258-1室"]},{"tag":"ul","heading":"钟明","text":["职务: 学校办公室副主任","邮箱: zhongm815@nenu.edu.cn","电话: 0431-85098278","办公地点: 本部校区综合办公楼410室"]},{"tag":"ul","heading":"刘文健","text":["职务: 学校办公室副主任","邮箱: liuwj108@nenu.edu.cn","电话: 0431-85098478","办公地点: 本部校区综合办公楼510室"]},{"tag":"ul","heading":"黄金丰","text":["职务: 学校办公室副主任","邮箱: huangjf187@nenu.edu.cn","电话: 0431-85098378","办公地点: 本部校区综合办公楼507室"]},{"tag":"ul","heading":"元修成","text":["职务: 学校办公室副主任","邮箱: yxc@nenu.edu.cn","电话: 0431-85098578","办公地点: 本部校区综合办公楼112室"]},{"tag":"title","text":"相关电话"},{"tag":"ul","text":["学校传真: 0431-85684009","行政事务室: 85099208","文秘综合室: 85099738","督　查　室: 85099209","信息信访室: 85099302","净月校区党工委: 84536006","净月校区办公室: 84536007","保密工作办公室: 85099302","法律事务办公室: 85099303"]}],"images":["https://mp.innenu.com/img/apartment/officeDetail.jpg"],"id":"intro/apartment/office","scopeData":{"@type":"general","uniq_id":"intro/apartment/office","cover":"https://mp.innenu.com/img/apartment/officeDetail.jpg","title":"学校办公室介绍","digest":"东北师范大学学校办公室是学校党委和行政的综合办事机构，工作职能是: 参与政务、综合服务；调查研究、提供咨询；督促检查、催办落实；统筹协调、组织实施。","thumbs":["https://mp.innenu.com/img/apartment/officeDetail.jpg"],"tags":["工作职能","机构设置","办公室部分人员","相关电话"]}}