{"title":"综合教学楼","author":"fy","time":"2020年9月1日","photo":["https://mp.innenu.com/img/scence/benbu/zonghe.webp"],"content":[{"tag":"title","text":"综合教学楼"},{"tag":"text","type":"p","heading":"简介","text":["综合教学楼是全校师生授课学习的地方，大学英语课、计算机课以及部分选修课都在该教学楼里进行，同时也是四六级等等级考试的考试场地。而且综合教学楼靠近南苑餐厅，下课后您可以选择在南苑餐厅就餐。"],"style":"text-indent: 1.5em; "}],"images":[],"id":"map/benbu/building/complex","scopeData":{"@type":"general","uniq_id":"map/benbu/building/complex","title":"综合教学楼","digest":"简介 综合教学楼是全校师生授课学习的地方，大学英语课、计算机课以及部分选修课都在该教学楼里进行，同时也是四六级等等级考试的考试场地。而且综合教学楼靠近南苑餐厅，下课后您可以选择在南苑餐厅就餐。","thumbs":["https://mp.innenu.com/img/inNENU.jpg"],"tags":["综合教学楼"]}}