{"title":"选课","author":"Mr.Hope","time":"2020年8月9日","grey":true,"shareable":true,"content":[{"tag":"list","header":"关于选课","content":[{"text":"选课介绍","icon":"info","path":"guide/select/intro"},{"text":"选课内容","icon":"list","path":"guide/select/content"},{"text":"选课参考","icon":"reference","path":"guide/select/reference"}]},{"tag":"list","header":"选课流程","content":[{"text":"流程介绍","icon":"info","path":"guide/select/flow"},{"text":"预选","icon":"flow","path":"guide/select/preselection"},{"text":"正选","icon":"flow","path":"guide/select/selection"},{"text":"退补选","icon":"flow","path":"guide/select/improve-selection"}]},{"tag":"list","header":"选课系统","content":[{"text":"选课系统介绍","icon":"system","path":"guide/select/system"},{"text":"选课系统使用说明","icon":"advice","path":"guide/select/guide"}]},{"tag":"list","content":[{"text":"选课技巧","icon":"advice","path":"guide/select/skill"}]}],"images":[],"id":"guide/select/index","scopeData":{"@type":"general","uniq_id":"guide/select/index","title":"选课","digest":"","thumbs":["https://mp.innenu.com/img/inNENU.jpg"],"tags":[]}}