{"title":"报到时间","author":"Mr.Hope","time":"2020年8月3日","shareable":true,"content":[{"tag":"title","text":"报到日期"},{"tag":"text","text":["2020年9月5日","另外，由于疫情原因封校，家长将禁止进入校园，届时可能会有学长学姐帮大家拿行李。"]},{"tag":"title","text":"可以早到么"},{"tag":"text","heading":"不可以","text":["今年的新冠疫情对学校的安全管控提出了新的挑战，为了学生安全着想，学校现在采取封校策略。原则上讲，学校不允许提前入校，也就是提前到会被拒之门外。"]},{"tag":"text","text":["学校通常会在新生报到前 10 天左右开会确定新生报到的具体的工作安排，所以目前 Mr.Hope 现在没法给您地点和具体的接待时间。\n以下信息为 2019 年情况"],"style":"color: #888;font-size: 14px;"},{"tag":"title","text":"报到时间"},{"tag":"text","type":"p","text":["6:00 - 22:00。"],"style":"text-indent: 1.5em; "},{"tag":"title","text":"Mr.Hope の 吐槽"},{"tag":"text","type":"p","text":["真的不要早来，如果你实在想，可以早来一两天，和陪同的父母一起简单去长春周边逛逛。至于你自己，大学四年的假期会给予你充足的游遍长春、吉林省乃至东北的机会。要是自己单纯想旅游的话，日后假期和室友/男(女)朋友一起去逛不是更好么?","与其兴致勃勃的等待来学校报到，不如趁这个假期做点有意思的事情，开学英语就要分班了，可以看看英语，如果想读研究生的话，英语也是查看论文必不可少的技能。同时一定要多花点时间陪陪父母，多和他们聊聊天说说话，和他们在一起干干活，提升一下自己的生活能力。不要来到大学都不会洗衣服，做饭也可以学一学。不只是你会想家，你的父母可能也还不习惯缺少了你的家，他们可能也会想你，而到了这个时间段，他们也在慢慢变老，可能你每个学期回家，可能都会发现他们多了几条皱纹、多了几丝白发。Mr.Hope 最恳切的建议，就是让你们多陪陪父母，多动手干干活，感受亲情的同时让自己变得自立。可不要开学来了袜子都往洗衣机里丢。"],"style":"text-indent: 1.5em; "}],"images":[],"id":"guide/prepare/check-in-time","scopeData":{"@type":"general","uniq_id":"guide/prepare/check-in-time","title":"报到时间","digest":"2020年9月5日 另外，由于疫情原因封校，家长将禁止进入校园，届时可能会有学长学姐帮大家拿行李。不可以 今年的新冠疫情对学校的安全管控提出了新的挑战，为了学生安全着想，学校现在采取封校策略。原则上讲，学校不允许提前入校，也就是提前到会被拒","thumbs":["https://mp.innenu.com/img/inNENU.jpg"],"tags":["报到日期","可以早到么","报到时间","Mr.Hope の 吐槽"]}}