{"title":"入学准备","author":"Mr.Hope","time":"2020年8月26日","grey":true,"shareable":true,"content":[{"tag":"list","header":"疫情防控","content":[{"text":"疫情管理调整","icon":"/module/icon/virus.svg","path":"guide/faq/virus"},{"text":"吉祥码介绍与注册","icon":"/module/icon/content.svg","path":"guide/prepare/jixiang-code/index"},{"text":"每日健康上报","icon":"/module/icon/apply.svg","path":"guide/prepare/miniprogram"}]},{"tag":"list","header":"报到之前","content":[{"text":"报到时间","icon":"/module/icon/time.svg","path":"guide/prepare/check-in-time"},{"text":"录取通知书内容详情","icon":"/module/icon/content.svg","path":"guide/prepare/admission-notice"},{"text":"导员姓名与联系方式","icon":"/module/icon/phone.svg","path":"guide/prepare/counselor/2020"},{"text":"新生入学前课程学习","icon":"/icon/guide/study.svg","path":"guide/prepare/yiban/index"}]},{"tag":"list","header":"找到组织","content":[{"text":"专业所属学院","icon":"/icon/guide/course.svg","path":"intro/enroll/major/2020"},{"text":"迎新 QQ 群","icon":"/icon/user/qq-group.svg","path":"guide/prepare/QQGroup"},{"text":"老乡 QQ 群","icon":"/icon/user/qq-group.svg","path":"guide/prepare/fellow-group"}]},{"tag":"list","header":"报到相关","content":[{"text":"大学第一天","icon":"/module/icon/time.svg","path":"guide/prepare/first-day"},{"text":"坐火车到校","icon":"/module/icon/train.svg","path":"guide/check/arrival/train/index"},{"text":"坐飞机到校","icon":"/module/icon/plane.svg","path":"guide/check/arrival/plane/index"},{"text":"关于打车","icon":"/module/icon/taxi.svg","path":"guide/check/arrival/taxi"},{"text":"关于接站","icon":"/module/icon/pickup.svg","path":"guide/check/arrival/pickup"}]},{"tag":"list","header":"开学活动","content":[{"text":"体检","icon":"/module/icon/medical-exam.svg","path":"guide/check/medical-examination"},{"text":"英语分班考试","icon":"/module/icon/english.svg","path":"guide/exam/grading-exam"},{"text":"体测考试","icon":"/module/icon/basketball.svg","path":"guide/exam/pe-test/index"}]},{"tag":"list","header":"其他活动","content":[{"text":"军训介绍","icon":"/module/icon/info.svg","path":"guide/prepare/military/intro"},{"text":"军训详情","icon":"/icon/about.svg","path":"guide/prepare/military/detail"}]},{"tag":"list","header":"校园管理条例","content":[{"text":"常见犯错以及相关处罚规定","icon":"/module/icon/punish.svg","path":"intro/apartment/student/punish"}]}],"images":[],"id":"guide/prepare/index","scopeData":{"@type":"general","uniq_id":"guide/prepare/index","title":"入学准备","digest":"","thumbs":["https://mp.innenu.com/img/inNENU.jpg"],"tags":[]}}