{"title":"入学准备","author":"Mr.Hope","time":"2021年7月9日","grey":true,"shareable":true,"content":[{"tag":"list","header":"疫情防控","content":[{"text":"疫情管理调整","icon":"virus","path":"guide/faq/virus"},{"text":"吉祥码介绍与注册","icon":"register","path":"guide/prepare/jixiang-code/index"},{"text":"每日健康上报","icon":"apply","path":"guide/prepare/miniprogram"},{"text":"新生报到需要满足的条件","icon":"info","path":"guide/check/requirement"}]},{"tag":"list","header":"报到之前","content":[{"text":"报到时间","icon":"time","path":"guide/prepare/check-in-time"},{"text":"录取通知书内容详情","icon":"letter","path":"guide/prepare/admission-notice"},{"text":"导员姓名与联系方式","icon":"phone","path":"guide/prepare/counselor/2021"},{"text":"新生入学前课程学习","icon":"study","path":"guide/prepare/yiban/index"}]},{"tag":"list","header":"找到组织","content":[{"text":"专业所属学院","icon":"course","path":"intro/enroll/major/2021"},{"text":"迎新 QQ 群","icon":"qq-group","path":"guide/prepare/QQGroup"},{"text":"老乡 QQ 群","icon":"qq-group","path":"guide/prepare/fellow-group"}]},{"tag":"list","header":"校园管理条例","content":[{"text":"常见犯错以及相关处罚规定","icon":"punish","path":"intro/apartment/student/punish"}]}],"images":[],"id":"guide/prepare/index","scopeData":{"@type":"general","uniq_id":"guide/prepare/index","title":"入学准备","digest":"","thumbs":["https://mp.innenu.com/img/inNENU.jpg"],"tags":[]}}