{"title":"东师e起战疫","grey":true,"author":"Mr.Hope","time":"2021年8月1日","shareable":true,"content":[{"tag":"list","content":[{"text":"小程序介绍","icon":"intro","path":"guide/epidemic/miniprogram/intro"},{"text":"小程序登陆","icon":"intro","path":"guide/epidemic/miniprogram/login"},{"text":"返校打卡","icon":"intro","path":"guide/epidemic/miniprogram/return"}]}],"images":[],"id":"guide/epidemic/miniprogram/index","scopeData":{"@type":"general","uniq_id":"guide/epidemic/miniprogram/index","title":"东师e起战疫","digest":"","thumbs":["https://mp.innenu.com/img/inNENU.jpg"],"tags":[]}}