{"title":"马克思主义学部","grey":true,"author":"Mr.Hope","time":"2021年7月9日","shareable":true,"content":[{"tag":"list","content":[{"text":"学院简介","icon":"about","path":"intro/school/marx/intro"},{"text":"专业介绍","icon":"info","path":"intro/school/marx/enroll"}]},{"tag":"copy","header":"官网地址","text":"https://marxism.nenu.edu.cn/"}],"images":[],"id":"intro/school/marx/index","scopeData":{"@type":"general","uniq_id":"intro/school/marx/index","title":"马克思主义学部","digest":"","thumbs":["https://mp.innenu.com/img/inNENU.jpg"],"tags":[]}}