{"title":"思想政治教育专业","desc":"来源: 马克思主义学部官网","time":"2020年8月6日","shareable":true,"content":[{"tag":"title","text":"学院简介"},{"tag":"p","text":["思想政治教育学院是东北师范大学马克思主义学部四个学院之一，学院的历史可以追溯到1948年东北大学建立的社会科学院政治经济系的政治科。1950年学校更名为东北师范大学后，在政治经济系的基础上组建了政治教育系，使我校成为国内最早开展政治教育本科专业的高师院校之一。1988年教育部颁布新本科专业目录时，将政治教育专业与新设置的思想政治教育专业统一更名为思想政治教育专业，此后思想政治教育专业成为我校重要的基础性专业之一。思想政治教育专业下设师范类思想政治教育与非师范类思想政治教育两个不同专业，2013年2月思想政治教育非师范类调整至马克思主义学部，成立思想政治教育学院。"],"style":"text-indent: 1.5em; "},{"tag":"title","text":"学科简介"},{"tag":"p","text":["思想政治教育学院学科优势突出，思想政治教育二级学科是国家首批6个博士点之一，2002年、2006年先后两次被吉林省评为省级重点学科。2006年初，以本学科点及马克思主义基本原理学科点为基础，获得了马克思主义理论一级学科博士学位授予权。2007年“思想政治教育”学科被评审批准为国家三个重点学科之一。"],"style":"text-indent: 1.5em; "},{"tag":"title","text":"学费价格"},{"tag":"p","text":["思想政治教育学费为 ￥3850/年"],"style":"text-indent: 1.5em; "},{"tag":"title","text":"师资力量"},{"tag":"p","text":["思想政治教育学院师资力量雄厚。现有专职教师7人，其中教授5人，副教授2人。拥有国家级教学名师1人，马克思主义研究和建设工程首席专家1人，全国优秀博士论文指导教师1人，全国优秀教师2人，国家新世纪优秀人才1人，二级教授2人。思想政治学院建设有2门国家级精品课。近五年来，思想政治学院教师共发表学术论文近300篇，出版学术著作20余部，教材10余部；获得国家社科基金重大项目2项，国家社科基金重点项目1项，其他各级别研究课题20余项；获省部级及以上奖励10余项。在某些研究领域已形成自己的学术话语权，在国内具有一定的影响。"],"style":"text-indent: 1.5em; "},{"tag":"title","text":"培养目标"},{"tag":"p","text":["思想政治教育学院以“宽口径、厚基础、精专业、多出路”为人才培养思路，旨在培养培养具有坚定的政治立场，较高的思想道德素质和马克思主义理论素养，深厚的哲学社会科学底蕴、扎实的思想政治教育知识、宽阔的思想理论视野、丰富的专业实践技能的复合型人才。"],"style":"text-indent: 1.5em; "},{"tag":"title","text":"就业方向"},{"tag":"p","text":["本专业毕业生可以承担各类学校、国家各级党委和行政部门、企事业单位的思想政治教育及相关工作，也可以通过继续深造从事思想政治教育理论研究工作。"],"style":"text-indent: 1.5em; "}],"images":[],"id":"intro/school/marx/mind","scopeData":{"@type":"general","uniq_id":"intro/school/marx/mind","title":"思想政治教育专业","digest":"思想政治教育学院是东北师范大学马克思主义学部四个学院之一，学院的历史可以追溯到1948年东北大学建立的社会科学院政治经济系的政治科。1950年学校更名为东北师范大学后，在政治经济系的基础上组建了政治教育系，使我校成为国内最早开展政治教育本科","thumbs":["https://mp.innenu.com/img/inNENU.jpg"],"tags":["学院简介","学科简介","学费价格","师资力量","培养目标","就业方向"]}}