{"title":"就业报到证","author":"Mr.Hope","time":"2021年6月2","shareable":true,"content":[{"tag":"text","type":"info","text":["就业报到证（全称《全国普通高等学校本专科毕业生就业报到证》或《全国毕业研究生就业报到证》），是由教育部印制，教育部及省、自治区、直辖市高校毕业生调配部门签发的毕业生就业证件。"]},{"tag":"text","text":["报到证一式两份，分别称为就业报到证和就业通知书，毕业生持就业报到证到单位报到，就业通知书则放入档案内封存。","用人单位和高校以就业报到证为依据接转毕业生的档案，毕业生凭就业报到证到公安部门办理户口的迁移手续。","就业报到证对毕业生非常非常重要，关系到毕业生的统分统招、户口落户、档案转递、干部身份、工龄计算等。"]}],"images":[],"id":"guide/job/dispatch/dispath-id","scopeData":{"@type":"general","uniq_id":"guide/job/dispatch/dispath-id","title":"就业报到证","digest":"就业报到证（全称《全国普通高等学校本专科毕业生就业报到证》或《全国毕业研究生就业报到证》），是由教育部印制，教育部及省、自治区、直辖市高校毕业生调配部门签发的毕业生就业证件。报到证一式两份，分别称为就业报到证和就业通知书，毕业生持就业报到证","thumbs":["https://mp.innenu.com/img/inNENU.jpg"],"tags":[]}}