{"title":"派遣","author":"Mr.Hope","time":"2021年6月27日","grey":true,"shareable":true,"content":[{"tag":"list","content":[{"text":"派遣介绍","path":"guide/job/dispatch/intro"},{"text":"报到证","path":"guide/job/dispatch/dispath-id"},{"text":"改派","path":"guide/job/dispatch/change"},{"text":"丢失报到证","path":"guide/job/dispatch/lost"}]}],"images":[],"id":"guide/job/dispatch/index","scopeData":{"@type":"general","uniq_id":"guide/job/dispatch/index","title":"派遣","digest":"","thumbs":["https://mp.innenu.com/img/inNENU.jpg"],"tags":[]}}