{"title":"坐飞机-到净月","author":"Mr.Hope","time":"20199年7月21日","shareable":true,"content":[{"tag":"title","text":"动车-其他(最优推荐)"},{"tag":"text","type":"p","text":["先坐动车到长春站，约 15 分钟，每天大约有 16 趟车，之后从火车站前往净月。"],"style":"text-indent: 1.5em; "},{"tag":"list","header":false,"content":[{"text":"火车站-净月","icon":"train","base64Icon":"train","path":"guide/check/arrival/train/jingyue"}]},{"tag":"title","text":"打车"},{"tag":"text","type":"p","text":["机场-市内 80 - 90 元(不含高速费)，市内-净月校区 ￥20，讲价完大约 100 多点。可以走机场高速-长平高速，到净月收费站下，40 分钟左右。"],"style":"text-indent: 1.5em; "},{"tag":"title","text":"机场大巴-公交"},{"tag":"text","type":"p","text":["乘坐机场大巴到人民广场 (￥20)，转乘 160(￥2) 至东北师范大学站。全程 2 小时左右。"],"style":"text-indent: 1.5em; "}],"images":[],"id":"guide/check/arrival/plane/jingyue","scopeData":{"@type":"general","uniq_id":"guide/check/arrival/plane/jingyue","title":"坐飞机-到净月","digest":"先坐动车到长春站，约 15 分钟，每天大约有 16 趟车，之后从火车站前往净月。机场-市内 80 - 90 元(不含高速费)，市内-净月校区 ￥20，讲价完大约 100 多点。可以走机场高速-长平高速，到净月收费站下，40 分钟左右。乘坐机","thumbs":["https://mp.innenu.com/img/inNENU.jpg"],"tags":["动车-其他(最优推荐)","打车","机场大巴-公交"]}}