{"title":"课程","author":"Mr.Hope","time":"2020年8月1日","grey":true,"shareable":true,"content":[{"tag":"list","header":"本科课程设置","content":[{"text":"通识教育课程","icon":"/module/icon/course.svg","base64Icon":"course","path":"guide/course/general/index"},{"text":"专业教育课程","icon":"/module/icon/course.svg","base64Icon":"course","path":"guide/course/professional"},{"text":"发展课程课程","icon":"/module/icon/course.svg","base64Icon":"course","path":"guide/course/develop"},{"text":"新生研讨课","icon":"/module/icon/course.svg","base64Icon":"course","path":"guide/course/discuss"},{"text":"本科课程计划","icon":"/module/icon/plan.svg","base64Icon":"plan","path":"guide/course/plan"}]},{"tag":"list","header":"公共课程","content":[{"text":"体育课说明","icon":"/module/icon/basketball.svg","base64Icon":"basketball","path":"guide/course/PE"},{"text":"网课说明","icon":"/module/icon/wifi.svg","base64Icon":"wifi","path":"guide/course/net-course"}]},{"tag":"list","header":"英语课程","content":[{"text":"课程简介","icon":"/module/icon/english.svg","base64Icon":"english","path":"guide/course/english/intro"},{"text":"免修评定","icon":"/module/icon/exemption.svg","base64Icon":"exemption","path":"guide/course/english/exemption"},{"text":"东北师范大学英语水平测试","icon":"/module/icon/english.svg","base64Icon":"english","path":"guide/course/english/DET"}]},{"tag":"list","content":[{"text":"免费师范生介绍","icon":"/module/icon/teacher.svg","base64Icon":"teacher","path":"guide/course/free-normal"}]},{"tag":"list","content":[{"text":"Mr.Hope の个人建议","icon":"/module/icon/advice.svg","base64Icon":"advice","path":"guide/course/advice"}]},{"tag":"list","header":"硕士研究生课程设置","content":[{"text":"待补充..."}]}],"images":[],"id":"guide/course/index","scopeData":{"@type":"general","uniq_id":"guide/course/index","title":"课程","digest":"","thumbs":["https://mp.innenu.com/img/inNENU.jpg"],"tags":[]}}