{"title":"吉祥码","author":"Mr.Hope","time":"2021年7月12日","shareable":true,"content":[{"tag":"list","header":false,"content":[{"text":"吉祥码简介","icon":"intro","path":"guide/prepare/jixiang-code/intro"},{"text":"注册吉祥码","icon":"time","path":"guide/prepare/jixiang-code/register"},{"text":"吉祥码常见问题","icon":"faq","path":"guide/prepare/jixiang-code/faq"}]}],"images":[],"id":"guide/prepare/jixiang-code/index","scopeData":{"@type":"general","uniq_id":"guide/prepare/jixiang-code/index","title":"吉祥码","digest":"","thumbs":["https://mp.innenu.com/img/inNENU.jpg"],"tags":[]}}