{"title":"净月超市","author":"Mr.Hope","time":"2020年8月31日","shareable":true,"content":[{"tag":"title","text":"校内"},{"tag":"text","text":["净月超市位于校区二食堂一楼"]},{"tag":"phone","header":"服务电话","num":"13159611100","fName":"净月超市服务电话","org":"东北师范大学"},{"tag":"text","text":["身处本部的 Mr.Hope 希望好心人提供净月超市的照片和介绍。请戳右下角。"],"style":"font-size: 13px;"},{"tag":"text","type":"p","heading":"超市周边","text":["净月净月超市周边包括干果店、打印店、水果店、饮品店、仿吾书店、眼镜店、服装店、药店、移动运营店、电脑维修店等。"],"style":"text-indent: 1.5em; "},{"tag":"title","text":"净月校外"},{"tag":"text","type":"ol","heading":"沃尔玛","text":["步行(捷径): 从体育场旁边的小门出去，穿过小区，右转便是，大约 10 分钟路程。","公交:\n ①120路副B线: 05:50-18:00；1元，约23分钟。(东北师范大学站上车，吉林警察学院站下车)\n ②158路东环: 06:00-18:30；1元，约31分钟。(吉林财经大学上车，迅驰广场下车)\n 160路或轻轨三号线转158路东环: \n  05:30-18:00，2元(东北师范大学站上车，金屏街站下车)[160路]\n  06:00-21:00，2元(东北师大入口进，华桥外院入口出)[轻轨三号线]\n  06:00-18:30；1元，(净月大街站上车，迅驰广场站下车)[158路东环]\n 约29分钟。"]}],"images":[],"id":"guide/shop/jingyue","scopeData":{"@type":"general","uniq_id":"guide/shop/jingyue","title":"净月超市","digest":"净月超市位于校区二食堂一楼身处本部的 Mr.Hope 希望好心人提供净月超市的照片和介绍。请戳右下角。超市周边 净月净月超市周边包括干果店、打印店、水果店、饮品店、仿吾书店、眼镜店、服装店、药店、移动运营店、电脑维修店等。沃尔玛 步行(捷径","thumbs":["https://mp.innenu.com/img/inNENU.jpg"],"tags":["校内","净月校外"]}}