{"title":"科研平台","desc":"来源: 环境学院官网","time":"2021年7月8日","shareable":true,"content":[{"tag":"p","text":["学院目前建有科研实验平台10个，其中国家级平台1个，省部级平台6个，校级平台3个"],"style":"text-indent: 1.5em; "},{"tag":"ul","text":["国家环境保护湿地生态与植被恢复重点实验室","植被生态科学教育部重点实验室","吉林省生态恢复与生态系统管理实验室","吉林省动物资源保护与利用重点实验室","吉林省生态安全与环境灾害预警研究中心","吉林省城市污水处理与水质保障科技创新中心","吉林省水污染控制与资源化工程实验室","东北师范大学环境工程研究中心","东北师范大学综合灾害风险管理研究中心","东北师范大学自然灾害研究所"]}],"images":[],"id":"intro/school/environment/platform","scopeData":{"@type":"general","uniq_id":"intro/school/environment/platform","title":"科研平台","digest":"学院目前建有科研实验平台10个，其中国家级平台1个，省部级平台6个，校级平台3个国家环境保护湿地生态与植被恢复重点实验室 植被生态科学教育部重点实验室 吉林省生态恢复与生态系统管理实验室 吉林省动物资源保护与利用重点实验室 吉林省生态安全与","thumbs":["https://mp.innenu.com/img/inNENU.jpg"],"tags":[]}}