{"title":"公共事业(教育)管理专业","desc":"来源: 教育学部官网","time":"2021年7月9日","shareable":true,"content":[{"tag":"text","type":"warning","text":["2019年起该专业停招"]},{"tag":"title","text":"专业类别"},{"tag":"p","text":["非公费师范类专业"],"style":"text-indent: 1.5em; "},{"tag":"title","text":"培养目标"},{"tag":"p","text":["旨在培养理解和掌握公共事业管理，特别是教育管理的基础知识、基本理论和基本技能，具有现代教育及管理理念，具有社会责任感和良好的品德修养，具备进一步学习及研究的知识和能力，具备在各类学校或机构从事教育教学、科学研究、部门管理的综合素质，成为从事这些方面工作的专门人才。"],"style":"text-indent: 1.5em; "},{"tag":"title","text":"主干课程"},{"tag":"ul","text":["教育概论","中国教育史","外国教育史","教育研究方法","西方管理思想史","教育统计","管理学基础","公共管理","学校管理","教育行政","教育法学","教育经济","教育政策","教育社会学","教育督导","教育评价","普通心理学","发展心理学"]},{"tag":"title","text":"就业方向"},{"tag":"p","text":["教育教学管理人员、教育科研人员、各级各类学校教学人员。"],"style":"text-indent: 1.5em; "}],"images":[],"id":"intro/school/education/public","scopeData":{"@type":"general","uniq_id":"intro/school/education/public","title":"公共事业(教育)管理专业","digest":"2019年起该专业停招非公费师范类专业旨在培养理解和掌握公共事业管理，特别是教育管理的基础知识、基本理论和基本技能，具有现代教育及管理理念，具有社会责任感和良好的品德修养，具备进一步学习及研究的知识和能力，具备在各类学校或机构从事教育教学、","thumbs":["https://mp.innenu.com/img/inNENU.jpg"],"tags":["专业类别","培养目标","主干课程","就业方向"]}}