{"title":"洗漱间","desc":"研究生洗漱间图片来自东北师范大学招生办微信公众号","author":"Mr.Hope","time":"2020年8月16日","shareable":true,"content":[{"tag":"p","text":["洗漱间全天供应冷水。生活热水每日使用量固定为 18 升(部分新生需要先在生活用水补助机上刷卡进行激活，激活之后应该立即可用)"],"style":"text-indent: 1.5em; "},{"tag":"title","text":"使用方式"},{"tag":"p","text":["将校园卡插入洗漱间水龙头上方的读卡机，此时机器会显示你的当日总配额(0018L)和你已经使用的升数。读卡器是红外感应的，只需要将水龙头打开，用手在机器面前晃一下，即可控制热水得流出与停止。"],"style":"text-indent: 1.5em; "},{"tag":"title","text":"热水供应时间"},{"tag":"ul","heading":"本部校区","text":["5:00 - 8:00","21:00 - 23:00"]},{"tag":"ul","heading":"净月校区","text":["6:00 - 8:00","19:00 - 22:00","(天华公寓全天供应)"]},{"tag":"title","text":"生活用水圈存"},{"tag":"p","text":["如果觉得每日 18 升水不够的话，您可以利用生活用水补助机对生活用水小钱包进行圈存。","将卡放置于生活用水补助机的读卡区，在生活用水补助机上输入金额，按两次确定键即可对生活用水进行圈存。","每日用水超过 18 升后，按照 ￥0.2/升 扣除，圈存金额扣完后会立即停止出水。"],"style":"text-indent: 1.5em; "},{"tag":"ul","heading":"生活用水补助机地点","text":["北苑大厅西墙，超市楼梯口附近(本部)","各寝室楼入口处"]},{"tag":"img","src":"https://mp.innenu.com/img/dorm/washing1.jpg","desc":"图为本部三舍 AB 洗漱区"},{"tag":"img","src":"https://mp.innenu.com/img/dorm/washing2.jpg","desc":"图为本部三舍 C 洗漱区"},{"tag":"img","src":"https://mp.innenu.com/img/dorm/washing3.jpg","desc":"图为净月公寓洗漱区"},{"tag":"img","src":"https://mp.innenu.com/img/dorm/washing4.jpg","desc":"图为研究生洗漱区"},{"tag":"title","text":"无法正常使用"},{"tag":"list","header":"请考虑重新激活","content":[{"text":"如何激活生活用水","icon":"card","path":"guide/card/prepare"}]},{"tag":"title","text":"洗漱间内设施"},{"tag":"p","heading":"吹风机","text":["女生寝室楼每层楼都有一个或两个吹风机，插一卡通就可以使用。","吹风机价格为 0.15元/分钟。"],"style":"text-indent: 1.5em; "},{"tag":"img","src":"https://mp.innenu.com/img/dorm/hair-dryer.jpg"},{"tag":"p","heading":"洗衣机","text":["洗衣机是单筒洗衣机，可洗可甩干。","大部分寝室楼的每个楼层有两个洗衣机(三舍 B 只有一台)。","洗衣机为刷卡使用，根据所需洗涤方式刷卡，刷卡完毕后将洗衣机盖关闭即可洗衣。","洗衣用的洗衣液或洗衣粉需自己准备，在洗衣前加入洗衣机内。"],"style":"text-indent: 1.5em; "},{"tag":"list","header":false,"content":[{"text":"洗衣机详细使用说明","icon":"washer","path":"guide/dorm/detail/washer"}]},{"tag":"img","src":"https://mp.innenu.com/img/dorm/washer.jpg"},{"tag":"title","text":"Mr.Hope の 吐糟"},{"tag":"p","heading":"仅三舍","text":["公共洗漱间也意味着水龙头有限，以 Mr.Hope 的个人经验，大部分爱玩的少爷们显然会玩电脑玩手机到熄灯前十分钟，也就是 22:50，才会拿起盆、毛巾、洗面奶去洗漱。Mr.Hope 所在的 B 座 9 层有 11 个水龙头，只有8个能出热水，所以那个时间段肯定会人数爆满。早上起来的时间段也是，如果你不早起，你可能就要面临着不洗头直接上课和排队洗头迟到二选一。三舍女寝这边虽然我看不到，显然各位小姐们不会像大少爷们这样三分钟就把脸和脚洗完了，估计得从 22:30 人就不会少。"],"style":"text-indent: 1.5em; "}],"images":["https://mp.innenu.com/img/dorm/washing1.jpg","https://mp.innenu.com/img/dorm/washing2.jpg","https://mp.innenu.com/img/dorm/washing3.jpg","https://mp.innenu.com/img/dorm/washing4.jpg","https://mp.innenu.com/img/dorm/hair-dryer.jpg","https://mp.innenu.com/img/dorm/washer.jpg"],"id":"guide/dorm/detail/washing","scopeData":{"@type":"general","uniq_id":"guide/dorm/detail/washing","cover":"https://mp.innenu.com/img/dorm/washing1.jpg","title":"洗漱间","digest":"洗漱间全天供应冷水。生活热水每日使用量固定为 18 升(部分新生需要先在生活用水补助机上刷卡进行激活，激活之后应该立即可用)将校园卡插入洗漱间水龙头上方的读卡机，此时机器会显示你的当日总配额(0018L)和你已经使用的升数。读卡器是红外感应","thumbs":["https://mp.innenu.com/img/dorm/washing1.jpg","https://mp.innenu.com/img/dorm/washing2.jpg","https://mp.innenu.com/img/dorm/washing3.jpg","https://mp.innenu.com/img/dorm/washing4.jpg","https://mp.innenu.com/img/dorm/hair-dryer.jpg","https://mp.innenu.com/img/dorm/washer.jpg"],"tags":["使用方式","热水供应时间","生活用水圈存","无法正常使用","洗漱间内设施","Mr.Hope の 吐糟"]}}