{"title":"信息化办","author":"Mr.Hope","time":"2020年9月1日","shareable":true,"content":[{"tag":"p","text":["如果要办理校园卡开户、销户、基本信息变更、补卡、换卡等相关业务，可以到信息化办办理。"],"style":"text-indent: 1.5em; "},{"tag":"title","text":"地址"},{"tag":"ul","text":["本部: 田家炳楼 213(二楼右手边)","净月: 冬华公寓 2 楼"]},{"tag":"title","text":"工作时间"},{"tag":"ul","text":["周一到周五: 8:00 - 18:00","周六到周日: 8:30 - 11:30, 13:30 - 16:30"]},{"tag":"text","text":["平时工作日中午去信息化办办理业务的时候建议小声一些，尽量不要打扰部分工作人员的午休。"],"style":"font-size: 14px;color: #888;"},{"tag":"title","text":"联系电话"},{"tag":"phone","header":"咨询电话","num":"0431-85099005","fName":"信息化办人工服务电话","org":"东北师范大学"},{"tag":"phone","header":"24小时自助服务电话","num":"0431-85099119","fName":"信息化办24小时自助服务电话","org":"东北师范大学"},{"tag":"ul","heading":"其他联系方式","text":["微信公众平台: 东师信息化办","官方QQ: 1309969928","电子邮件: dsxxb@nenu.edu.cn"]}],"images":[],"id":"guide/card/office","scopeData":{"@type":"general","uniq_id":"guide/card/office","title":"信息化办","digest":"如果要办理校园卡开户、销户、基本信息变更、补卡、换卡等相关业务，可以到信息化办办理。本部: 田家炳楼 213(二楼右手边) 净月: 冬华公寓 2 楼周一到周五: 8:00 - 18:00 周六到周日: 8:30 - 11:30, 13:30","thumbs":["https://mp.innenu.com/img/inNENU.jpg"],"tags":["地址","工作时间","联系电话"]}}