{"title":"俄语","desc":"","time":"2021年7月10日","shareable":true,"content":[{"tag":"title","text":"培养目标"},{"tag":"p","text":["旨在培养具有扎实的俄语语言基础知识、较强的俄语语言综合应用能力、良好的人文素质，且具有创新精神和独立从事教学、科学研究能力的高层次俄语人才。本科毕业后可以从事科学研究、教育教学、外事外贸、商务管理等领域的工作。","以培养复合型俄语专门人才为目标，开设基础俄语、中级俄语、高级俄语、俄语视听说、俄语阅读、俄语写作、俄语理论语法、俄罗斯国情、俄罗斯文学、俄汉翻译、俄语课程教学论、俄语教学技能训练、经贸俄语、俄罗斯经济、俄罗斯经贸法规、第二外语等课程。"],"style":"text-indent: 1.5em; "}],"images":[],"id":"intro/school/foreign/russia","scopeData":{"@type":"general","uniq_id":"intro/school/foreign/russia","title":"俄语","digest":"旨在培养具有扎实的俄语语言基础知识、较强的俄语语言综合应用能力、良好的人文素质，且具有创新精神和独立从事教学、科学研究能力的高层次俄语人才。本科毕业后可以从事科学研究、教育教学、外事外贸、商务管理等领域的工作。 以培养复合型俄语专门人才为目","thumbs":["https://mp.innenu.com/img/inNENU.jpg"],"tags":["培养目标"]}}