{"title":"2020 秋季学期","content":[{"title":"8 月","icon":"./icon/study.svg","text":"非新生年级报到时间: 8 月 14 - 16 日\n2020 春季学期考试时间: 8 月 17 - 22 日\n春季学期成绩录入工作: 8 月 23 - 28 日\n线上无法完成的课程实践教学: 8 月 23 - 28 日\n研究生新生报到时间: 8 月 25 - 26 日\n8 月 31 日: 2017 级公费师范生应用实践开始"},{"title":"9 月","icon":"./icon/study.svg","text":"本科新生报到时间: 9 月 5 - 6 日\n本科生体检: 9 月 5 - 6 日，12 - 13 日全天(8:00 － 16:30)\n研究生体检: 暂未通知\n本科英语分班考试: 9 月 12 日 8:00 — 10:30\n新生体测: 9 月 12 日 12:00 — 9 月 13 日 17:00"},{"title":"10 月","icon":"./icon/study.svg","text":"国庆节: 10 月 1 日至 8 日\n9 月 27 日(周日)、10 月 10 日(周六)上课\n10 月 31 日: 2017 级公费师范生应用实践结束"},{"title":"11 月","icon":"./icon/study.svg","text":"无"},{"title":"12 月","icon":"./icon/study.svg","text":"12 月 20 日: 研究生考试"},{"title":"1 月","icon":"./icon/study.svg","text":"1 月 11 日至 1 月 21 日: 考试周\n放假日期: 1 月 22 日"}]}