{"title":"信息科学与技术学院","grey":true,"author":"Mr.Hope","time":"2020年8月5日","shareable":true,"content":[{"tag":"list","content":[{"text":"学院简介","icon":"/icon/about.svg","base64Icon":"about","path":"intro/school/ist/intro"},{"text":"专业介绍","icon":"/module/icon/info.svg","base64Icon":"info","path":"intro/school/ist/enroll"}]}],"images":[],"id":"intro/school/ist/index","scopeData":{"@type":"general","uniq_id":"intro/school/ist/index","title":"信息科学与技术学院","digest":"","thumbs":["https://mp.innenu.com/img/inNENU.jpg"],"tags":[]}}